SARIMA,ETS,Theta,Ensemble,ticker,date
9062402924.229216,6937737218.401387,12782475050.52091,9594205064.383837,396690,2026-03-31
15547539990.786285,7762943019.399118,12910533919.057674,12073672309.74769,396690,2026-06-30
639316914.958065,7892450237.185612,13038592787.59444,7190119979.912705,396690,2026-09-30
28414005040.7783,7323413439.128609,13166651656.131205,16301356712.012703,396690,2026-12-31
-17989800908.566483,7396930307.22967,13294710524.667969,900613307.7770519,396690,2027-03-31
61996423484.96988,8222136108.227401,13422769393.204735,27880442995.467335,396690,2027-06-30
-82018182248.11023,8351643326.013893,13550828261.741499,-20038570220.118282,396690,2027-09-30
171652361193.44873,7782606527.95689,13678887130.278263,64371284950.56129,396690,2027-12-31
-270259892215.31287,7856123396.057952,13806945998.81503,-82865607606.8133,396690,2028-03-31
1.2909091813374588e+29,5439819076.613658,3298313901.6119432,4.303030604458196e+28,397030,2025-09-30
8.450508766994259e+30,52193513.18968654,3435977811.3863792,2.816836255664753e+30,397030,2025-12-31
5.531845264828057e+32,1655182125.2023928,3573641721.1608152,1.8439484216093522e+32,397030,2026-03-31
3.6212390138594095e+34,536172695.0115528,3711305630.935251,1.20707967128647e+34,397030,2026-06-30
2.3705240055923845e+36,5522056593.281271,3848969540.709687,7.901746685307948e+35,397030,2026-09-30
1.5517849110713048e+38,134431029.8572998,3986633450.484123,5.172616370237683e+37,397030,2026-12-31
1.0158245200418541e+40,1737419641.8700058,4124297360.258559,3.386081733472847e+39,397030,2027-03-31
6.649758276138099e+41,618410211.6791661,4261961270.032995,2.216586092046033e+41,397030,2027-06-30
4.353043686053691e+43,5604294109.948884,4399625179.807431,1.451014562017897e+43,397030,2027-09-30
11768354523.16129,10320298126.713367,12195926471.329563,11428193040.401407,400760,2026-03-31
17112763433.772814,10160409514.512491,12204436747.562407,13159203231.949236,400760,2026-06-30
18426615795.948784,10392738420.9057,12212947023.795248,13677433746.883245,400760,2026-09-30
16432826567.481838,11042097449.844019,12221457300.028091,13232127105.78465,400760,2026-12-31
15318110771.766346,10316731832.863441,12229967576.260935,12621603393.630241,400760,2027-03-31
19906000824.52124,10156843220.662563,12238477852.493778,14100440632.559195,400760,2027-06-30
21359086263.20799,10389172127.055773,12246988128.726622,14665082172.996796,400760,2027-09-30
20034477380.812508,11038531155.994093,12255498404.959465,14442835647.255356,400760,2027-12-31
19337838212.047646,10313165539.013514,12264008681.192307,13971670810.751154,400760,2028-03-31
2353235294751.691,3496051217459.8433,2718634787098.5684,2855973766436.7007,402340,2025-12-31
2816437746814.219,2845621760008.339,2771856672392.686,2811305393071.748,402340,2026-03-31
2334239548091.1387,3055191248414.6353,2825078557686.8037,2738169784730.859,402340,2026-06-30
3767635263951.929,3139574445797.846,2878300442980.9214,3261836717576.899,402340,2026-09-30
2920789757590.839,3854436487337.9233,2931522328275.039,3235582857734.6,402340,2026-12-31
3409976723767.7114,3204007029886.419,2984744213569.1567,3199575989074.429,402340,2027-03-31
2927778525044.631,3413576518292.7153,3037966098863.2744,3126440380733.5405,402340,2027-06-30
4361174240905.421,3497959715675.9263,3091187984157.392,3650107313579.58,402340,2027-09-30
3514328734544.331,4212821757216.0034,3144409869451.51,3623853453737.2812,402340,2027-12-31
-9.67657486320641e+30,90468253642.73193,28834820081.495007,-3.225524954402137e+30,402490,2025-12-31
-1.0756710499972935e+33,99239790607.0733,29612067339.134712,-3.5855701666576446e+32,402490,2026-03-31
-1.1957414934056884e+35,102621696542.48923,30389314596.774418,-3.985804978018961e+34,402490,2026-06-30
-1.329214650757158e+37,106018916639.3555,31166561854.414124,-4.43071550252386e+36,402490,2026-09-30
-1.4775865833302065e+39,109956461463.93285,31943809112.053833,-4.925288611100688e+38,402490,2026-12-31
-1.6425203483829985e+41,118727998428.27423,32721056369.69354,-5.475067827943328e+40,402490,2027-03-31
-1.8258646398722033e+43,122109904363.69014,33498303627.333244,-6.086215466240677e+42,402490,2027-06-30
-2.029674509918637e+45,125507124460.55641,34275550884.97295,-6.76558169972879e+44,402490,2027-09-30
-2.256234403280737e+47,129444669285.13376,35052798142.612656,-7.520781344269124e+46,402490,2027-12-31
15351484744.282614,25880993696.726566,15974826207.600546,19069101549.536575,403490,2025-12-31
18023169543.8695,27073700202.406815,16552025520.670723,20549631755.649014,403490,2026-03-31
21945512268.787064,25952335316.937122,17129224833.740898,21675690806.48836,403490,2026-06-30
14694211061.508041,23242246789.71222,17706424146.811073,18547627332.677113,403490,2026-09-30
18570936014.057194,28428195954.51206,18283623459.88125,21760918476.150166,403490,2026-12-31
17884206732.930283,29620902460.19231,18860822772.951424,22121977322.02467,403490,2027-03-31
21859390191.155624,28499537574.722622,19438022086.0216,23265649950.63328,403490,2027-06-30
16539725680.180285,25789449047.49772,20015221399.091778,20781465375.589924,403490,2027-09-30
18599752674.84898,30975398212.297558,20592420712.161953,23389190533.10283,403490,2027-12-31
39742721967.22085,38102191070.557434,40968445063.62283,39604452700.46704,403870,2025-12-31
34984291638.76139,46594950469.43674,42176423417.21403,41251888508.47071,403870,2026-03-31
35950002750.11379,34662880817.22043,43384401770.805214,37999095112.71314,403870,2026-06-30
31522715293.919136,47126353419.935074,44592380124.39641,41080482946.08354,403870,2026-09-30
33989386795.12101,38305100315.95715,45800358477.9876,39364948529.68859,403870,2026-12-31
28915311535.71684,46797859714.836464,47008336831.57879,40907169360.71069,403870,2027-03-31
29881022647.06924,34865790062.620155,48216315185.16998,37654375964.953125,403870,2027-06-30
25453735190.874584,47329262665.3348,49424293538.76117,40735763798.32352,403870,2027-09-30
27920406692.076454,38508009561.35688,50632271892.35236,39020229381.928566,403870,2027-12-31
19390897440.41951,15164765560.628647,14550830289.400341,16368831096.816168,404990,2026-03-31
23690283725.9338,15239437980.418365,14767014667.214066,17898912124.522076,404990,2026-06-30
24024403332.262344,15278006386.987677,14983199045.02779,18095202921.425938,404990,2026-09-30
22813041795.2859,15344056340.88558,15199383422.841516,17785493853.00433,404990,2026-12-31
28053358766.19604,15967752144.035816,15415567800.655243,19812226236.962368,404990,2027-03-31
32603433196.678623,16042424563.825537,15631752178.468967,21425869979.65771,404990,2027-06-30
33089076769.77669,16080992970.394846,15847936556.282692,21672668765.484745,404990,2027-09-30
31969301185.17337,16147042924.292751,16064120934.096418,21393488347.854183,404990,2027-12-31
37264975647.3829,16770738727.442986,16280305311.910145,23438673228.912006,404990,2028-03-31
18610528887.841763,19892464287.059868,18804782119.778873,19102591764.893497,405100,2025-12-31
17702931802.75483,23816934568.55564,19253379702.95931,20257748691.42326,405100,2026-03-31
20370728833.1345,23149965480.86961,19701977286.139744,21074223866.714615,405100,2026-06-30
20053711337.70899,27092301631.074657,20150574869.320175,22432195946.034607,405100,2026-09-30
20603678595.79716,20908246255.733334,20599172452.50061,20703699101.3437,405100,2026-12-31
19350767895.65716,24832716537.229103,21047770035.681046,21743751489.522434,405100,2027-03-31
22372345470.78035,24165747449.54307,21496367618.86148,22678153513.061634,405100,2027-06-30
21701063473.70595,28108083599.74812,21944965202.041916,23918037425.16533,405100,2027-09-30
22605881063.58346,21924028224.406796,22393562785.22235,22307824024.4042,405100,2027-12-31
10904049610.296398,-46618639288.6072,14309920540.457539,-7134889712.617756,406820,2025-12-31
10902893702.740503,-54076346709.98412,14886399990.25624,-9429017672.329126,406820,2026-03-31
10658741343.004688,-54664504027.2331,15462879440.054941,-9514294414.72449,406820,2026-06-30
9297762928.51769,-51550523857.0986,16039358889.853643,-8737800679.575754,406820,2026-09-30
9387733263.299221,-58347406123.44759,16615838339.652344,-10781278173.498678,406820,2026-12-31
9461978917.872513,-65805113544.8245,17192317789.451046,-13050272279.166983,406820,2027-03-31
9168222795.44095,-66393270862.07348,17768797239.24975,-13152083609.127594,406820,2027-06-30
9058954958.926363,-63279290691.93898,18345276689.048447,-11958353014.654724,406820,2027-09-30
8941147668.031986,-70076172958.28796,18921756138.84715,-14071089717.136276,406820,2027-12-31
29616035273.820225,54515060323.34394,26956094009.061317,37029063202.075165,407400,2025-12-31
30655259032.33049,63240165324.18461,27447046597.48753,40447490318.00088,407400,2026-03-31
30635212359.005642,71446395839.58736,27937999185.913742,43339869128.168915,407400,2026-06-30
19629279606.165794,82525283413.28278,28428951774.339954,43527838264.596176,407400,2026-09-30
16902824370.258173,91324362749.42789,28919904362.766167,45715697160.81741,407400,2026-12-31
20070955226.76933,100049467750.26855,29410856951.19238,49843759976.07675,407400,2027-03-31
28492438677.807213,108255698265.6713,29901809539.61859,55549982161.03237,407400,2027-06-30
59881488975.53096,119334585839.36671,30392762128.044804,69869612314.31416,407400,2027-09-30
68847872068.951,128133665175.51183,30883714716.471016,75955083986.97795,407400,2027-12-31
3396662170.8470345,8081598463.8055105,4011031570.0973535,5163097401.5833,408900,2025-12-31
3306079612.002599,9475032959.046133,4133839452.809804,5638317341.286179,408900,2026-03-31
2175424427.1884985,8823986872.73132,4256647335.5222545,5085352878.480691,408900,2026-06-30
2652101142.6399693,8715533710.575363,4379455218.234705,5249030023.816679,408900,2026-09-30
2839302498.3491797,9069754365.510517,4502263100.947155,5470439988.26895,408900,2026-12-31
2359074034.000877,10463188860.751139,4625070983.659606,5815777959.47054,408900,2027-03-31
1228418849.186777,9812142774.436323,4747878866.372057,5262813496.665052,408900,2027-06-30
1705095564.6382482,9703689612.280367,4870686749.084507,5426490642.00104,408900,2027-09-30
1892296920.347458,10057910267.215523,4993494631.796958,5647900606.453313,408900,2027-12-31
25233607691.158417,49251395713.54398,20220872001.063915,31568625135.255436,408920,2025-12-31
17508182301.92885,52692555482.383125,20644301483.556225,30281679755.95607,408920,2026-03-31
20918031146.60637,49414481746.81655,21067730966.04853,30466747953.157146,408920,2026-06-30
23717281264.081844,54416342761.01036,21491160448.54084,33208261491.211018,408920,2026-09-30
29810306032.834393,52590053146.72492,21914589931.033146,34771649703.530815,408920,2026-12-31
20867379705.883286,56031212915.56408,22338019413.52545,33078870678.32427,408920,2027-03-31
24277228550.56081,52753139179.9975,22761448896.01776,33263938875.525356,408920,2027-06-30
27076478668.036285,57755000194.19131,23184878378.510067,36005452413.57922,408920,2027-09-30
33169503436.788834,55928710579.90587,23608307861.002377,37568840625.899025,408920,2027-12-31
0.0,-19573461497.06588,64916785205.62286,15114441236.185661,412540,2025-12-31
0.0,89956924610.9411,66575236299.397224,52177386970.11277,412540,2026-03-31
0.0,-40603834971.93825,68233687393.171585,9209950807.07778,412540,2026-06-30
0.0,134688186427.68257,69892138486.94594,68193441638.2095,412540,2026-09-30
0.0,-19568696986.300327,71550589580.7203,17327297531.473328,412540,2026-12-31
0.0,89961689121.70665,73209040674.49466,54390243265.40043,412540,2027-03-31
0.0,-40599070461.1727,74867491768.26901,11422807102.365438,412540,2027-06-30
0.0,134692950938.44812,76525942862.04338,70406297933.49718,412540,2027-09-30
0.0,-19563932475.534775,78184393955.81773,19540153826.760986,412540,2027-12-31
3944763449.264245,35452703538.182785,4920179815.4353,14772548934.294111,413630,2025-12-31
5891312711.814982,33862136172.83651,5042183902.9107895,14931877595.854094,413630,2026-03-31
6732731176.45308,35261106861.49858,5164187990.38628,15719342009.445978,413630,2026-06-30
6525513365.32216,37744307683.37573,5286192077.861771,16518671042.186554,413630,2026-09-30
5440357315.755606,37632239400.301186,5408196165.33726,16160264293.798018,413630,2026-12-31
6961682692.9913,36041672034.95491,5530200252.812751,16177851660.252989,413630,2027-03-31
7803101157.629397,37440642723.61698,5652204340.28824,16965316073.844872,413630,2027-06-30
7595883346.498477,39923843545.49413,5774208427.763731,17764645106.585445,413630,2027-09-30
6510727296.931923,39811775262.419586,5896212515.239222,17406238358.19691,413630,2027-12-31
10770706190.498007,11364589387.73677,10462990989.624643,10866095522.619806,417010,2025-12-31
12113441362.648035,12580118596.188005,10614854562.124643,11769471506.986895,417010,2026-03-31
12740079949.761768,14534258910.39354,10766718134.624643,12680352331.593317,417010,2026-06-30
11635733235.864128,13909259215.50617,10918581707.124643,12154524719.498314,417010,2026-09-30
12046062818.817678,12422965118.559967,11070445279.624643,11846491072.334097,417010,2026-12-31
13563313180.442745,13638494327.011202,11222308852.124641,12808038786.526197,417010,2027-03-31
14189951767.556479,15592634641.216736,11374172424.624641,13718919611.13262,417010,2027-06-30
13085605053.658838,14967634946.329367,11526035997.124641,13193091999.037615,417010,2027-09-30
13495934636.612389,13481340849.383163,11677899569.624641,12885058351.873398,417010,2027-12-31
4027532735.032368,5334055162.864908,4531640549.096923,4631076148.998066,417180,2025-12-31
3868025571.6877704,5077298839.721782,4625110979.684642,4523478463.698064,417180,2026-03-31
3716828416.974349,6124651354.368054,4718581410.272361,4853353727.204922,417180,2026-06-30
3877132554.6120954,4517526249.738978,4812051840.860081,4402236881.737052,417180,2026-09-30
3498029306.3680873,5840350910.958499,4905522271.4478,4747967496.258128,417180,2026-12-31
3339771453.646856,5583594587.815372,4998992702.035519,4640786247.832582,417180,2027-03-31
3182806793.339004,6630947102.461646,5092463132.623239,4968739009.474629,417180,2027-06-30
3339936731.690673,5023821997.83257,5185933563.210958,4516564097.578067,417180,2027-09-30
2954983627.7281256,6346646659.05209,5279403993.798677,4860344760.192965,417180,2027-12-31
19613597782.059418,24041952088.536705,15921778352.348017,19859109407.648045,417500,2025-12-31
19627003446.760124,30028252040.888905,16247668480.72521,21967641322.791416,417500,2026-03-31
20828084788.757374,25990746473.71467,16573558609.102404,21130796623.85815,417500,2026-06-30
20615028867.715416,26663298804.99424,16899448737.479595,21392592136.72975,417500,2026-09-30
22278887729.59638,27508022480.40788,17225338865.85679,22337416358.62035,417500,2026-12-31
22300582079.97766,33494322432.76008,17551228994.233982,24448711168.990574,417500,2027-03-31
22317040499.438416,29456816865.585846,17877119122.611176,23216992162.545147,417500,2027-06-30
24410009550.071617,30129369196.865417,18203009250.98837,24247462665.975132,417500,2027-09-30
27086277429.514896,30974092872.279057,18528899379.365562,25529756560.386505,417500,2027-12-31
17574023399.72294,30421066763.98391,13264091484.860912,20419727216.189255,417790,2025-12-31
11773009712.291359,29546360695.986404,13691832181.166107,18337067529.814625,417790,2026-03-31
20735132392.808014,29586568887.28955,14119572877.471302,21480424719.18962,417790,2026-06-30
12458493731.63489,35002261618.71759,14547313573.776497,20669356308.04299,417790,2026-09-30
19984238767.88544,33752728901.573746,14975054270.081692,22904007313.180294,417790,2026-12-31
10088554526.79481,32878022833.57624,15402794966.386887,19456457442.252644,417790,2027-03-31
22652361439.667564,32918231024.879395,15830535662.692081,23800376042.413013,417790,2027-06-30
10410070824.721024,38333923756.30742,16258276358.997276,21667423646.67524,417790,2027-09-30
23189671482.925827,37084391039.16358,16686017055.302471,25653359859.130627,417790,2027-12-31
10381856958.034,19404103097.28101,12256537038.587742,14014165697.967585,417840,2025-12-31
11792847530.572388,19895967635.409325,12570244039.532015,14753019735.171242,417840,2026-03-31
10096062698.164648,20905076515.12082,12883951040.476288,14628363417.920586,417840,2026-06-30
9880697086.298286,16112522946.257137,13197658041.420559,13063626024.65866,417840,2026-09-30
9612783536.21924,21401406675.402416,13511365042.364832,14841851751.328829,417840,2026-12-31
10745037318.268646,21893271213.53073,13825072043.309105,15487793525.036161,417840,2027-03-31
9048252485.860905,22902380093.242226,14138779044.253376,15363137207.785501,417840,2027-06-30
8832886873.994547,18109826524.378544,14452486045.197649,13798399814.52358,417840,2027-09-30
8564973323.915499,23398710253.52382,14766193046.141922,15576625541.193747,417840,2027-12-31
6063744532.826227,5801531635.084728,6234680022.044169,6033318729.985042,417860,2025-12-31
6854584214.163697,5377957725.871824,6316838208.351187,6183126716.128903,417860,2026-03-31
8282841705.955853,6848233548.891357,6398996394.658204,7176690549.835137,417860,2026-06-30
8112477009.550713,5018664663.665369,6481154580.965221,6537432084.727101,417860,2026-09-30
7853772519.74658,6083483299.182366,6563312767.27224,6833522862.067062,417860,2026-12-31
8647824239.040533,5659909389.969463,6645470953.579257,6984401527.529751,417860,2027-03-31
10075587258.96024,7130185212.988996,6727629139.886274,7977800537.278503,417860,2027-06-30
9901032322.506113,5300616327.763006,6809787326.193293,7337145325.48747,417860,2027-09-30
9642938433.417076,6365434963.280005,6891945512.50031,7633439636.399131,417860,2027-12-31
463670089.91472226,335523924.58617514,247496702.57637727,348896905.6924249,418250,2025-12-31
-271957322.74406934,412736646.01584643,250157031.7087302,130312118.32683575,418250,2026-03-31
-547255964.1020525,464595220.38087255,252817360.84108314,56718872.37330108,418250,2026-06-30
-870606114.7366968,372956799.4968512,255477689.97343606,-80723875.08880319,418250,2026-09-30
-951618847.2721201,345526779.0421379,258138019.105789,-115984683.0413977,418250,2026-12-31
-2137803400.0827823,422739500.47180927,260798348.23814192,-484755183.7909436,418250,2027-03-31
-2944803570.9155846,474598074.8368353,263458677.37049487,-735582272.9027514,418250,2027-06-30
-3895613573.4805956,382959653.952814,266119006.5028478,-1082178304.3416445,418250,2027-09-30
-4717090352.025732,355529633.49810076,268779335.63520074,-1364260460.9641438,418250,2027-12-31
5779162452.852582,9982928696.161661,2478799594.334707,6080296914.44965,418420,2025-12-31
277356310.23156023,10069065243.504457,2539818986.466286,4295413513.400767,418420,2026-03-31
7136578083.234966,10313233358.427402,2600838378.597865,6683549940.086745,418420,2026-06-30
-4121594954.4086294,11428049057.183191,2661857770.729444,3322770624.501335,418420,2026-09-30
13105501554.425594,10850959427.52925,2722877162.861023,8893112714.938622,418420,2026-12-31
-11485845080.482891,10937095974.872047,2783896554.992602,745049149.7939194,418420,2027-03-31
23925341369.966415,11181264089.794992,2844915947.124181,12650507135.62853,418420,2027-06-30
-26039227710.195213,12296079788.55078,2905935339.25576,-3612404194.129558,418420,2027-09-30
46944820426.66914,11718990158.896837,2966954731.3873386,20543588438.98444,418420,2027-12-31
25632561549.57902,33978897302.17226,24821146151.148098,28144201667.63313,418470,2026-03-31
26254064169.35214,38348512257.834,25585385486.679573,30062653971.288574,418470,2026-06-30
28376357037.834682,38558547428.989334,26349624822.211052,31094843096.34502,418470,2026-09-30
30028173593.351017,43129641522.37979,27113864157.742527,33423893091.157776,418470,2026-12-31
31065266441.362022,39428610247.84265,27878103493.274002,32790660060.82623,418470,2027-03-31
31674114030.68124,43798225203.504395,28642342828.805477,34704894020.99704,418470,2027-06-30
33809069373.797337,44008260374.65973,29406582164.336952,35741303970.931335,418470,2027-09-30
35302711251.7616,48579354468.050186,30170821499.86843,38017629073.22674,418470,2027-12-31
36405790311.15788,44878323193.51305,30935060835.399906,37406391446.69028,418470,2028-03-31
15988365973.203499,16497940654.14018,15867651288.611198,16117985971.98496,418550,2025-12-31
12510094292.212662,15954826934.056526,17328054574.863827,15264325267.044336,418550,2026-03-31
11518628372.8189,16500116490.03043,17626207614.86646,15214984159.238596,418550,2026-06-30
11914676828.257322,16503439785.030945,17655449471.409264,15357855361.565844,418550,2026-09-30
11657800724.941172,16504440194.056583,17634835165.496716,15265692028.164825,418550,2026-12-31
8330209642.285999,15961326473.97293,19095238451.749348,14462258189.336092,418550,2027-03-31
7338743722.892236,16506616029.946833,19393391491.751976,14412917081.53035,418550,2027-06-30
7734792178.330662,16509939324.947348,19422633348.29478,14555788283.857595,418550,2027-09-30
7477916075.014511,16510939733.972988,19402019042.382236,14463624950.45658,418550,2027-12-31
41554244019.376625,30506785649.594616,36510821208.084076,36190616959.01844,419050,2025-12-31
40244037703.23786,30732981413.091152,37059810366.510544,36012276494.279854,419050,2026-03-31
44398073043.30014,32759941999.85184,37608799524.93702,38255604856.02966,419050,2026-06-30
48376753306.97306,37138815990.05186,38157788683.36349,41224452660.12946,419050,2026-09-30
50287795900.257935,29877809869.274918,38706777841.789955,39624127870.44094,419050,2026-12-31
48946828382.112656,30104005632.771454,39255767000.21643,39435533671.70018,419050,2027-03-31
53100863722.174934,32130966219.532143,39804756158.6429,41678862033.44999,419050,2027-06-30
57079543985.847855,36509840209.73216,40353745317.06937,44647709837.5498,419050,2027-09-30
58990586579.13272,29248834088.95522,40902734475.49584,43047385047.86126,419050,2027-12-31
-1.4966199855609376e+33,6176330583.926367,4991256214.367545,-4.988733285203125e+32,419120,2025-12-31
2.415557791611278e+34,4809036804.216322,5097390514.372705,8.051859305370927e+33,419120,2026-03-31
-3.8987315046561694e+35,4406653588.649023,5203524814.377865,-1.299577168218723e+35,419120,2026-06-30
6.292586907952133e+36,4874692498.050741,5309659114.383025,2.0975289693173776e+36,419120,2026-09-30
-1.0156290564889746e+38,6470317532.579128,5415793414.3881855,-3.385430188296582e+37,419120,2026-12-31
1.639234221903997e+39,5103023752.869083,5521927714.393345,5.4641140730133236e+38,419120,2027-03-31
-2.6457384387474075e+40,4700640537.301785,5628062014.398505,-8.819128129158025e+39,419120,2027-06-30
4.270245089280128e+41,5168679446.703504,5734196314.403665,1.4234150297600425e+41,419120,2027-09-30
-6.892213098417315e+42,6764304481.231891,5840330614.408825,-2.297404366139105e+42,419120,2027-12-31
6158557143.129276,5509570098.33461,4626939407.238138,5431688882.900675,419540,2025-12-31
5229551959.769737,4313924641.701576,4714249503.8095665,4752575368.42696,419540,2026-03-31
4450524035.98162,5318637307.626808,4801559600.380996,4856906981.329808,419540,2026-06-30
3434235029.8688345,4870376984.260711,4888869696.952424,4397827237.027324,419540,2026-09-30
6449343621.13214,5662597788.942214,4976179793.523852,5696040401.199402,419540,2026-12-31
3973229264.755316,4466952332.309179,5063489890.095282,4501223829.053259,419540,2027-03-31
4393204088.794566,5471664998.234412,5150799986.66671,5005223024.565229,419540,2027-06-30
3891085922.45559,5023404674.868314,5238110083.238138,4717533560.187347,419540,2027-09-30
6309993259.509537,5815625479.549817,5325420179.809567,5817012972.956306,419540,2027-12-31
1428969045.4163797,2182128214.4343224,2089330332.3956041,1900142530.7487688,424960,2025-12-31
2290114157.4995694,3019688623.8371325,2155399674.6088395,2488400818.648514,424960,2026-03-31
2309406950.502425,2725270120.387721,2221469016.822075,2418715362.57074,424960,2026-06-30
2079351296.165142,2843241677.085595,2287538359.03531,2403377110.762016,424960,2026-09-30
1900078360.1420696,2634123040.281414,2353607701.248545,2295936367.22401,424960,2026-12-31
2642870316.6520786,3471683449.684224,2419677043.4617805,2844743603.266028,424960,2027-03-31
2662163109.654934,3177264946.2348127,2485746385.675016,2775058147.188254,424960,2027-06-30
2432107455.317651,3295236502.932687,2551815727.8882513,2759719895.3795295,424960,2027-09-30
2252834519.294578,3086117866.1285057,2617885070.101486,2652279151.8415236,424960,2027-12-31
7179271815.868847,52820274318.319435,5133143352.181605,21710896495.456627,424980,2025-12-31
6619081714.663086,58133203595.702446,5245952074.78536,23332745795.050297,424980,2026-03-31
6542519892.177686,58064517365.747734,5358760797.389114,23321932685.104847,424980,2026-06-30
6549100530.129278,55830974594.83756,5471569519.992869,22617214881.653236,424980,2026-09-30
6595899868.450393,56758512340.07469,5584378242.596624,22979596817.04057,424980,2026-12-31
6591295246.449142,62071441617.4577,5697186965.200379,24786641276.369076,424980,2027-03-31
6514733423.963741,62002755387.50299,5809995687.804134,24775828166.423626,424980,2027-06-30
6521314061.915334,59769212616.59282,5922804410.407889,24071110362.972015,424980,2027-09-30
6568113400.236448,60696750361.82994,6035613133.011644,24433492298.359344,424980,2027-12-31
70331775782.34737,180797721069.59192,59798389400.32467,103642628750.75464,425040,2025-12-31
101614784155.97408,191218852774.25015,61631420439.0974,118155019123.10722,425040,2026-03-31
101844183740.04675,205271208919.9556,63464451477.870125,123526614712.62415,425040,2026-06-30
66005875463.9812,200991982134.7823,65297482516.64285,110765113371.80212,425040,2026-09-30
93896082306.64505,221678093642.60315,67130513555.41557,127568229834.88792,425040,2026-12-31
112752058583.07964,232099225347.26138,68963544594.18831,137938276174.8431,425040,2027-03-31
123105908358.43684,246151581492.96683,70796575632.96103,146684688494.78824,425040,2027-06-30
86357619140.4076,241872354707.79352,72629606671.73376,133619860173.31163,425040,2027-09-30
120842967488.30568,262558466215.61438,74462637710.50648,152621357138.14218,425040,2027-12-31
10669586030.400831,8341733525.469698,11121515841.944502,10044278465.938345,432430,2025-12-31
19606043380.484688,12029241653.073902,11433393221.613619,14356226085.057404,432430,2026-03-31
16830331310.066439,12034240634.250935,11745270601.282738,13536614181.866705,432430,2026-06-30
13095582996.476059,11461624651.352272,12057147980.951855,12204785209.593393,432430,2026-09-30
13707021495.427315,9774175718.52093,12369025360.620972,11950074191.523071,432430,2026-12-31
24521253605.5537,13461683846.125134,12680902740.29009,16887946730.65631,432430,2027-03-31
21895500617.251858,13466682827.302166,12992780119.959208,16118321188.171076,432430,2027-06-30
16542821412.887394,12894066844.403503,13304657499.628326,14247181918.973074,432430,2027-09-30
16933516586.824522,11206617911.57216,13616534879.297443,13918889792.564707,432430,2027-12-31
8328616149.283844,15326657499.323292,10635429644.24239,11430234430.949842,432470,2025-12-31
13684724544.201023,23854089926.22839,11009084719.661507,16182633063.36364,432470,2026-03-31
12540296431.054422,21321918122.68295,11382739795.080624,15081651449.605997,432470,2026-06-30
10411271736.460522,20806218396.679245,11756394870.499743,14324628334.546503,432470,2026-09-30
8880532486.053656,17902695406.902306,12130049945.91886,12971092612.958275,432470,2026-12-31
15391003844.082792,26430127833.8074,12503705021.337978,18108278899.74272,432470,2027-03-31
14246575730.936192,23897956030.261963,12877360096.757095,17007297285.985083,432470,2027-06-30
12117551036.342289,23382256304.25826,13251015172.176212,16250274170.925589,432470,2027-09-30
10586811785.935423,20478733314.48132,13624670247.595331,14896738449.337357,432470,2027-12-31
-1.5484830778213524e+146,5470091920.367659,4691847929.595464,-5.161610259404508e+145,434480,2025-12-31
-1.4084570263948315e+158,5536150106.942,4817748621.382228,-4.694856754649438e+157,434480,2026-03-31
-1.281093234801133e+170,7031072780.702304,4943649313.168993,-4.270310782670443e+169,434480,2026-06-30
-1.1652466816500192e+182,6331465495.707887,5069550004.955757,-3.884155605500064e+181,434480,2026-09-30
-1.0598758874151385e+194,6305795911.856224,5195450696.742522,-3.5329196247171283e+193,434480,2026-12-31
-9.640335513621489e+205,6371854098.430566,5321351388.529287,-3.213445171207163e+205,434480,2027-03-31
-8.768580351596389e+217,7866776772.190869,5447252080.3160515,-2.922860117198796e+217,434480,2027-06-30
-7.975656166091102e+229,7167169487.196453,5573152772.102817,-2.6585520553637005e+229,434480,2027-09-30
-7.254434438537831e+241,7141499903.34479,5699053463.889582,-2.4181448128459434e+241,434480,2027-12-31
21508165225.16877,21847841363.965405,23237820570.73879,22197942386.624317,437730,2025-12-31
22445812945.491734,19398599252.937515,23972179902.138786,21938864033.52268,437730,2026-03-31
21749968945.51628,18214481368.09638,24706539233.538788,21556996515.717148,437730,2026-06-30
18408087227.02268,22980493676.80833,25440898564.938786,22276493156.256596,437730,2026-09-30
17945179752.545494,21856025840.83802,26175257896.338787,21992154496.5741,437730,2026-12-31
18702490386.02983,19406783729.81013,26909617227.738785,21672963781.192917,437730,2027-03-31
18006646386.05438,18222665844.968994,27643976559.138786,21291096263.387386,437730,2027-06-30
14664764667.560776,22988678153.680946,28378335890.538784,22010592903.926834,437730,2027-09-30
14201857193.083593,21864210317.71064,29112695221.938786,21726254244.24434,437730,2027-12-31
2018663026.8820844,2681094946.7634993,1055081359.377074,1918279777.6742194,438700,2025-12-31
760495491.3139489,1871290542.3635736,1080384490.362368,1237390174.6799636,438700,2026-03-31
446572075.4648112,1835509093.160832,1105687621.3476622,1129256263.3244352,438700,2026-06-30
575558848.0405762,1852695374.4182982,1130990752.3329563,1186414991.597277,438700,2026-09-30
1908433294.3447175,2949656291.452068,1156293883.3182504,2004794489.705012,438700,2026-12-31
641063573.9818832,2139851887.0521424,1181597014.3035445,1320837491.77919,438700,2027-03-31
328327040.754435,2104070437.8494005,1206900145.2888386,1213099207.9642248,438700,2027-06-30
457160731.1666599,2121256719.1068668,1232203276.2741327,1270206908.8492198,438700,2027-09-30
1790054921.7558432,3218217636.1406364,1257506407.2594268,2088592988.3853023,438700,2027-12-31
40683086516.39647,28620863245.031593,24949028077.731934,31417659279.72,440110,2025-12-31
32675337313.21738,27013958120.007797,25553636396.670532,28414310609.965237,440110,2026-03-31
36886645748.831154,28224051728.0409,26158244715.609127,30422980730.82706,440110,2026-06-30
38523389502.24675,24931469255.049877,26762853034.547726,30072570597.281452,440110,2026-09-30
54537725317.969864,29663186571.761417,27367461353.48632,37189457747.7392,440110,2026-12-31
45553125972.458824,28056281446.73762,27972069672.42492,33860492363.87379,440110,2027-03-31
50033224793.72526,29266375054.770725,28576677991.363514,35958759279.95316,440110,2027-06-30
51630589049.09395,25973792581.779697,29181286310.302113,35595222647.058586,440110,2027-09-30
68330084164.338844,30705509898.49124,29785894629.240707,42940496230.69026,440110,2027-12-31
1329744038.5490942,4297351016.473844,4462677206.185063,3363257420.4026666,440290,2025-12-31
3290747104.6365337,4298029674.735251,4556445174.170951,4048407317.8475785,440290,2026-03-31
3299028246.3610287,4297647581.981807,4650213142.156837,4082296323.499891,440290,2026-06-30
3288948631.11526,4298112966.270981,4743981110.142725,4110347569.1763215,440290,2026-09-30
3284641744.210736,4299058965.238629,4837749078.128612,4140483262.525992,440290,2026-12-31
3296431730.376443,4299737623.500037,4931517046.114499,4175895466.6636596,440290,2027-03-31
3304712872.1009374,4299355530.7465925,5025285014.100387,4209784472.315973,440290,2027-06-30
3294633256.8551693,4299820915.035767,5119052982.086273,4237835717.992403,440290,2027-09-30
3290326369.950645,4300766914.003415,5212820950.072161,4267971411.3420734,440290,2027-12-31
733684453185.0437,1347248667598.424,528394652208.8209,869775924330.7628,443060,2025-12-31
557444704409.5818,1226362791242.4768,548182091211.4312,777329862287.83,443060,2026-03-31
624641545006.2178,1354883459440.9888,567969530214.0415,849164844887.0826,443060,2026-06-30
670111294615.7628,1493906768268.4502,587756969216.6517,917258344033.6216,443060,2026-09-30
828693972763.9211,1497924465382.1335,607544408219.2621,978054282121.7723,443060,2026-12-31
732914760376.5996,1377038589026.1865,627331847221.8723,912428398874.8861,443060,2027-03-31
752180816047.4573,1505559257224.6985,647119286224.4827,968286453165.5463,443060,2027-06-30
801984240024.9835,1644582566052.1597,666906725227.093,1037824510434.7455,443060,2027-09-30
982773685630.435,1648600263165.843,686694164229.7032,1106022704341.994,443060,2027-12-31
17466146758.241295,23409140562.731907,14930949992.114712,18602079104.36264,443250,2025-12-31
13809857268.131039,23685530381.706493,15436843300.092653,17644076983.310062,443250,2026-03-31
15680333012.05808,24523209990.12806,15942736608.070595,18715426536.752247,443250,2026-06-30
16182099936.356018,28636643855.380585,16448629916.048536,20422457902.595047,443250,2026-09-30
19159916146.89461,26748599978.505573,16954523224.026478,20954346449.808887,443250,2026-12-31
15467890237.72805,27024989797.480164,17460416532.004417,19984432189.070877,443250,2027-03-31
17338365981.655094,27862669405.90173,17966309839.98236,21055781742.51306,443250,2027-06-30
17840132905.95303,31976103271.154255,18472203147.9603,22762813108.35586,443250,2027-09-30
20817949116.491623,30088059394.279243,18978096455.938244,23294701655.569702,443250,2027-12-31
2718669304.272706,1948420545.6899016,1239168883.8966691,1968752911.2864256,445680,2025-12-31
6986953193.110818,1882252030.5120893,1267941369.7177474,3379048864.4468846,445680,2026-03-31
20877918352.87954,2304391269.8750415,1296713855.538826,8159674492.764469,445680,2026-06-30
65728567846.00943,2209049328.8008246,1325486341.3599043,23087701172.05672,445680,2026-09-30
210620740601.0533,2218316180.1534653,1354258827.1809828,71397771869.46259,445680,2026-12-31
678612810246.543,2152147664.9756527,1383031313.0020611,227382663074.84024,445680,2027-03-31
2190468720595.2368,2574286904.338605,1411803798.8231397,731484937099.4662,445680,2027-06-30
7074187930074.466,2478944963.264388,1440576284.644218,2359369150440.7915,445680,2027-09-30
22850052688754.617,2488211814.617029,1469348770.4652963,7618003416446.566,445680,2027-12-31
8002671079.449182,20021502655.124187,11372674329.810913,13132282688.128092,446540,2025-12-31
6146954445.745466,20737861715.290802,11746676523.495695,12877164228.177322,446540,2026-03-31
7089548820.158781,22063762062.216614,12120678717.180477,13757996533.185293,446540,2026-06-30
8260801323.612806,24411575461.557007,12494680910.865261,15055685898.67836,446540,2026-09-30
6076272517.712288,21403496421.84169,12868683104.550043,13449484014.70134,446540,2026-12-31
5760938514.8154335,22119855482.00831,13242685298.234825,13707826431.686188,446540,2027-03-31
7122599488.243188,23445755828.93412,13616687491.91961,14728347603.032305,446540,2027-06-30
8407860557.424506,25793569228.27451,13990689685.604391,16064039823.767801,446540,2027-09-30
6254348189.220915,22785490188.559193,14364691879.289173,14468176752.356424,446540,2027-12-31
3673752209.9999995,-412711939.2476167,3649452910.8776865,2303497727.2100234,446840,2025-12-31
3673752209.9999995,-588488610.2440964,3636757255.105628,2240673618.287177,446840,2026-03-31
3673752209.9999995,-658696101.7923203,3624061599.333569,2213039235.8470826,446840,2026-06-30
7347504419.999999,-480009176.80379874,3611365943.56151,3492953728.9192367,446840,2026-09-30
7347504419.999999,-501822994.0853279,3598670287.7894516,3481450571.2347074,446840,2026-12-31
7347504419.999999,-677599665.0818075,3585974632.0173926,3418626462.3118615,446840,2027-03-31
7347504419.999999,-747807156.6300315,3573278976.2453337,3390992079.871767,446840,2027-06-30
11021256629.999998,-569120231.64151,3560583320.473275,4670906572.943921,446840,2027-09-30
11021256629.999998,-590934048.9230391,3547887664.701216,4659403415.259392,446840,2027-12-31
24353776859.402637,35420409539.847145,18084473988.0278,25952886795.759197,448710,2025-12-31
15693445475.163612,34822145570.689445,15892549221.234428,22136046755.695827,448710,2026-03-31
17578175279.881622,37911001302.12533,18598334572.94106,24695837051.649338,448710,2026-06-30
23772206761.46201,41080976661.254196,22499491128.39769,29117558183.70463,448710,2026-09-30
23942692116.234642,37971857530.71809,20032894077.85432,27315814574.935684,448710,2026-12-31
18420019459.911568,37373593561.56039,17840969311.06095,24544860777.510967,448710,2027-03-31
20304749264.629578,40462449292.99627,20546754662.767582,27104651073.464478,448710,2027-06-30
26498780746.20997,43632424652.12514,24447911218.224213,31526372205.519775,448710,2027-09-30
26669266100.982597,40523305521.58903,21981314167.68084,29724628596.750824,448710,2027-12-31
-5.349945162582818e+23,-59050434101.57263,65283103555.84375,-1.7833150541942518e+23,450080,2025-12-31
3.7581437359592057e+24,-54958189169.19096,67410435648.80992,1.252714578653073e+24,450080,2026-03-31
-2.639974023692366e+25,-60673844486.75015,69537767741.7761,-8.799913412307884e+24,450080,2026-06-30
1.854494342774778e+26,-81529048464.75409,71665099834.74226,6.18164780924926e+25,450080,2026-09-30
-1.3027210617919063e+27,-95212216673.99963,73792431927.70842,-4.342403539306354e+26,450080,2026-12-31
9.151185258422765e+27,-91119971741.61797,75919764020.67459,3.050395086140922e+27,450080,2027-03-31
-6.428405462219662e+28,-96835627059.17715,78047096113.64076,-2.1428018207398875e+28,450080,2027-06-30
4.515742562065531e+29,-117690831037.18109,80174428206.60693,1.5052475206885103e+29,450080,2027-09-30
-3.1721600338249456e+30,-131373999246.42667,82301760299.57309,-1.0573866779416485e+30,450080,2027-12-31
1.7847677417098094e+22,26850314995.849575,11390561675.15038,5.949225805712111e+21,450520,2025-12-31
4.78997932960057e+22,29103227992.209232,11647493847.565964,1.5966597765348815e+22,450520,2026-03-31
1.285301749538055e+23,28463609089.80091,11904426019.981548,4.284339165128196e+22,450520,2026-06-30
3.44876814374408e+23,28044606333.71354,12161358192.397133,1.1495893812481606e+23,450520,2026-09-30
9.253529699723141e+23,30653823296.023792,12418290364.812717,3.084509899907857e+23,450520,2026-12-31
2.482824248819926e+24,32906736292.383446,12675222537.228302,8.276080829399906e+23,450520,2027-03-31
6.661660777806289e+24,32267117389.975124,12932154709.643887,2.2205535926021114e+24,450520,2027-06-30
1.7873871573702546e+25,31848114633.887753,13189086882.059471,5.957957191234197e+24,450520,2027-09-30
4.7957262956364186e+25,34457331596.198006,13446019054.475056,1.5985754318788078e+25,450520,2027-12-31
20599419093.40992,43531864146.1588,19339635349.796276,27823639529.78833,451250,2025-12-31
19979560167.085457,44970543837.35699,20024377640.94824,28324827215.13023,451250,2026-03-31
21167632476.961834,48349539350.11144,20709119932.1002,30075430586.39116,451250,2026-06-30
22410452456.04428,48465067109.27557,21393862223.25216,30756460596.190674,451250,2026-09-30
25048403989.822132,49726709716.46864,22078604514.40412,32284572740.23163,451250,2026-12-31
23390794896.034775,51165389407.66685,22763346805.556084,32439843703.085907,451250,2027-03-31
25411919937.28119,54544384920.421295,23448089096.708042,34468131318.13684,451250,2027-06-30
26336413762.763325,54659912679.58542,24132831387.86,35043052610.06958,451250,2027-09-30
28726577042.538162,55921555286.7785,24817573679.011963,36488568669.44288,451250,2027-12-31
3945719458.6133933,10017841133.644533,3925030329.9681063,5962863640.742011,452160,2025-12-31
4397953415.146475,9882412559.293747,4082895486.2181067,6121087153.552776,452160,2026-03-31
3490964885.6904674,11407745505.52818,4240760642.4681067,6379823677.895584,452160,2026-06-30
3614151032.2347827,11842218826.785616,4398625798.718106,6618331885.912835,452160,2026-09-30
3854662361.2081356,11581131962.922825,4556490954.968106,6664095093.033023,452160,2026-12-31
4313616737.130222,11445703388.572039,4714356111.218106,6824558745.640122,452160,2027-03-31
3406628207.674215,12971036334.806469,4872221267.468107,7083295269.98293,452160,2027-06-30
3529814354.2185307,13405509656.063906,5030086423.718107,7321803478.00018,452160,2027-09-30
3770325683.191883,13144422792.201115,5187951579.968107,7367566685.120369,452160,2027-12-31
6168165500.6291895,16316481764.259163,5635274170.688321,9373307145.192225,452190,2025-12-31
5312784073.037934,12918004555.536064,5768647347.824336,7999811992.132778,452190,2026-03-31
6103972129.746962,15891460126.067812,5902020524.960352,9299150926.925041,452190,2026-06-30
6146369594.110573,15485310273.174273,6035393702.096367,9222357856.460403,452190,2026-09-30
6838872966.328604,17125233979.550087,6168766879.232383,10044291275.037025,452190,2026-12-31
5508396044.43975,13726756770.826988,6302140056.368398,8512430957.211712,452190,2027-03-31
6730077334.152479,16700212341.358736,6435513233.504414,9955267636.338543,452190,2027-06-30
6570187663.600092,16294062488.465197,6568886410.640429,9811045520.901907,452190,2027-09-30
7305594209.999542,17933986194.84101,6702259587.7764435,10647279997.539,452190,2027-12-31
16342413555.258116,35704750891.38187,16078549507.737505,22708571318.125828,452280,2025-12-31
18584977859.99751,36328323747.229576,16509989152.905489,23807763586.710857,452280,2026-03-31
18975428474.898098,38063214075.992325,16941428798.073473,24660023782.987965,452280,2026-06-30
19384717102.886337,35359832469.41109,17372868443.241455,24039139338.51296,452280,2026-09-30
18692499796.934414,38401498852.47626,17804308088.40944,24966102245.940037,452280,2026-12-31
20128272790.535633,39025071708.323975,18235747733.577423,25796364077.479008,452280,2027-03-31
20675937961.780434,40759962037.08672,18667187378.745407,26701029125.870853,452280,2027-06-30
21198155851.840374,38056580430.505486,19098627023.91339,26117787768.753082,452280,2027-09-30
20478041877.166206,41098246813.57066,19530066669.081375,27035451786.60608,452280,2027-12-31
