ticker,reported_currency,is_foreign
A,USD,False
AAL,USD,False
AAOI,USD,False
AAON,USD,False
AAP,USD,False
AAPL,USD,False
AAT,USD,False
AAWW,USD,False
ABB,USD,False
ABBV,USD,False
ABC,USD,False
ABEV,BRL,True
ABG,USD,False
ABM,USD,False
ABMD,USD,False
ABR,USD,False
ABST,USD,False
ABT,USD,False
ABUS,USD,False
ACAD,USD,False
ACCO,USD,False
ACHC,USD,False
ACIW,USD,False
ACLS,USD,False
ACM,USD,False
ACN,USD,False
ACRS,USD,False
ACTG,USD,False
AD,USD,False
ADBE,USD,False
ADC,USD,False
ADEA,USD,False
ADI,USD,False
ADM,USD,False
ADMA,USD,False
ADP,USD,False
ADSK,USD,False
ADTN,USD,False
ADUS,USD,False
AEHR,USD,False
AEIS,USD,False
AEM,USD,False
AEO,USD,False
AER,USD,False
AG,USD,False
AGCO,USD,False
AGI,USD,False
AGIO,USD,False
AGNC,USD,False
AGRO,USD,False
AGX,USD,False
AGYS,USD,False
AHH,USD,False
AIC,CAD,True
AIMC,USD,False
AIN,USD,False
AIOT,USD,False
AIR,USD,False
AIT,USD,False
AIV,USD,False
AJRD,USD,False
AKAM,USD,False
AKBA,USD,False
AKR,USD,False
AL,USD,False
ALB,USD,False
ALBO,USD,False
ALEX,USD,False
ALG,USD,False
ALGN,USD,False
ALGT,USD,False
ALK,USD,False
ALKS,USD,False
ALLE,USD,False
ALLT,USD,False
ALNT,USD,False
ALNY,USD,False
ALPN,USD,False
ALRM,USD,False
ALSN,USD,False
ALV,USD,False
ALX,USD,False
AMAT,USD,False
AMBA,USD,False
AMC,USD,False
AMCR,USD,False
AMCX,USD,False
AMD,USD,False
AME,USD,False
AMED,USD,False
AMEH,USD,False
AMGN,USD,False
AMH,USD,False
AMKR,USD,False
AMN,USD,False
AMOT,USD,False
AMOV,MXN,True
AMPH,USD,False
AMRC,USD,False
AMRN,USD,False
AMSC,USD,False
AMT,USD,False
AMWD,USD,False
AMX,MXN,True
AMZN,USD,False
AN,USD,False
ANDE,USD,False
ANET,USD,False
ANF,USD,False
ANGI,USD,False
ANGO,USD,False
ANIP,USD,False
ANSS,USD,False
ANTM,USD,False
AORT,USD,False
AOS,USD,False
AOSL,USD,False
APA,USD,False
APD,USD,False
APEI,USD,False
APEN,USD,False
APH,USD,False
APLE,USD,False
APOG,USD,False
APPF,USD,False
APPS,USD,False
APTV,USD,False
AR,USD,False
ARCB,USD,False
ARCO,USD,False
ARDX,USD,False
ARE,USD,False
ARI,USD,False
ARLP,USD,False
ARMK,USD,False
ARMN,USD,False
AROC,USD,False
ARR,USD,False
ARW,USD,False
ARWR,USD,False
ASC,USD,False
ASGN,USD,False
ASH,USD,False
ASM,USD,False
ASML,EUR,True
ASND,EUR,True
ASR,MXN,True
ASTE,USD,False
ASTH,USD,False
ASX,TWD,True
ATEC,USD,False
ATEN,USD,False
ATEX,USD,False
ATGE,USD,False
ATHM,CNY,True
ATI,USD,False
ATNI,USD,False
ATR,USD,False
ATRC,USD,False
ATRI,USD,False
ATRO,USD,False
ATS,CAD,True
ATSG,USD,False
ATVI,USD,False
ATXS,USD,False
AU,USD,False
AUPH,USD,False
AUY,USD,False
AVAV,USD,False
AVB,USD,False
AVDL,USD,False
AVGO,USD,False
AVID,USD,False
AVNS,USD,False
AVNT,USD,False
AVT,USD,False
AVXL,USD,False
AVY,USD,False
AWI,USD,False
AXGN,USD,False
AXL,USD,False
AXON,USD,False
AXSM,USD,False
AXTA,USD,False
AXTI,USD,False
AYI,USD,False
AZN,USD,False
AZO,USD,False
AZPN,USD,False
AZTA,USD,False
AZZ,USD,False
B,USD,False
BA,USD,False
BABA,CNY,True
BAH,USD,False
BAK,BRL,True
BALL,USD,False
BAX,USD,False
BB,USD,False
BBBY,USD,False
BBSI,USD,False
BBW,USD,False
BBWI,USD,False
BBY,USD,False
BC,USD,False
BCC,USD,False
BCE,CAD,True
BCEI,USD,False
BCO,USD,False
BCPC,USD,False
BCRX,USD,False
BDC,USD,False
BDN,USD,False
BDSI,USD,False
BDX,USD,False
BECN,USD,False
BERY,USD,False
BFAM,USD,False
BFS,USD,False
BG,USD,False
BGM,USD,False
BGS,USD,False
BH,USD,False
BHC,USD,False
BHE,USD,False
BHP,USD,False
BIDU,CNY,True
BIIB,USD,False
BIO,USD,False
BJRI,USD,False
BKD,USD,False
BKE,USD,False
BKI,USD,False
BKNG,USD,False
BKR,USD,False
BLBD,USD,False
BLD,USD,False
BLDP,USD,False
BLDR,USD,False
BLFS,USD,False
BLKB,USD,False
BLL,USD,False
BLMN,USD,False
BLU,USD,False
BMI,USD,False
BMRN,USD,False
BMY,USD,False
BNTC,USD,False
BOOT,USD,False
BOX,USD,False
BP,USD,False
BPMC,USD,False
BR,USD,False
BRC,USD,False
BRFS,BRL,True
BRKR,USD,False
BRKS,USD,False
BRX,USD,False
BSM,USD,False
BSX,USD,False
BTCM,USD,False
BTE,CAD,True
BTG,USD,False
BTI,GBP,True
BTX,UNKNOWN,False
BUD,USD,False
BURL,USD,False
BVH,USD,False
BVN,USD,False
BW,USD,False
BWA,USD,False
BWLP,USD,False
BWXT,USD,False
BXC,USD,False
BXMT,USD,False
BXP,USD,False
BYD,USD,False
BYON,USD,False
BYRN,USD,False
BZH,USD,False
CABO,USD,False
CACI,USD,False
CAE,CAD,True
CAG,USD,False
CAH,USD,False
CAJ,JPY,True
CAKE,USD,False
CAL,USD,False
CALM,USD,False
CALX,USD,False
CALY,USD,False
CAM,USD,False
CAMT,USD,False
CAPL,USD,False
CAPR,USD,False
CAR,USD,False
CASS,USD,False
CASY,USD,False
CAT,USD,False
CBAY,USD,False
CBRE,USD,False
CBRL,USD,False
CBT,USD,False
CBZ,USD,False
CC,USD,False
CCEC,USD,False
CCEP,EUR,True
CCF,USD,False
CCI,USD,False
CCJ,CAD,True
CCK,USD,False
CCL,USD,False
CCLP,USD,False
CCO,USD,False
CCOI,USD,False
CCS,USD,False
CCU,CLP,True
CD,USD,False
CDE,USD,False
CDMO,USD,False
CDNA,USD,False
CDNS,USD,False
CDP,USD,False
CDTX,USD,False
CDW,USD,False
CDXC,USD,False
CE,USD,False
CEA,CNY,True
CECE,USD,False
CECO,USD,False
CELH,USD,False
CENT,USD,False
CENX,USD,False
CEO,CNY,True
CEQP,USD,False
CERS,USD,False
CEVA,USD,False
CF,USD,False
CFX,USD,False
CGAU,USD,False
CGC,CAD,True
CGNX,USD,False
CHCT,USD,False
CHD,USD,False
CHDN,USD,False
CHE,USD,False
CHEF,USD,False
CHH,USD,False
CHKP,USD,False
CHRW,USD,False
CHS,USD,False
CHT,TWD,True
CHTR,USD,False
CHUY,USD,False
CI,USD,False
CIEN,USD,False
CIGI,USD,False
CIM,USD,False
CINR,USD,False
CIR,USD,False
CIVI,USD,False
CL,USD,False
CLB,USD,False
CLDT,USD,False
CLDX,USD,False
CLF,USD,False
CLFD,USD,False
CLH,USD,False
CLI,USD,False
CLLS,USD,False
CLMB,USD,False
CLMT,USD,False
CLNE,USD,False
CLPT,USD,False
CLS,USD,False
CLX,USD,False
CMBT,USD,False
CMC,USD,False
CMCL,USD,False
CMCO,USD,False
CMG,USD,False
CMI,USD,False
CMP,USD,False
CMPR,USD,False
CMRE,USD,False
CMRX,USD,False
CNC,USD,False
CNH,USD,False
CNHI,USD,False
CNI,CAD,True
CNK,USD,False
CNL,USD,False
CNMD,USD,False
CNQ,CAD,True
CNSL,USD,False
CNX,USD,False
CNXN,USD,False
CO,CNY,True
CODI,USD,False
COG,USD,False
COHR,USD,False
COHU,USD,False
COKE,USD,False
COLL,USD,False
COLM,USD,False
COMM,USD,False
CON,USD,False
COO,USD,False
COP,USD,False
COR,USD,False
CORT,USD,False
COST,USD,False
COTY,USD,False
CP,CAD,True
CPA,USD,False
CPAC,PEN,True
CPAY,USD,False
CPB,USD,False
CPE,USD,False
CPG,CAD,True
CPLP,USD,False
CPRI,USD,False
CPRT,USD,False
CPRX,USD,False
CPS,USD,False
CPT,USD,False
CQP,USD,False
CRAI,USD,False
CREE,USD,False
CRH,USD,False
CRI,USD,False
CRK,USD,False
CRL,USD,False
CRM,USD,False
CRMD,USD,False
CROX,USD,False
CRS,USD,False
CRTO,USD,False
CRUS,USD,False
CRY,USD,False
CSCO,USD,False
CSGP,USD,False
CSGS,USD,False
CSII,USD,False
CSIQ,USD,False
CSL,USD,False
CSR,USD,False
CSTM,USD,False
CSV,USD,False
CSW,USD,False
CSWI,USD,False
CSX,USD,False
CTAS,USD,False
CTGO,USD,False
CTIC,USD,False
CTLP,USD,False
CTLT,USD,False
CTMX,USD,False
CTO,USD,False
CTRA,USD,False
CTRE,USD,False
CTRN,USD,False
CTS,USD,False
CTSH,USD,False
CUBE,USD,False
CUK,USD,False
CUZ,USD,False
CVCO,USD,False
CVE,CAD,True
CVGW,USD,False
CVI,USD,False
CVLG,USD,False
CVLT,USD,False
CVS,USD,False
CVX,USD,False
CW,USD,False
CWST,USD,False
CX,USD,False
CXP,USD,False
CXT,USD,False
CXW,USD,False
CYBR,USD,False
CYD,CNY,True
CYH,USD,False
CYRX,USD,False
CYTK,USD,False
CZR,USD,False
DAC,USD,False
DAKT,USD,False
DAL,USD,False
DAN,USD,False
DAR,USD,False
DBI,USD,False
DBRG,USD,False
DBVT,USD,False
DCI,USD,False
DCO,USD,False
DCP,USD,False
DD,USD,False
DDS,USD,False
DE,USD,False
DEA,USD,False
DECK,USD,False
DEI,USD,False
DENN,USD,False
DEO,USD,False
DG,USD,False
DGII,USD,False
DGX,USD,False
DHC,USD,False
DHI,USD,False
DHR,USD,False
DHT,USD,False
DIN,USD,False
DINO,USD,False
DIOD,USD,False
DIS,USD,False
DISH,USD,False
DJCO,USD,False
DJT,USD,False
DK,USD,False
DKL,USD,False
DKS,USD,False
DLB,USD,False
DLR,USD,False
DLTR,USD,False
DLX,USD,False
DMAC,USD,False
DMLP,USD,False
DNN,CAD,True
DNOW,USD,False
DOC,USD,False
DOOO,CAD,True
DOOR,USD,False
DORM,USD,False
DOV,USD,False
DOX,USD,False
DPZ,USD,False
DQ,USD,False
DRD,ZAR,True
DRH,USD,False
DRI,USD,False
DRQ,USD,False
DRS,USD,False
DSGR,USD,False
DSGX,USD,False
DSKE,USD,False
DVA,USD,False
DVAX,USD,False
DVN,USD,False
DVS,CAD,True
DX,USD,False
DXC,USD,False
DXCM,USD,False
DXPE,USD,False
DY,USD,False
E,EUR,True
EA,USD,False
EACQ,USD,False
EAT,USD,False
EBAY,USD,False
EBF,USD,False
EBS,USD,False
EC,COP,True
ECL,USD,False
EDU,USD,False
EEFT,USD,False
EFC,USD,False
EFX,USD,False
EFXT,USD,False
EGO,USD,False
EGP,USD,False
EGY,USD,False
EHC,USD,False
EL,USD,False
ELA,USD,False
ELE,USD,False
ELS,USD,False
ELV,USD,False
ELVA,USD,False
ELY,USD,False
EME,USD,False
EMN,USD,False
EMR,USD,False
EMX,USD,False
ENB,CAD,True
ENLC,USD,False
ENOV,USD,False
ENPH,USD,False
ENR,USD,False
ENS,USD,False
ENSG,USD,False
ENTG,USD,False
ENV,USD,False
EOG,USD,False
EPAC,USD,False
EPAM,USD,False
EPC,USD,False
EPD,USD,False
EPR,USD,False
EQIX,USD,False
EQNR,USD,False
EQR,USD,False
EQT,USD,False
ERF,USD,False
ERIC,SEK,True
ERII,USD,False
ERJ,BRL,True
ESBA,USD,False
ESE,USD,False
ESEA,USD,False
ESI,USD,False
ESLT,USD,False
ESPR,USD,False
ESRT,USD,False
ESS,USD,False
ESTE,USD,False
ET,USD,False
ETD,USD,False
ETN,USD,False
ETSY,USD,False
EU,USD,False
EURN,USD,False
EVH,USD,False
EVI,USD,False
EVO,EUR,True
EVRI,USD,False
EVTC,USD,False
EW,USD,False
EXAS,USD,False
EXEL,USD,False
EXK,USD,False
EXLS,USD,False
EXP,USD,False
EXPD,USD,False
EXPE,USD,False
EXPO,USD,False
EXR,USD,False
EXTR,USD,False
EYPT,USD,False
EZT,UNKNOWN,False
F,USD,False
FANG,USD,False
FARO,USD,False
FAST,USD,False
FBHS,USD,False
FBIN,USD,False
FCEL,USD,False
FCN,USD,False
FCPT,USD,False
FCX,USD,False
FDP,USD,False
FDX,USD,False
FEIM,USD,False
FELE,USD,False
FER,EUR,True
FERG,USD,False
FET,USD,False
FFHL,CNY,True
FFIV,USD,False
FI,USD,False
FICO,USD,False
FIS,USD,False
FISK,USD,False
FISV,USD,False
FIVE,USD,False
FIVN,USD,False
FIX,USD,False
FIZZ,USD,False
FL,USD,False
FLEX,USD,False
FLO,USD,False
FLR,USD,False
FLS,USD,False
FLT,USD,False
FLUT,USD,False
FMC,USD,False
FMS,EUR,True
FMX,USD,False
FN,USD,False
FNV,USD,False
FOLD,USD,False
FOR,USD,False
FORM,USD,False
FOXF,USD,False
FPI,USD,False
FR,USD,False
FRO,USD,False
FRPH,USD,False
FRPT,USD,False
FRT,USD,False
FSLR,USD,False
FSM,USD,False
FSS,USD,False
FSV,USD,False
FTAI,USD,False
FTI,USD,False
FTK,USD,False
FTNT,USD,False
FUL,USD,False
FUN,USD,False
FVR,USD,False
FWRD,USD,False
G,USD,False
GAP,USD,False
GATX,USD,False
GAU,USD,False
GBX,USD,False
GCI,USD,False
GCO,USD,False
GD,USD,False
GDDY,USD,False
GDEN,USD,False
GE,USD,False
GEF,USD,False
GEL,USD,False
GEN,USD,False
GEO,USD,False
GERN,USD,False
GES,USD,False
GEVO,USD,False
GFF,USD,False
GFI,USD,False
GGB,BRL,True
GGG,USD,False
GHC,USD,False
GHM,USD,False
GIB,CAD,True
GIC,USD,False
GIII,USD,False
GIL,USD,False
GILD,USD,False
GILT,USD,False
GIS,USD,False
GKOS,USD,False
GLDD,USD,False
GLDG,CAD,True
GLNG,USD,False
GLOB,USD,False
GLP,USD,False
GLPG,EUR,True
GLPI,USD,False
GLW,USD,False
GLYC,USD,False
GM,USD,False
GMAB,USD,False
GME,USD,False
GMED,USD,False
GNK,USD,False
GNL,USD,False
GNRC,USD,False
GNTX,USD,False
GOGL,USD,False
GOGO,USD,False
GOL,BRL,True
GOOD,USD,False
GOOG,USD,False
GPC,USD,False
GPI,USD,False
GPK,USD,False
GPN,USD,False
GPRE,USD,False
GPRK,USD,False
GPS,USD,False
GRBK,USD,False
GRC,USD,False
GRFS,EUR,True
GRMN,USD,False
GRPN,USD,False
GRVY,KRW,True
GSAT,USD,False
GSK,GBP,True
GSL,USD,False
GSM,USD,False
GSS,USD,False
GT,USD,False
GTLS,USD,False
GTN,USD,False
GTY,USD,False
GVA,USD,False
GWRE,USD,False
GWW,USD,False
GYRE,USD,False
H,USD,False
HA,USD,False
HAE,USD,False
HAL,USD,False
HALO,USD,False
HAS,USD,False
HAYN,USD,False
HBI,USD,False
HBM,USD,False
HCA,USD,False
HCCI,USD,False
HCKT,USD,False
HCSG,USD,False
HD,USD,False
HDL,USD,False
HEAR,USD,False
HEES,USD,False
HEI,USD,False
HELE,USD,False
HEP,USD,False
HES,USD,False
HFC,USD,False
HHC,USD,False
HHH,USD,False
HI,USD,False
HIBB,USD,False
HII,USD,False
HIMX,USD,False
HIW,USD,False
HL,USD,False
HLF,USD,False
HLIO,USD,False
HLIT,USD,False
HLT,USD,False
HLX,USD,False
HMC,JPY,True
HMY,ZAR,True
HNI,USD,False
HNRG,USD,False
HOG,USD,False
HOLI,USD,False
HOLX,USD,False
HON,USD,False
HOUS,USD,False
HOV,USD,False
HP,USD,False
HPE,USD,False
HPP,USD,False
HPQ,USD,False
HQY,USD,False
HR,USD,False
HRB,USD,False
HRI,USD,False
HRL,USD,False
HROW,USD,False
HSC,USD,False
HSIC,USD,False
HSII,USD,False
HSKA,USD,False
HST,USD,False
HSTM,USD,False
HSY,USD,False
HT,USD,False
HTA,USD,False
HTHT,CNY,True
HTLD,USD,False
HUBB,USD,False
HUBG,USD,False
HUBS,USD,False
HUM,USD,False
HUN,USD,False
HURN,USD,False
HVT,USD,False
HWKN,USD,False
HXL,USD,False
HY,USD,False
HZNP,USD,False
HZO,USD,False
IAC,USD,False
IAG,USD,False
IART,USD,False
IBA,MXN,True
IBM,USD,False
IBP,USD,False
IBRX,USD,False
ICFI,USD,False
ICL,USD,False
ICLR,USD,False
ICPT,USD,False
ICUI,USD,False
IDCC,USD,False
IDR,USD,False
IDT,USD,False
IDXX,USD,False
IEP,USD,False
IESC,USD,False
IEX,USD,False
IFF,USD,False
IGT,USD,False
IHG,USD,False
IIIN,USD,False
IKNX,USD,False
ILMN,USD,False
IMAX,USD,False
IMGN,USD,False
IMMP,AUD,True
IMO,CAD,True
IMOS,TWD,True
INCY,USD,False
INDV,USD,False
INFN,USD,False
INFY,USD,False
INGR,USD,False
INN,USD,False
INOD,USD,False
INS,USD,False
INSM,USD,False
INT,USD,False
INTC,USD,False
INTU,USD,False
INVA,USD,False
INVX,USD,False
IONS,USD,False
IOSP,USD,False
IOVA,USD,False
IP,USD,False
IPAR,USD,False
IPG,USD,False
IPGP,USD,False
IPI,USD,False
IQV,USD,False
IRDM,USD,False
IRM,USD,False
IRMD,USD,False
IRS,ARS,True
IRT,USD,False
IRWD,USD,False
ISEE,USD,False
ISRG,USD,False
ISSC,USD,False
IT,USD,False
ITCI,USD,False
ITGR,USD,False
ITRI,USD,False
ITRN,USD,False
ITT,USD,False
ITW,USD,False
IVR,USD,False
IVT,USD,False
J,USD,False
JACK,USD,False
JAZZ,USD,False
JBHT,USD,False
JBL,USD,False
JBLU,USD,False
JBSS,USD,False
JBT,USD,False
JBTM,USD,False
JCI,USD,False
JCOM,USD,False
JD,CNY,True
JHX,USD,False
JJSF,USD,False
JKHY,USD,False
JKS,CNY,True
JLL,USD,False
JNJ,USD,False
JNPR,USD,False
JOE,USD,False
JOUT,USD,False
JOYY,USD,False
JWN,USD,False
K,USD,False
KAI,USD,False
KALU,USD,False
KALV,USD,False
KAMN,USD,False
KAR,USD,False
KBH,USD,False
KBR,USD,False
KDP,USD,False
KE,USD,False
KEX,USD,False
KEYS,USD,False
KFRC,USD,False
KFS,USD,False
KFY,USD,False
KGC,USD,False
KHC,USD,False
KIM,USD,False
KLAC,USD,False
KLIC,USD,False
KMB,USD,False
KMDA,USD,False
KMI,USD,False
KMT,USD,False
KMX,USD,False
KN,USD,False
KNOP,USD,False
KNX,USD,False
KO,USD,False
KODK,USD,False
KOF,MXN,True
KOP,USD,False
KOPN,USD,False
KOR,UNKNOWN,False
KOS,USD,False
KR,USD,False
KRC,USD,False
KRG,USD,False
KRNT,USD,False
KRO,USD,False
KSS,USD,False
KT,KRW,True
KTOS,USD,False
KURA,USD,False
KW,USD,False
KWR,USD,False
LAAC,USD,False
LAB,USD,False
LAC,USD,False
LAD,USD,False
LADR,USD,False
LAMR,USD,False
LANC,USD,False
LAND,USD,False
LAR,USD,False
LCII,USD,False
LCTX,USD,False
LDOS,USD,False
LE,USD,False
LEA,USD,False
LECO,USD,False
LEG,USD,False
LEN,USD,False
LEU,USD,False
LFCR,USD,False
LFUS,USD,False
LGIH,USD,False
LGN,USD,False
LGND,USD,False
LGTY,USD,False
LH,USD,False
LHCG,USD,False
LHX,USD,False
LIF,USD,False
LII,USD,False
LILA,USD,False
LIN,USD,False
LINC,USD,False
LIND,USD,False
LITE,USD,False
LIVN,USD,False
LKQ,USD,False
LLNW,USD,False
LLY,USD,False
LMAT,USD,False
LMB,USD,False
LMT,USD,False
LND,BRL,True
LNG,USD,False
LNN,USD,False
LNTH,USD,False
LNW,USD,False
LOCO,USD,False
LOGI,USD,False
LOPE,USD,False
LOT,USD,False
LOW,USD,False
LPG,USD,False
LPL,KRW,True
LPTH,USD,False
LPX,USD,False
LQDT,USD,False
LRCX,USD,False
LRN,USD,False
LSAK,USD,False
LSCC,USD,False
LSI,USD,False
LSTR,USD,False
LTBR,USD,False
LTC,USD,False
LULU,USD,False
LUMN,USD,False
LUV,USD,False
LVS,USD,False
LWAY,USD,False
LWLG,USD,False
LXFR,USD,False
LXP,USD,False
LXRX,USD,False
LXU,USD,False
LYB,USD,False
LYTS,USD,False
LYV,USD,False
LZB,USD,False
M,USD,False
MAA,USD,False
MAC,USD,False
MAG,USD,False
MAGN,USD,False
MAN,USD,False
MANH,USD,False
MANU,GBP,True
MAR,USD,False
MAS,USD,False
MASI,USD,False
MAT,USD,False
MATV,USD,False
MATW,USD,False
MATX,USD,False
MAXR,USD,False
MBT,RUB,True
MBUU,USD,False
MBX,USD,False
MCD,USD,False
MCFT,USD,False
MCHP,USD,False
MCK,USD,False
MCRI,USD,False
MCS,USD,False
MD,USD,False
MDC,USD,False
MDCA,USD,False
MDGL,USD,False
MDLZ,USD,False
MDP,USD,False
MDT,USD,False
MDU,USD,False
MDXG,USD,False
MELI,USD,False
MEOH,USD,False
MESO,USD,False
META,USD,False
MFA,USD,False
MG,USD,False
MGA,USD,False
MGIC,USD,False
MGM,USD,False
MGNI,USD,False
MGPI,USD,False
MGRC,USD,False
MHK,USD,False
MHO,USD,False
MIDD,USD,False
MITK,USD,False
MIXT,USD,False
MKC,USD,False
MKSI,USD,False
MLAB,USD,False
MLCO,USD,False
MLHR,USD,False
MLI,USD,False
MLKN,USD,False
MLM,USD,False
MLP,USD,False
MLR,USD,False
MMI,USD,False
MMM,USD,False
MMP,USD,False
MMS,USD,False
MMSI,USD,False
MMX,USD,False
MMYT,USD,False
MNKD,USD,False
MNRO,USD,False
MNST,USD,False
MO,USD,False
MOBL,USD,False
MOD,USD,False
MODG,USD,False
MODN,USD,False
MOH,USD,False
MOMO,CNY,True
MOS,USD,False
MOV,USD,False
MPC,USD,False
MPLX,USD,False
MPW,USD,False
MPWR,USD,False
MPX,USD,False
MRC,USD,False
MRCY,USD,False
MRK,USD,False
MRO,USD,False
MRTN,USD,False
MRTX,USD,False
MRVL,USD,False
MSA,USD,False
MSFT,USD,False
MSGS,USD,False
MSI,USD,False
MSM,USD,False
MSTR,USD,False
MT,USD,False
MTA,USD,False
MTCH,USD,False
MTD,USD,False
MTDR,USD,False
MTH,USD,False
MTLS,EUR,True
MTN,USD,False
MTRN,USD,False
MTRX,USD,False
MTSI,USD,False
MTUS,USD,False
MTW,USD,False
MTX,USD,False
MTZ,USD,False
MU,USD,False
MUR,USD,False
MUSA,USD,False
MUX,USD,False
MWA,USD,False
MXL,USD,False
MYE,USD,False
MYGN,USD,False
MYRG,USD,False
MZTI,USD,False
NAGE,USD,False
NAK,CAD,True
NAT,USD,False
NATH,USD,False
NATI,USD,False
NATR,USD,False
NBIX,USD,False
NBR,USD,False
NBY,USD,False
NC,USD,False
NCLH,USD,False
NCMI,USD,False
NCR,USD,False
NDSN,USD,False
NEGG,USD,False
NEM,USD,False
NEO,USD,False
NEOG,USD,False
NETE,USD,False
NETI,USD,False
NEU,USD,False
NEWP,USD,False
NEWR,USD,False
NEXT,USD,False
NFG,USD,False
NFLX,USD,False
NG,USD,False
NGD,USD,False
NGL,USD,False
NGS,USD,False
NGVC,USD,False
NHC,USD,False
NHI,USD,False
NICE,USD,False
NKE,USD,False
NKTR,USD,False
NLOK,USD,False
NLY,USD,False
NMM,USD,False
NNE,USD,False
NNN,USD,False
NOA,CAD,True
NOC,USD,False
NOG,USD,False
NOK,EUR,True
NOMD,EUR,True
NOV,USD,False
NOVT,USD,False
NOW,USD,False
NPK,USD,False
NPKI,USD,False
NPO,USD,False
NR,USD,False
NRC,USD,False
NRP,USD,False
NRZ,USD,False
NS,USD,False
NSA,USD,False
NSC,USD,False
NSIT,USD,False
NSP,USD,False
NSS,USD,False
NSSC,USD,False
NTAP,USD,False
NTCT,USD,False
NTES,CNY,True
NTGR,USD,False
NTRA,USD,False
NUE,USD,False
NUS,USD,False
NUVA,USD,False
NVAX,USD,False
NVCR,USD,False
NVDA,USD,False
NVEC,USD,False
NVEE,USD,False
NVGS,USD,False
NVMI,USD,False
NVO,DKK,True
NVR,USD,False
NVRI,USD,False
NVS,USD,False
NWL,USD,False
NWPX,USD,False
NWS,USD,False
NWSA,USD,False
NX,USD,False
NXE,CAD,True
NXGN,USD,False
NXPI,USD,False
NXRT,USD,False
NXST,USD,False
NYMT,USD,False
NYT,USD,False
O,USD,False
OAS,USD,False
OBE,CAD,True
OC,USD,False
OCGN,USD,False
OCUL,USD,False
ODC,USD,False
ODFL,USD,False
ODP,USD,False
ODV,CAD,True
OEC,USD,False
OFIX,USD,False
OFLX,USD,False
OGCP,USD,False
OHI,USD,False
OI,USD,False
OII,USD,False
OIS,USD,False
OKE,USD,False
OLED,USD,False
OLLI,USD,False
OLN,USD,False
OLP,USD,False
OMAB,MXN,True
OMC,USD,False
OMCL,USD,False
OMER,USD,False
ON,USD,False
OOMA,USD,False
OPCH,USD,False
OPK,USD,False
OPLN,USD,False
ORAN,EUR,True
ORC,USD,False
ORCL,USD,False
ORLY,USD,False
ORN,USD,False
OS,USD,False
OSIS,USD,False
OSK,USD,False
OSPN,USD,False
OSTK,USD,False
OTEX,USD,False
OUT,USD,False
OVV,USD,False
OXM,USD,False
OXY,USD,False
PAA,USD,False
PAAS,USD,False
PAC,MXN,True
PACB,USD,False
PAG,USD,False
PAGP,USD,False
PAHC,USD,False
PANL,USD,False
PANW,USD,False
PAR,USD,False
PARA,USD,False
PARR,USD,False
PATK,USD,False
PAYC,USD,False
PAYX,USD,False
PBA,CAD,True
PBF,USD,False
PBH,USD,False
PBI,USD,False
PBPB,USD,False
PBR,USD,False
PBYI,USD,False
PCAR,USD,False
PCH,USD,False
PCRX,USD,False
PCTY,USD,False
PDCO,USD,False
PDFS,USD,False
PDM,USD,False
PDS,CAD,True
PEAK,USD,False
PEB,USD,False
PEGA,USD,False
PEN,USD,False
PENN,USD,False
PEP,USD,False
PERI,USD,False
PFE,USD,False
PFGC,USD,False
PG,USD,False
PGEN,USD,False
PGRE,USD,False
PGTI,USD,False
PH,USD,False
PHG,EUR,True
PHI,PHP,True
PHM,USD,False
PII,USD,False
PINC,USD,False
PKE,USD,False
PKG,USD,False
PKI,USD,False
PKOH,USD,False
PKX,KRW,True
PLAB,USD,False
PLAY,USD,False
PLD,USD,False
PLG,USD,False
PLM,USD,False
PLNT,USD,False
PLOW,USD,False
PLPC,USD,False
PLUG,USD,False
PLUS,USD,False
PLXS,USD,False
PLYA,USD,False
PM,USD,False
PMT,USD,False
PNR,USD,False
PODD,USD,False
POET,USD,False
POLY,USD,False
POOL,USD,False
POST,USD,False
POWI,USD,False
POWL,USD,False
PPC,USD,False
PPG,USD,False
PRDO,USD,False
PRFT,USD,False
PRG,USD,False
PRGO,USD,False
PRGS,USD,False
PRIM,USD,False
PRKS,USD,False
PRLB,USD,False
PRMW,USD,False
PRO,USD,False
PRSU,USD,False
PRTA,USD,False
PSA,USD,False
PSIX,USD,False
PSKY,USD,False
PSMT,USD,False
PSO,GBP,True
PSTG,USD,False
PSX,USD,False
PTC,USD,False
PTCT,USD,False
PTEN,USD,False
PTN,USD,False
PTSI,USD,False
PVH,USD,False
PVLA,USD,False
PWFL,USD,False
PWR,USD,False
PXD,USD,False
PZZA,USD,False
QCOM,USD,False
QDEL,USD,False
QGEN,USD,False
QIWI,RUB,True
QLYS,USD,False
QNST,USD,False
QRVO,USD,False
QSR,USD,False
QTWO,USD,False
QUBT,USD,False
QUOT,USD,False
QURE,USD,False
QXO,USD,False
R,USD,False
RACE,EUR,True
RAMP,USD,False
RARE,USD,False
RBA,USD,False
RBBN,USD,False
RBC,USD,False
RC,USD,False
RCAT,USD,False
RCI,CAD,True
RCII,USD,False
RCKT,USD,False
RCL,USD,False
RDNT,USD,False
RDUS,USD,False
RDWR,USD,False
RDY,INR,True
REG,USD,False
REGI,USD,False
REGN,USD,False
RELX,GBP,True
REPX,USD,False
RES,USD,False
REX,USD,False
REXR,USD,False
RFP,USD,False
RGEN,USD,False
RGLD,USD,False
RGLS,USD,False
RGNX,USD,False
RGR,USD,False
RH,USD,False
RHI,USD,False
RHP,USD,False
RIG,USD,False
RIGL,USD,False
RIO,USD,False
RITM,USD,False
RL,USD,False
RLGY,USD,False
RLJ,USD,False
RMBS,USD,False
RMD,USD,False
RMNI,USD,False
RMR,USD,False
RNG,USD,False
ROCK,USD,False
ROG,USD,False
ROIC,USD,False
ROK,USD,False
ROL,USD,False
ROLL,USD,False
ROP,USD,False
ROST,USD,False
RPD,USD,False
RPM,USD,False
RRC,USD,False
RRX,USD,False
RS,USD,False
RSG,USD,False
RTO,USD,False
RTX,USD,False
RUN,USD,False
RUTH,USD,False
RVNC,USD,False
RVTY,USD,False
RWT,USD,False
RYAM,USD,False
RYI,USD,False
RYN,USD,False
RZLV,USD,False
SA,CAD,True
SABR,USD,False
SAFE,USD,False
SAGE,USD,False
SAH,USD,False
SAIA,USD,False
SAIC,USD,False
SAM,USD,False
SAND,USD,False
SANM,USD,False
SAP,EUR,True
SATS,USD,False
SB,USD,False
SBAC,USD,False
SBET,USD,False
SBGI,USD,False
SBH,USD,False
SBLK,USD,False
SBRA,USD,False
SBSW,ZAR,True
SBUX,USD,False
SCCO,USD,False
SCHL,USD,False
SCHN,USD,False
SCI,USD,False
SCL,USD,False
SCS,USD,False
SCSC,USD,False
SCVL,USD,False
SCZM,USD,False
SEAS,USD,False
SEB,USD,False
SEDG,USD,False
SEE,USD,False
SEM,USD,False
SFL,USD,False
SFM,USD,False
SGEN,USD,False
SGMS,USD,False
SGOC,USD,False
SGRY,USD,False
SGU,USD,False
SHAK,USD,False
SHEL,USD,False
SHEN,USD,False
SHLM,USD,False
SHO,USD,False
SHOO,USD,False
SHOP,USD,False
SHW,USD,False
SHYF,USD,False
SID,BRL,True
SIFY,INR,True
SIG,USD,False
SIGA,USD,False
SIM,MXN,True
SIMO,USD,False
SIRI,USD,False
SIX,USD,False
SJM,USD,False
SJR,CAD,True
SKE,CAD,True
SKM,KRW,True
SKT,USD,False
SKX,USD,False
SKY,USD,False
SKYW,USD,False
SLAB,USD,False
SLB,USD,False
SLCA,USD,False
SLG,USD,False
SLGN,USD,False
SLNO,USD,False
SLP,USD,False
SLS,USD,False
SM,USD,False
SMC,USD,False
SMCI,USD,False
SMG,USD,False
SMLP,USD,False
SMMT,USD,False
SMP,USD,False
SMTC,USD,False
SNDA,USD,False
SNDK,USD,False
SNMP,USD,False
SNN,USD,False
SNPS,USD,False
SNX,USD,False
SNY,EUR,True
SOHU,USD,False
SOL,USD,False
SON,USD,False
SONY,JPY,True
SP,USD,False
SPB,USD,False
SPG,USD,False
SPLK,USD,False
SPNS,USD,False
SPR,USD,False
SPSC,USD,False
SPTN,USD,False
SPXC,USD,False
SQ,USD,False
SQM,USD,False
SRC,USD,False
SRCL,USD,False
SRDX,USD,False
SRPT,USD,False
SSD,USD,False
SSL,ZAR,True
SSNC,USD,False
SSP,USD,False
SSRM,USD,False
SSTK,USD,False
SSYS,USD,False
ST,USD,False
STAA,USD,False
STAG,USD,False
STAR,USD,False
STE,USD,False
STGW,USD,False
STKL,USD,False
STLA,EUR,True
STLD,USD,False
STM,USD,False
STN,CAD,True
STNG,USD,False
STRA,USD,False
STRK,USD,False
STRL,USD,False
STRT,USD,False
STWD,USD,False
STX,USD,False
STZ,USD,False
SU,CAD,True
SUI,USD,False
SUM,USD,False
SUN,USD,False
SUPN,USD,False
SUZ,BRL,True
SVA,USD,False
SVC,USD,False
SWBI,USD,False
SWH,USD,False
SWIR,UNKNOWN,False
SWK,USD,False
SWKS,USD,False
SWM,USD,False
SWN,USD,False
SXC,USD,False
SXI,USD,False
SXT,USD,False
SYK,USD,False
SYNA,USD,False
SYNH,USD,False
SYX,USD,False
SYY,USD,False
T,USD,False
TA,USD,False
TAK,JPY,True
TAL,USD,False
TAP,USD,False
TARO,USD,False
TAST,USD,False
TATT,USD,False
TBN,USD,False
TBPH,USD,False
TCI,USD,False
TCOM,CNY,True
TCRZ,UNKNOWN,False
TDC,USD,False
TDG,USD,False
TDOC,USD,False
TDS,USD,False
TDW,USD,False
TDY,USD,False
TEAM,USD,False
TECH,USD,False
TECK,CAD,True
TEF,EUR,True
TEL,USD,False
TELL,USD,False
TEN,USD,False
TEO,ARS,True
TER,USD,False
TEVA,USD,False
TEX,USD,False
TFII,USD,False
TFX,USD,False
TGB,CAD,True
TGH,USD,False
TGI,USD,False
TGLS,USD,False
TGNA,USD,False
TGS,ARS,True
TGT,USD,False
TGTX,USD,False
THC,USD,False
THM,USD,False
THO,USD,False
THR,USD,False
THRM,USD,False
THS,USD,False
TILE,USD,False
TIMB,BRL,True
TITN,USD,False
TJX,USD,False
TK,USD,False
TKC,TRY,True
TKR,USD,False
TLK,IDR,True
TM,JPY,True
TMHC,USD,False
TMO,USD,False
TMQ,USD,False
TMST,USD,False
TMUS,USD,False
TNC,USD,False
TNDM,USD,False
TNET,USD,False
TNK,USD,False
TNL,USD,False
TNP,USD,False
TOL,USD,False
TPC,USD,False
TPH,USD,False
TPL,USD,False
TPR,USD,False
TPX,USD,False
TR,USD,False
TRC,USD,False
TREX,USD,False
TRGP,USD,False
TRI,USD,False
TRIP,USD,False
TRMB,USD,False
TRN,USD,False
TRNO,USD,False
TRNS,USD,False
TROO,USD,False
TROX,USD,False
TRP,CAD,True
TRS,USD,False
TRTN,USD,False
TRU,USD,False
TRX,CAD,True
TS,USD,False
TSAT,CAD,True
TSCO,USD,False
TSEM,USD,False
TSLA,USD,False
TSM,TWD,True
TSN,USD,False
TT,USD,False
TTC,USD,False
TTE,USD,False
TTEK,USD,False
TTGT,USD,False
TTI,USD,False
TTMI,USD,False
TTWO,USD,False
TU,CAD,True
TV,MXN,True
TVPT,USD,False
TVTX,USD,False
TWI,USD,False
TWNK,USD,False
TWO,USD,False
TWTR,USD,False
TX,USD,False
TXN,USD,False
TXRH,USD,False
TXT,USD,False
TYL,USD,False
UAA,USD,False
UAL,USD,False
UAMY,USD,False
UAN,USD,False
UBA,USD,False
UBP,USD,False
UCTT,USD,False
UDR,USD,False
UE,USD,False
UEC,USD,False
UFPI,USD,False
UFPT,USD,False
UGP,BRL,True
UHAL,USD,False
UHS,USD,False
UHT,USD,False
UI,USD,False
UL,EUR,True
ULH,USD,False
ULS,USD,False
ULTA,USD,False
UMC,TWD,True
UMH,USD,False
UNF,USD,False
UNFI,USD,False
UNH,USD,False
UNIT,USD,False
UNP,USD,False
UNVR,USD,False
UPBD,USD,False
UPS,USD,False
URBN,USD,False
URG,USD,False
URI,USD,False
USAC,USD,False
USAP,USD,False
USAS,USD,False
USLM,USD,False
USM,USD,False
USNA,USD,False
USPH,USD,False
UTHR,USD,False
UTI,USD,False
UUUU,USD,False
UVV,USD,False
VAC,USD,False
VALE,USD,False
VC,USD,False
VCEL,USD,False
VCYT,USD,False
VEC,USD,False
VECO,USD,False
VEEV,USD,False
VEON,USD,False
VERB,USD,False
VET,CAD,True
VFC,USD,False
VGR,USD,False
VGZ,USD,False
VHI,USD,False
VIAC,USD,False
VIAV,USD,False
VICR,USD,False
VIK,USD,False
VIPS,CNY,True
VIV,BRL,True
VIVO,UNKNOWN,False
VKTX,USD,False
VLO,USD,False
VLRS,USD,False
VMC,USD,False
VMI,USD,False
VMW,USD,False
VNDA,USD,False
VNET,CNY,True
VNO,USD,False
VNOM,USD,False
VOD,EUR,True
VOLT,UNKNOWN,False
VPG,USD,False
VRDN,USD,False
VRE,USD,False
VRN,CAD,True
VRNS,USD,False
VRNT,USD,False
VRSK,USD,False
VRSN,USD,False
VRTV,USD,False
VRTX,USD,False
VSAT,USD,False
VSEC,USD,False
VSH,USD,False
VSTM,USD,False
VSTO,USD,False
VTLE,USD,False
VTOL,USD,False
VTR,USD,False
VTRS,USD,False
VVI,USD,False
VVX,USD,False
VYX,USD,False
VZ,USD,False
VZA,USD,False
W,USD,False
WAB,USD,False
WAT,USD,False
WB,USD,False
WBA,USD,False
WBD,USD,False
WBI,USD,False
WCC,USD,False
WCN,USD,False
WDAY,USD,False
WDC,USD,False
WDFC,USD,False
WDS,USD,False
WELL,USD,False
WEN,USD,False
WERN,USD,False
WES,USD,False
WEX,USD,False
WFG,USD,False
WGO,USD,False
WHR,USD,False
WILC,ILS,True
WINA,USD,False
WING,USD,False
WIRE,USD,False
WIT,INR,True
WIX,USD,False
WK,USD,False
WKC,USD,False
WLDN,USD,False
WLFC,USD,False
WLK,USD,False
WLKP,USD,False
WLY,USD,False
WLYB,USD,False
WM,USD,False
WMB,USD,False
WMK,USD,False
WMS,USD,False
WMT,USD,False
WNC,USD,False
WNS,USD,False
WOLF,USD,False
WOR,USD,False
WPC,USD,False
WPM,USD,False
WPP,GBP,True
WRE,USD,False
WRK,USD,False
WRN,CAD,True
WSC,USD,False
WSM,USD,False
WSO,USD,False
WSR,USD,False
WST,USD,False
WTS,USD,False
WVE,USD,False
WWD,USD,False
WWE,USD,False
WWW,USD,False
WY,USD,False
WYNN,USD,False
X,USD,False
XENE,USD,False
XHR,USD,False
XNCR,USD,False
XOM,USD,False
XPO,USD,False
XPRO,USD,False
XRAY,USD,False
XYL,USD,False
XYZ,USD,False
YELP,USD,False
YNDX,RUB,True
YPF,ARS,True
YUM,USD,False
YY,USD,False
Z,USD,False
ZBH,USD,False
ZBRA,USD,False
ZD,USD,False
ZEUS,USD,False
ZG,USD,False
ZTS,USD,False
ZUMZ,USD,False
ZVRA,USD,False
ZWS,USD,False
