frequency,ticker,forecast_date,target_date,indicator,value,exog_var,params
Q,NX,2025-09-04,2025-09-30,PSR_quarter_with_exog,1.6860301875663724,391740,"(1,0,2)(1,0,1,4)"
Q,NX,2025-09-04,2025-12-31,PSR_quarter_with_exog,1.8832265950570275,391740,"(1,0,2)(1,0,1,4)"
Q,NX,2025-09-04,2026-03-31,PSR_quarter_with_exog,1.5838050655934637,391740,"(1,0,2)(1,0,1,4)"
Q,NX,2025-09-04,2026-06-30,PSR_quarter_with_exog,1.569814688353672,391740,"(1,0,2)(1,0,1,4)"
Q,NX,2025-09-04,2025-09-30,revenue_with_exog,385.3588802315483,391740,"(0,0,2)(1,0,1,4)"
Q,NX,2025-09-04,2025-12-31,revenue_with_exog,405.30386255317643,391740,"(0,0,2)(1,0,1,4)"
Q,NX,2025-09-04,2026-03-31,revenue_with_exog,323.84145935360294,391740,"(0,0,2)(1,0,1,4)"
Q,NX,2025-09-04,2026-06-30,revenue_with_exog,355.5993235058049,391740,"(0,0,2)(1,0,1,4)"
Q,NX,2025-09-04,2025-09-30,PSR_quarter_without_exog,1.6632801981227636,391740,"(1,0,2)(1,0,1,4)"
Q,NX,2025-09-04,2025-12-31,PSR_quarter_without_exog,1.8688088001045424,391740,"(1,0,2)(1,0,1,4)"
Q,NX,2025-09-04,2026-03-31,PSR_quarter_without_exog,1.5734312654711238,391740,"(1,0,2)(1,0,1,4)"
Q,NX,2025-09-04,2026-06-30,PSR_quarter_without_exog,1.5637899803670026,391740,"(1,0,2)(1,0,1,4)"
Q,NX,2025-09-04,2025-09-30,revenue_without_exog,465.7622192076511,391740,"(0,1,2)(0,1,1,4)"
Q,NX,2025-09-04,2025-12-31,revenue_without_exog,520.0570658491038,391740,"(0,1,2)(0,1,1,4)"
Q,NX,2025-09-04,2026-03-31,revenue_without_exog,467.1943379968691,391740,"(0,1,2)(0,1,1,4)"
Q,NX,2025-09-04,2026-06-30,revenue_without_exog,498.9728413690806,391740,"(0,1,2)(0,1,1,4)"
Q,NX,2025-09-04,2025-09-30,forward_revenue_with_exog,1470.1035256441326,391740,
Q,NX,2025-09-04,2025-12-31,forward_revenue_with_exog,1470.1035256441326,391740,
Q,NX,2025-09-04,2026-03-31,forward_revenue_with_exog,1470.1035256441326,391740,
Q,NX,2025-09-04,2026-06-30,forward_revenue_with_exog,1470.1035256441326,391740,
Q,NX,2025-09-04,2025-09-30,forward_revenue_without_exog,1951.9864644227046,391740,
Q,NX,2025-09-04,2025-12-31,forward_revenue_without_exog,1951.9864644227046,391740,
Q,NX,2025-09-04,2026-03-31,forward_revenue_without_exog,1951.9864644227046,391740,
Q,NX,2025-09-04,2026-06-30,forward_revenue_without_exog,1951.9864644227046,391740,
Q,NX,2025-09-04,2025-09-30,value_with_exog,2478.638923083762,391740,
Q,NX,2025-09-04,2025-12-31,value_with_exog,2768.5380569801314,391740,
Q,NX,2025-09-04,2026-03-31,value_with_exog,2328.357410861988,391740,
Q,NX,2025-09-04,2026-06-30,value_with_exog,2307.7901079566786,391740,
Q,NX,2025-09-04,2025-09-30,value_without_exog,3246.700433277949,391740,
Q,NX,2025-09-04,2025-12-31,value_without_exog,3647.8894823981027,391740,
Q,NX,2025-09-04,2026-03-31,value_without_exog,3071.316532899121,391740,
Q,NX,2025-09-04,2026-06-30,value_without_exog,3052.496874876236,391740,
M,NX,2025-09-04,2025-10-31,PSR_monthly_sarima_with_exog,530897.2116679221,391740,"(0,1,2)(0,1,1,4)"
M,NX,2025-09-04,2025-11-30,PSR_monthly_sarima_with_exog,559342.5694713917,391740,"(0,1,2)(0,1,1,4)"
M,NX,2025-09-04,2025-12-31,PSR_monthly_sarima_with_exog,488545.3255068269,391740,"(0,1,2)(0,1,1,4)"
M,NX,2025-09-04,2026-01-31,PSR_monthly_sarima_with_exog,463915.6450024762,391740,"(0,1,2)(0,1,1,4)"
M,NX,2025-09-04,2026-02-28,PSR_monthly_sarima_with_exog,477768.4001416098,391740,"(0,1,2)(0,1,1,4)"
M,NX,2025-09-04,2026-03-31,PSR_monthly_sarima_with_exog,506284.72327525273,391740,"(0,1,2)(0,1,1,4)"
M,NX,2025-09-04,2026-04-30,PSR_monthly_sarima_with_exog,435487.479310688,391740,"(0,1,2)(0,1,1,4)"
M,NX,2025-09-04,2026-05-31,PSR_monthly_sarima_with_exog,410857.7988063372,391740,"(0,1,2)(0,1,1,4)"
M,NX,2025-09-04,2026-06-30,PSR_monthly_sarima_with_exog,424710.5539454708,391740,"(0,1,2)(0,1,1,4)"
M,NX,2025-09-04,2026-07-31,PSR_monthly_sarima_with_exog,453226.87707911374,391740,"(0,1,2)(0,1,1,4)"
M,NX,2025-09-04,2026-08-31,PSR_monthly_sarima_with_exog,382429.633114549,391740,"(0,1,2)(0,1,1,4)"
M,NX,2025-09-04,2026-09-30,PSR_monthly_sarima_with_exog,357799.9526101982,391740,"(0,1,2)(0,1,1,4)"
M,NX,2025-09-04,2025-10-31,PSR_monthly_sarima_without_exog,625780.5114274452,391740,"(2,1,2)(0,1,1,4)"
M,NX,2025-09-04,2025-11-30,PSR_monthly_sarima_without_exog,706085.4259883966,391740,"(2,1,2)(0,1,1,4)"
M,NX,2025-09-04,2025-12-31,PSR_monthly_sarima_without_exog,589574.1763530241,391740,"(2,1,2)(0,1,1,4)"
M,NX,2025-09-04,2026-01-31,PSR_monthly_sarima_without_exog,511676.7771763579,391740,"(2,1,2)(0,1,1,4)"
M,NX,2025-09-04,2026-02-28,PSR_monthly_sarima_without_exog,549315.9424290489,391740,"(2,1,2)(0,1,1,4)"
M,NX,2025-09-04,2026-03-31,PSR_monthly_sarima_without_exog,630030.2043570942,391740,"(2,1,2)(0,1,1,4)"
M,NX,2025-09-04,2026-04-30,PSR_monthly_sarima_without_exog,563206.4454209682,391740,"(2,1,2)(0,1,1,4)"
M,NX,2025-09-04,2026-05-31,PSR_monthly_sarima_without_exog,519306.17167527543,391740,"(2,1,2)(0,1,1,4)"
M,NX,2025-09-04,2026-06-30,PSR_monthly_sarima_without_exog,546389.1915102517,391740,"(2,1,2)(0,1,1,4)"
M,NX,2025-09-04,2026-07-31,PSR_monthly_sarima_without_exog,596551.3816887733,391740,"(2,1,2)(0,1,1,4)"
M,NX,2025-09-04,2026-08-31,PSR_monthly_sarima_without_exog,515876.3424954169,391740,"(2,1,2)(0,1,1,4)"
M,NX,2025-09-04,2026-09-30,PSR_monthly_sarima_without_exog,483332.4669397728,391740,"(2,1,2)(0,1,1,4)"
M,NX,2025-09-04,2025-10-31,forward_revenue_with_exog,1470.1035256441326,391740,
M,NX,2025-09-04,2025-11-30,forward_revenue_with_exog,1470.1035256441326,391740,
M,NX,2025-09-04,2025-12-31,forward_revenue_with_exog,1470.1035256441326,391740,
M,NX,2025-09-04,2026-01-31,forward_revenue_with_exog,1470.1035256441326,391740,
M,NX,2025-09-04,2026-02-28,forward_revenue_with_exog,1470.1035256441326,391740,
M,NX,2025-09-04,2026-03-31,forward_revenue_with_exog,1470.1035256441326,391740,
M,NX,2025-09-04,2026-04-30,forward_revenue_with_exog,1470.1035256441326,391740,
M,NX,2025-09-04,2026-05-31,forward_revenue_with_exog,1470.1035256441326,391740,
M,NX,2025-09-04,2026-06-30,forward_revenue_with_exog,1470.1035256441326,391740,
M,NX,2025-09-04,2026-07-31,forward_revenue_with_exog,1470.1035256441326,391740,
M,NX,2025-09-04,2026-08-31,forward_revenue_with_exog,1470.1035256441326,391740,
M,NX,2025-09-04,2026-09-30,forward_revenue_with_exog,1470.1035256441326,391740,
M,NX,2025-09-04,2025-10-31,forward_revenue_without_exog,1951.9864644227046,391740,
M,NX,2025-09-04,2025-11-30,forward_revenue_without_exog,1951.9864644227046,391740,
M,NX,2025-09-04,2025-12-31,forward_revenue_without_exog,1951.9864644227046,391740,
M,NX,2025-09-04,2026-01-31,forward_revenue_without_exog,1951.9864644227046,391740,
M,NX,2025-09-04,2026-02-28,forward_revenue_without_exog,1951.9864644227046,391740,
M,NX,2025-09-04,2026-03-31,forward_revenue_without_exog,1951.9864644227046,391740,
M,NX,2025-09-04,2026-04-30,forward_revenue_without_exog,1951.9864644227046,391740,
M,NX,2025-09-04,2026-05-31,forward_revenue_without_exog,1951.9864644227046,391740,
M,NX,2025-09-04,2026-06-30,forward_revenue_without_exog,1951.9864644227046,391740,
M,NX,2025-09-04,2026-07-31,forward_revenue_without_exog,1951.9864644227046,391740,
M,NX,2025-09-04,2026-08-31,forward_revenue_without_exog,1951.9864644227046,391740,
M,NX,2025-09-04,2026-09-30,forward_revenue_without_exog,1951.9864644227046,391740,
M,NX,2025-09-04,2025-10-31,value_monthly_sarima_with_exog,780473862.6276516,391740,
M,NX,2025-09-04,2025-11-30,value_monthly_sarima_with_exog,822291483.4227412,391740,
M,NX,2025-09-04,2025-12-31,value_monthly_sarima_with_exog,718212205.4645466,391740,
M,NX,2025-09-04,2026-01-31,value_monthly_sarima_with_exog,682004025.319612,391740,
M,NX,2025-09-04,2026-02-28,value_monthly_sarima_with_exog,702369009.4895372,391740,
M,NX,2025-09-04,2026-03-31,value_monthly_sarima_with_exog,744290956.6667131,391740,
M,NX,2025-09-04,2026-04-30,value_monthly_sarima_with_exog,640211678.7085186,391740,
M,NX,2025-09-04,2026-05-31,value_monthly_sarima_with_exog,604003498.563584,391740,
M,NX,2025-09-04,2026-06-30,value_monthly_sarima_with_exog,624368482.7335092,391740,
M,NX,2025-09-04,2026-07-31,value_monthly_sarima_with_exog,666290429.910685,391740,
M,NX,2025-09-04,2026-08-31,value_monthly_sarima_with_exog,562211151.9524906,391740,
M,NX,2025-09-04,2026-09-30,value_monthly_sarima_with_exog,526002971.8075559,391740,
M,NX,2025-09-04,2025-10-31,value_monthly_sarima_without_exog,1221515088.0058906,391740,
M,NX,2025-09-04,2025-11-30,value_monthly_sarima_without_exog,1378269194.2554896,391740,
M,NX,2025-09-04,2025-12-31,value_monthly_sarima_without_exog,1150840812.0142677,391740,
M,NX,2025-09-04,2026-01-31,value_monthly_sarima_without_exog,998786143.207683,391740,
M,NX,2025-09-04,2026-02-28,value_monthly_sarima_without_exog,1072257284.3131051,391740,
M,NX,2025-09-04,2026-03-31,value_monthly_sarima_without_exog,1229810431.0825183,391740,
M,NX,2025-09-04,2026-04-30,value_monthly_sarima_without_exog,1099371358.1373546,391740,
M,NX,2025-09-04,2026-05-31,value_monthly_sarima_without_exog,1013678618.001311,391740,
M,NX,2025-09-04,2026-06-30,value_monthly_sarima_without_exog,1066544306.1348763,391740,
M,NX,2025-09-04,2026-07-31,value_monthly_sarima_without_exog,1164460222.389148,391740,
M,NX,2025-09-04,2026-08-31,value_monthly_sarima_without_exog,1006983637.866945,391740,
M,NX,2025-09-04,2026-09-30,value_monthly_sarima_without_exog,943458433.282471,391740,
M,NX,2025-09-04,2025-10-31,forecasted_PSR_lstm,572966.5,391740,LSTM
M,NX,2025-09-04,2025-11-30,forecasted_PSR_lstm,610853.8125,391740,LSTM
M,NX,2025-09-04,2025-12-31,forecasted_PSR_lstm,652599.0625,391740,LSTM
M,NX,2025-09-04,2026-01-31,forecasted_PSR_lstm,685576.1875,391740,LSTM
M,NX,2025-09-04,2026-02-28,forecasted_PSR_lstm,716973.5,391740,LSTM
M,NX,2025-09-04,2026-03-31,forecasted_PSR_lstm,747733.4375,391740,LSTM
M,NX,2025-09-04,2026-04-30,forecasted_PSR_lstm,777067.6875,391740,LSTM
M,NX,2025-09-04,2026-05-31,forecasted_PSR_lstm,802318.5625,391740,LSTM
M,NX,2025-09-04,2026-06-30,forecasted_PSR_lstm,824258.3125,391740,LSTM
M,NX,2025-09-04,2026-07-31,forecasted_PSR_lstm,842589.4375,391740,LSTM
M,NX,2025-09-04,2026-08-31,forecasted_PSR_lstm,856092.9375,391740,LSTM
M,NX,2025-09-04,2026-09-30,forecasted_PSR_lstm,865787.375,391740,LSTM
M,NX,2025-09-04,2025-10-31,forecasted_PSR_prophet,748609.6050860807,391740,Prophet
M,NX,2025-09-04,2025-11-30,forecasted_PSR_prophet,779872.3409371513,391740,Prophet
M,NX,2025-09-04,2025-12-31,forecasted_PSR_prophet,706160.4451296191,391740,Prophet
M,NX,2025-09-04,2026-01-31,forecasted_PSR_prophet,684852.4289033227,391740,Prophet
M,NX,2025-09-04,2026-02-28,forecasted_PSR_prophet,756318.3733173934,391740,Prophet
M,NX,2025-09-04,2026-03-31,forecasted_PSR_prophet,744869.0083445945,391740,Prophet
M,NX,2025-09-04,2026-04-30,forecasted_PSR_prophet,705682.9945545334,391740,Prophet
M,NX,2025-09-04,2026-05-31,forecasted_PSR_prophet,725812.3106048494,391740,Prophet
M,NX,2025-09-04,2026-06-30,forecasted_PSR_prophet,772073.0221053621,391740,Prophet
M,NX,2025-09-04,2026-07-31,forecasted_PSR_prophet,779340.2713325829,391740,Prophet
M,NX,2025-09-04,2026-08-31,forecasted_PSR_prophet,710138.9235247038,391740,Prophet
M,NX,2025-09-04,2026-09-30,forecasted_PSR_prophet,663175.5048835096,391740,Prophet
M,NX,2025-09-04,2025-10-31,forward_revenue_with_exog,1470.1035256441326,391740,
M,NX,2025-09-04,2025-11-30,forward_revenue_with_exog,1470.1035256441326,391740,
M,NX,2025-09-04,2025-12-31,forward_revenue_with_exog,1470.1035256441326,391740,
M,NX,2025-09-04,2026-01-31,forward_revenue_with_exog,1470.1035256441326,391740,
M,NX,2025-09-04,2026-02-28,forward_revenue_with_exog,1470.1035256441326,391740,
M,NX,2025-09-04,2026-03-31,forward_revenue_with_exog,1470.1035256441326,391740,
M,NX,2025-09-04,2026-04-30,forward_revenue_with_exog,1470.1035256441326,391740,
M,NX,2025-09-04,2026-05-31,forward_revenue_with_exog,1470.1035256441326,391740,
M,NX,2025-09-04,2026-06-30,forward_revenue_with_exog,1470.1035256441326,391740,
M,NX,2025-09-04,2026-07-31,forward_revenue_with_exog,1470.1035256441326,391740,
M,NX,2025-09-04,2026-08-31,forward_revenue_with_exog,1470.1035256441326,391740,
M,NX,2025-09-04,2026-09-30,forward_revenue_with_exog,1470.1035256441326,391740,
M,NX,2025-09-04,2025-10-31,forward_revenue_without_exog,1951.9864644227046,391740,
M,NX,2025-09-04,2025-11-30,forward_revenue_without_exog,1951.9864644227046,391740,
M,NX,2025-09-04,2025-12-31,forward_revenue_without_exog,1951.9864644227046,391740,
M,NX,2025-09-04,2026-01-31,forward_revenue_without_exog,1951.9864644227046,391740,
M,NX,2025-09-04,2026-02-28,forward_revenue_without_exog,1951.9864644227046,391740,
M,NX,2025-09-04,2026-03-31,forward_revenue_without_exog,1951.9864644227046,391740,
M,NX,2025-09-04,2026-04-30,forward_revenue_without_exog,1951.9864644227046,391740,
M,NX,2025-09-04,2026-05-31,forward_revenue_without_exog,1951.9864644227046,391740,
M,NX,2025-09-04,2026-06-30,forward_revenue_without_exog,1951.9864644227046,391740,
M,NX,2025-09-04,2026-07-31,forward_revenue_without_exog,1951.9864644227046,391740,
M,NX,2025-09-04,2026-08-31,forward_revenue_without_exog,1951.9864644227046,391740,
M,NX,2025-09-04,2026-09-30,forward_revenue_without_exog,1951.9864644227046,391740,
M,NX,2025-09-04,2025-10-31,lstm_value_with_exog,842320064.0,391740,LSTM
M,NX,2025-09-04,2025-11-30,lstm_value_with_exog,898018368.0,391740,LSTM
M,NX,2025-09-04,2025-12-31,lstm_value_with_exog,959388160.0,391740,LSTM
M,NX,2025-09-04,2026-01-31,lstm_value_with_exog,1007867968.0,391740,LSTM
M,NX,2025-09-04,2026-02-28,lstm_value_with_exog,1054025280.0,391740,LSTM
M,NX,2025-09-04,2026-03-31,lstm_value_with_exog,1099245568.0,391740,LSTM
M,NX,2025-09-04,2026-04-30,lstm_value_with_exog,1142369920.0,391740,LSTM
M,NX,2025-09-04,2026-05-31,lstm_value_with_exog,1179491328.0,391740,LSTM
M,NX,2025-09-04,2026-06-30,lstm_value_with_exog,1211745024.0,391740,LSTM
M,NX,2025-09-04,2026-07-31,lstm_value_with_exog,1238693632.0,391740,LSTM
M,NX,2025-09-04,2026-08-31,lstm_value_with_exog,1258545280.0,391740,LSTM
M,NX,2025-09-04,2026-09-30,lstm_value_with_exog,1272797056.0,391740,LSTM
M,NX,2025-09-04,2025-10-31,prophet_value_with_exog,1100533619.768109,391740,Prophet
M,NX,2025-09-04,2025-11-30,prophet_value_with_exog,1146493077.964049,391740,Prophet
M,NX,2025-09-04,2025-12-31,prophet_value_with_exog,1038128960.0554831,391740,Prophet
M,NX,2025-09-04,2026-01-31,prophet_value_with_exog,1006803970.2767223,391740,Prophet
M,NX,2025-09-04,2026-02-28,prophet_value_with_exog,1111866307.1233351,391740,Prophet
M,NX,2025-09-04,2026-03-31,prophet_value_with_exog,1095034555.3104372,391740,Prophet
M,NX,2025-09-04,2026-04-30,prophet_value_with_exog,1037427058.2817287,391740,Prophet
M,NX,2025-09-04,2026-05-31,prophet_value_with_exog,1067019236.7761033,391740,Prophet
M,NX,2025-09-04,2026-06-30,prophet_value_with_exog,1135027271.851813,391740,Prophet
M,NX,2025-09-04,2026-07-31,prophet_value_with_exog,1145710880.562485,391740,Prophet
M,NX,2025-09-04,2026-08-31,prophet_value_with_exog,1043977735.1707962,391740,Prophet
M,NX,2025-09-04,2026-09-30,prophet_value_with_exog,974936647.8500751,391740,Prophet
M,NX,2025-09-04,2025-10-31,lstm_value_without_exog,1118422784.0,391740,LSTM
M,NX,2025-09-04,2025-11-30,lstm_value_without_exog,1192378368.0,391740,LSTM
M,NX,2025-09-04,2025-12-31,lstm_value_without_exog,1273864576.0,391740,LSTM
M,NX,2025-09-04,2026-01-31,lstm_value_without_exog,1338235392.0,391740,LSTM
M,NX,2025-09-04,2026-02-28,lstm_value_without_exog,1399522560.0,391740,LSTM
M,NX,2025-09-04,2026-03-31,lstm_value_without_exog,1459565568.0,391740,LSTM
M,NX,2025-09-04,2026-04-30,lstm_value_without_exog,1516825600.0,391740,LSTM
M,NX,2025-09-04,2026-05-31,lstm_value_without_exog,1566114944.0,391740,LSTM
M,NX,2025-09-04,2026-06-30,lstm_value_without_exog,1608941056.0,391740,LSTM
M,NX,2025-09-04,2026-07-31,lstm_value_without_exog,1644723200.0,391740,LSTM
M,NX,2025-09-04,2026-08-31,lstm_value_without_exog,1671081856.0,391740,LSTM
M,NX,2025-09-04,2026-09-30,lstm_value_without_exog,1690005248.0,391740,LSTM
M,NX,2025-09-04,2025-10-31,prophet_value_without_exog,1461275816.2648559,391740,Prophet
M,NX,2025-09-04,2025-11-30,prophet_value_without_exog,1522300253.486968,391740,Prophet
M,NX,2025-09-04,2025-12-31,prophet_value_without_exog,1378415630.6037285,391740,Prophet
M,NX,2025-09-04,2026-01-31,prophet_value_without_exog,1336822671.3462985,391740,Prophet
M,NX,2025-09-04,2026-02-28,prophet_value_without_exog,1476323227.50975,391740,Prophet
M,NX,2025-09-04,2026-03-31,prophet_value_without_exog,1453974222.056611,391740,Prophet
M,NX,2025-09-04,2026-04-30,prophet_value_without_exog,1377483653.5437303,391740,Prophet
M,NX,2025-09-04,2026-05-31,prophet_value_without_exog,1416775806.0120337,391740,Prophet
M,NX,2025-09-04,2026-06-30,prophet_value_without_exog,1507076088.6955986,391740,Prophet
M,NX,2025-09-04,2026-07-31,prophet_value_without_exog,1521261660.8207197,391740,Prophet
M,NX,2025-09-04,2026-08-31,prophet_value_without_exog,1386181566.579932,391740,Prophet
M,NX,2025-09-04,2026-09-30,prophet_value_without_exog,1294509609.069304,391740,Prophet
