date,revenue,net_income,operating_income,gross_profit,total_assets,current_assets,total_liabilities,current_liabilities,stockholders_equity,cash,long_term_debt,cost_of_revenue,operating_expenses,research_development,income_tax_expense,pretax_income,interest_expense,net_ppe,accumulated_depreciation,intangible_assets,goodwill,other_noncurrent_assets,short_term_debt,long_term_debt_current,accounts_payable,accounts_receivable,inventory,deferred_revenue,accrued_liabilities,non_interest_current_liabilities,depreciation_amortization,capital_expenditures,net_income_ttm,roe,roic,roa,gross_margin,operating_margin,net_margin,debt_to_equity,debt_to_assets,equity_multiplier,current_ratio,quick_ratio,inventory_turnover,days_inventory,receivables_turnover,days_receivables,asset_turnover,revenue_yoy_growth,revenue_qoq_growth,gross_profit_yoy_growth,gross_profit_qoq_growth,operating_income_yoy_growth,operating_income_qoq_growth,net_income_yoy_growth,net_income_qoq_growth,total_assets_yoy_growth,total_assets_qoq_growth,stockholders_equity_yoy_growth,stockholders_equity_qoq_growth,revenue_ttm,revenue_ttm_yoy_growth,net_income_ttm_yoy_growth,roe_ttm,roe_trend,roa_ttm,roa_trend,roic_ttm,roic_trend,gross_margin_ttm,gross_margin_trend,operating_margin_ttm,operating_margin_trend,net_margin_ttm,net_margin_trend,interest_coverage,days_payable,cash_conversion_cycle,revenue_forecast,operating_income_forecast,operating_margin_forecast
2006-09-30,,,,,,,,,9984000000.0,6392000000.0,,,,,,,,,,,,,,,,,,,,,,,,,,,,,,,,,,,,,,,,,,,,,,,,,,,,,,,,,,,,,,,,,,,,,,,,
2007-09-29,,,,,,,,,14531000000.0,9352000000.0,,,,,,,,,,,,,,,,,,,,,,,,,,,,,,,,,,,,,,,,,,,,,,,,,,,45.54286858974359,,,,,,,,,,,,,,,,,,,,,
2008-06-28,,1072000000.0,1392000000.0,2600000000.0,,,,,14531000000.0,9373000000.0,,4864000000.0,1208000000.0,292000000.0,438000000.0,,,,,,,,,,,,,,,,,,1072000000.0,7.377331222902759,,,,,,,,,,,,,,,,,,,,,,,,,,,0.0,,,,7.377331222902759,,,,,,,,,,,,,,,,,
2008-09-27,,1072000000.0,1392000000.0,2600000000.0,36171000000.0,30006000000.0,13874000000.0,11361000000.0,22297000000.0,11875000000.0,,4864000000.0,1208000000.0,292000000.0,438000000.0,,,,,285000000.0,207000000.0,839000000.0,,,5520000000.0,2422000000.0,509000000.0,1617000000.0,4224000000.0,,,,2144000000.0,9.615643360093285,,5.9274004036382735,,,,62.22361752702157,38.35669458958834,1.6222361752702157,2.6411407446527595,2.5963383504973154,9.555992141453832,38.19592927631579,,,,,,,0.0,,0.0,,0.0,,,,53.444360333081,,,,8.496487291498022,,5.9274004036382735,,,,,,,,,,,,,,,
2008-12-27,,2255000000.0,3101000000.0,4507000000.0,36171000000.0,30006000000.0,13874000000.0,11361000000.0,22297000000.0,7236000000.0,,7373000000.0,1406000000.0,315000000.0,1004000000.0,,,,,285000000.0,207000000.0,839000000.0,,,5520000000.0,2422000000.0,509000000.0,1617000000.0,4224000000.0,,,,4399000000.0,27.25442210588272,,12.16167648115894,,,,62.22361752702157,38.35669458958834,1.6222361752702157,2.6411407446527595,2.5963383504973154,14.485265225933203,25.198019801980198,,,,,,,73.34615384615384,,122.77298850574714,,110.35447761194028,,0.0,123.32732371794873,0.0,,,,14.749132229626255,,9.044538442398608,,,,,,,,,,,,,,,
2009-03-28,,1620000000.0,2323000000.0,3627000000.0,36171000000.0,30006000000.0,13874000000.0,11361000000.0,22297000000.0,4466000000.0,,5457000000.0,1304000000.0,319000000.0,766000000.0,,,,,285000000.0,207000000.0,839000000.0,,,5520000000.0,2422000000.0,509000000.0,1617000000.0,4224000000.0,,,,6019000000.0,32.687085912892364,,16.64040253241547,,,,62.22361752702157,38.35669458958834,1.6222361752702157,2.6411407446527595,2.5963383504973154,10.721021611001964,34.04526296499908,,,,,,,-19.525183048591078,,-25.088681070622375,,-28.159645232815965,,0.0,53.444360333081,0.0,,,,19.23362065044278,,11.576493139070896,,,,,,,,,,,,,,,
2009-06-27,,1828000000.0,2632000000.0,3983000000.0,48140000000.0,35170000000.0,22252000000.0,16661000000.0,25888000000.0,5605000000.0,,5751000000.0,1351000000.0,341000000.0,864000000.0,,,,,259000000.0,207000000.0,2952000000.0,,,5520000000.0,2686000000.0,380000000.0,8469000000.0,4224000000.0,,,,6775000000.0,33.5238377990549,,14.073535521395927,,,,85.9548825710754,46.22351474864977,1.859548825710754,2.1109177120220877,2.088109957385511,15.134210526315789,24.11754477482177,,,,,,53.19230769230769,9.815274331403367,89.08045977011494,13.3017649591046,70.5223880597015,12.83950617283951,,33.090044510795934,78.15704356203979,16.105305646499524,,,531.9962686567164,25.770247294480818,,12.200753734652153,,,,,,,,,,,,,,,
2009-09-26,,2532000000.0,2632000000.0,5105000000.0,47501000000.0,31555000000.0,15861000000.0,11506000000.0,31640000000.0,5263000000.0,,5751000000.0,1351000000.0,341000000.0,864000000.0,,,,,247000000.0,206000000.0,2011000000.0,,,5601000000.0,3361000000.0,455000000.0,2053000000.0,3852000000.0,,,,8235000000.0,30.535624895711667,,19.684004206903147,,,,50.12958280657396,33.39087598155828,1.5012958280657396,2.7424821832087605,2.702937597775074,11.931535269709544,30.591201530168664,,,,,,96.34615384615384,28.169721315591257,89.08045977011494,0.0,136.1940298507463,38.51203501094091,31.3234359016892,-1.3273784794349819,41.90249809391398,22.218788627935716,,,284.09514925373134,31.000242678385415,,15.639904685468371,,,,,,,,,,,352.9094940010433,,,,
2009-12-26,,3378000000.0,4725000000.0,6411000000.0,53926000000.0,33332000000.0,18158000000.0,13097000000.0,35768000000.0,7609000000.0,,9272000000.0,1686000000.0,398000000.0,1380000000.0,,,,,241000000.0,253000000.0,1961000000.0,,,6511000000.0,3090000000.0,576000000.0,2590000000.0,3996000000.0,,,,9358000000.0,32.23284250409024,,20.773166698114252,,,,50.76604786401252,33.67206913177317,1.5076604786401253,2.5450103077040542,2.5010307704054364,17.091244239631337,21.35596419327006,,,,,,42.24539605058797,25.582761998041125,52.370203160270876,79.52127659574468,49.80044345898005,33.41232227488151,49.08628459262945,13.526031030925667,60.41619948872046,13.046776232616942,,,112.73016594680607,32.244847777937295,,17.7927772397072,,,,,,,,,,,236.80516609145815,,,,
2010-03-27,,3074000000.0,3979000000.0,5625000000.0,57057000000.0,32336000000.0,17709000000.0,12229000000.0,39348000000.0,10018000000.0,,7874000000.0,1646000000.0,426000000.0,955000000.0,,,,,263000000.0,480000000.0,1925000000.0,,,5666000000.0,2886000000.0,638000000.0,2542000000.0,4021000000.0,,,,10812000000.0,35.078270743774844,,23.194748358862142,,,,45.006099420555046,31.037383668962615,1.4500609942055505,2.644206394635702,2.5920353258647477,13.72972972972973,26.584645669291337,,,,,,55.08684863523574,-12.260177819372952,71.28712871287128,-15.788359788359784,89.75308641975307,-8.999407933688575,57.74239031268142,5.806104661944156,76.4721711441001,10.008946544397235,,,79.63116796810101,32.842643985657915,,19.43136369631887,,,,,,,,,,,259.26403352806705,,,,
2010-06-26,,3253000000.0,4234000000.0,6136000000.0,64725000000.0,36033000000.0,21614000000.0,15612000000.0,43111000000.0,9705000000.0,,9564000000.0,1902000000.0,464000000.0,1039000000.0,,,,,318000000.0,714000000.0,2119000000.0,,,8469000000.0,3447000000.0,942000000.0,2691000000.0,4452000000.0,,,,12237000000.0,35.47007927651125,,21.68431311744119,,,,50.135696226021196,33.39358825801468,1.501356962260212,2.308032282859339,2.247694081475788,14.468986384266262,25.226369719782518,,,,,,54.054732613607825,9.08444444444445,60.866261398176306,6.408645388288514,77.95404814004377,5.823031880286278,34.45159950145409,13.439192386560816,66.5288936959209,9.563383145267856,,,80.619926199262,33.329204355022,,21.33405809533018,,,,,,,,,,,266.93773525721457,,,,
2010-09-25,,4308000000.0,4234000000.0,7512000000.0,75183000000.0,41678000000.0,27392000000.0,20722000000.0,47791000000.0,11261000000.0,,9564000000.0,1902000000.0,464000000.0,1039000000.0,,,,,342000000.0,741000000.0,2263000000.0,,,12015000000.0,5510000000.0,1051000000.0,2984000000.0,5723000000.0,,,,14013000000.0,35.28345356347018,,22.844054644452413,,,,57.316231089535684,36.43376827208279,1.573162310895357,2.0112923462986196,1.9605733037351607,12.701195219123505,28.73745294855709,,,,,,47.14985308521058,22.42503259452413,60.866261398176306,0.0,70.14218009478672,32.43160159852443,58.276667859624,16.15758980301274,51.046144121365366,10.855698081696087,,,70.1639344262295,34.51616152196163,,22.1240707047175,,,,,,,,,,,336.14805520702635,,,,
2010-12-25,,6004000000.0,7827000000.0,10298000000.0,86742000000.0,43927000000.0,32076000000.0,23795000000.0,54666000000.0,10734000000.0,,16443000000.0,2471000000.0,575000000.0,1959000000.0,,,,,522000000.0,741000000.0,2954000000.0,,,14301000000.0,6027000000.0,885000000.0,3541000000.0,5953000000.0,,,,16639000000.0,36.798106906694386,,23.657121733443283,,,,58.6763253210405,36.97862627101058,1.586763253210405,1.846060096658962,1.808867409119563,22.50924024640657,16.21556285349389,,,,,,60.630166900639516,37.08732694355699,65.65079365079364,84.8606518658479,77.73830669034932,39.3686165273909,60.85376256351296,15.374486253541363,52.83493625587117,14.38555376535331,,,77.80508655695661,35.65747762261267,,22.84505946354976,,,,,,,,,,,230.99130329015387,,,,
2011-03-26,,5987000000.0,7874000000.0,10218000000.0,94904000000.0,46997000000.0,33427000000.0,24327000000.0,61477000000.0,15978000000.0,,14449000000.0,2344000000.0,581000000.0,1913000000.0,,,,,507000000.0,741000000.0,3885000000.0,,,13714000000.0,5798000000.0,930000000.0,3591000000.0,7022000000.0,,,,19552000000.0,38.78403173816018,,25.732918314567556,,,,54.37318021373847,35.221908454859644,1.5437318021373847,1.9318863813869362,1.8936572532576972,18.429846938775512,19.80483078413731,,,,,,81.65333333333334,-0.7768498737618978,97.88891681326966,0.6004854989140052,94.76252439817827,-0.28314457028647544,66.33191370033475,9.409513269235203,56.239198942767096,12.45929828412542,,,80.83610802811691,36.583917871208996,,23.479601952476113,,,,,,,,,,,244.7816457886359,,,,
2011-06-25,,7308000000.0,9379000000.0,11922000000.0,106758000000.0,46898000000.0,37415000000.0,26859000000.0,69343000000.0,12091000000.0,,16649000000.0,2543000000.0,628000000.0,2243000000.0,,,,,1169000000.0,741000000.0,3440000000.0,,,15270000000.0,6102000000.0,889000000.0,3992000000.0,7597000000.0,,,,23607000000.0,41.985167268394186,,27.532758349224125,,,,53.956419537660615,35.0465538882332,1.5395641953766062,1.7460813879891284,1.7129826129044268,18.185690879300928,20.070724968466575,,,,,,94.29595827900911,16.67645331767469,121.51629664619743,19.113538227076443,124.65416538579773,22.064473024887256,64.94090382387022,12.490516732698298,60.84757950407089,12.795029035248962,,,92.91493012993382,38.212689869179734,,24.941713260421846,,,,,,,,,,,260.217880953811,,,,
2011-09-24,,6623000000.0,9379000000.0,11380000000.0,116371000000.0,44988000000.0,39756000000.0,27970000000.0,76615000000.0,9815000000.0,,16649000000.0,2543000000.0,628000000.0,2243000000.0,,,7777000000.0,3991000000.0,3536000000.0,896000000.0,3556000000.0,,,14632000000.0,5369000000.0,776000000.0,4091000000.0,9247000000.0,,,,25922000000.0,41.67323119463692,25.351250555992742,27.06495296365516,,,,51.890621940873196,34.16315061312527,1.518906219408732,1.6084376117268502,1.5806936002860208,18.225506294471813,20.02687849120067,,,,,,51.49094781682641,-4.546217077671533,121.51629664619743,0.0,53.7372330547818,-9.373289545703333,54.78366120000533,9.004477416212374,60.31261116109727,10.486999408736274,,,84.9853707271819,39.81013427697142,,25.996937840222532,,25.351250555992742,,,,,,,,,292.0942699261217,,,,
2011-12-31,,13064000000.0,17340000000.0,20703000000.0,138681000000.0,54771000000.0,48627000000.0,34607000000.0,90054000000.0,10310000000.0,,25630000000.0,3363000000.0,758000000.0,4413000000.0,,,7777000000.0,3991000000.0,3472000000.0,896000000.0,4281000000.0,,,18221000000.0,8930000000.0,1236000000.0,4886000000.0,11500000000.0,,,,32982000000.0,45.5804311774461,42.398712433068184,29.262320171411083,,,,53.997601439136524,35.06392368096567,1.5399760143913652,1.5826566879533042,1.5469413702430144,24.167845355964168,15.102711666016386,,,,,,101.03903670615652,81.9244288224956,121.54082023763894,84.88111738991364,117.58827448367755,97.2520006039559,59.877567960157705,19.171443057119042,64.7349357918999,17.540951510800753,,,98.22104693791694,42.00571534465935,,27.39823744971448,,33.87498149453046,,,,,,,,,231.57491221225126,,,,
2012-03-31,,11622000000.0,15384000000.0,18564000000.0,150934000000.0,50712000000.0,48436000000.0,32036000000.0,102498000000.0,10121000000.0,,20622000000.0,3180000000.0,841000000.0,3910000000.0,,,8847000000.0,5094000000.0,3604000000.0,1141000000.0,4992000000.0,,,17011000000.0,7042000000.0,1102000000.0,5247000000.0,9778000000.0,,,,38617000000.0,47.10108248208568,37.663815544812195,31.416623955613044,,,,47.255556205974756,32.09084765526654,1.4725555620597475,1.5829691596953428,1.5485703583468597,20.29724409448819,17.98273688294055,,,,,,81.6793893129771,-10.33183596580206,95.37719075438152,-11.280276816608993,94.1205946216803,-11.037966932026944,59.03860743488156,8.835384803974588,66.72576736015094,13.8183756412819,,,97.5092062193126,44.08497803064072,,28.819163859975852,,35.1379261779577,,,,,,,,,271.90924740568323,,,,
2012-06-30,,8824000000.0,11573000000.0,14994000000.0,162896000000.0,51943000000.0,51150000000.0,33060000000.0,111746000000.0,7945000000.0,,20029000000.0,3421000000.0,876000000.0,3037000000.0,11861000000.0,,10487000000.0,5718000000.0,4329000000.0,1132000000.0,5438000000.0,,,16808000000.0,7657000000.0,1122000000.0,5822000000.0,10430000000.0,,,,40133000000.0,44.32406164924429,24.718618989562792,29.76629310153011,,,,45.77345050382117,31.40040271093213,1.4577345050382116,1.5711736237144585,1.5372353297035692,19.91944306315266,18.32380548205103,,,,,,25.767488676396578,-19.23076923076923,23.392685787397372,-24.77249089963599,20.74438970990695,-24.075030115298567,52.58434965061167,7.925318351067356,61.14964740492912,9.022615075416107,,,70.00465963485408,44.66970162585325,,29.37754754805235,,32.53309938085898,,,,,,,,,292.2879324978781,,,,
2012-09-29,,8223000000.0,11573000000.0,14401000000.0,176064000000.0,57653000000.0,57854000000.0,38542000000.0,118210000000.0,10746000000.0,0.0,20029000000.0,3421000000.0,876000000.0,3037000000.0,11861000000.0,,15452000000.0,6435000000.0,4224000000.0,1135000000.0,5478000000.0,,,21175000000.0,10930000000.0,791000000.0,5953000000.0,11414000000.0,,,,41733000000.0,42.841524445014755,24.90200055027438,28.54172722143382,,,,48.941713898993314,32.859641948382404,1.489417138989933,1.4958486845519174,1.4753256188054589,25.56349712827058,14.278171651105897,,,,,,26.546572934973646,-3.95491529945311,23.392685787397372,0.0,24.158236448739245,-6.810970081595647,51.2954258363338,8.083685296139876,54.2909351954578,5.784547097882697,,,60.99452202762132,44.96177493844771,,29.746741112497013,,32.420786879429386,,,,,,,,,326.26578960507265,,,,
2012-12-29,,13078000000.0,17210000000.0,21060000000.0,196088000000.0,72348000000.0,68742000000.0,46879000000.0,127346000000.0,16154000000.0,0.0,33452000000.0,3850000000.0,1010000000.0,4594000000.0,17672000000.0,0.0,15422000000.0,7792000000.0,4462000000.0,1381000000.0,5183000000.0,,,26398000000.0,11598000000.0,1455000000.0,7274000000.0,13207000000.0,,,,41747000000.0,38.405703771849126,32.2257535189787,24.940780060280375,,,,53.98049408697564,35.05670923258945,1.5398049408697565,1.543292305723245,1.5122549542439045,24.862133036046078,14.680960779624538,,,,,,1.7243877698884136,46.23984445524616,-0.7497116493656253,48.708200120971235,0.10716472749541239,59.04171227046091,41.395000036053965,11.373137041075964,41.410709130077514,7.728618560189493,,,26.575101570553628,43.16809308704846,,28.666356084714337,,29.87754715090702,,,,,,,,,243.42244110964964,,,,
2013-03-30,,9547000000.0,12558000000.0,16349000000.0,194743000000.0,63337000000.0,59253000000.0,35508000000.0,135490000000.0,12053000000.0,0.0,27254000000.0,3791000000.0,1119000000.0,3358000000.0,12905000000.0,0.0,15026000000.0,9168000000.0,4136000000.0,1400000000.0,5294000000.0,,,14912000000.0,7084000000.0,1245000000.0,7265000000.0,13331000000.0,,,,39672000000.0,33.339496109047516,23.035972674512532,22.953219334812555,,,,43.73237877334121,30.42625408872206,1.437323787733412,1.7837388757463106,1.74867635462431,23.224541968470387,15.716133411609306,,,,,,-11.931695755225169,-22.369420702754038,-18.36973478939158,-27.030796048808835,-17.854069867492683,-26.999541214252943,29.02526932301537,-0.6859165272734669,32.1879451306367,6.395175349049054,,,2.7319574280757264,39.727696493788926,,26.550504929514215,,26.2205864333321,,,,,,,,,213.76486020400674,,,,
2013-06-29,,6900000000.0,9201000000.0,13024000000.0,199856000000.0,68219000000.0,76502000000.0,36319000000.0,123354000000.0,11248000000.0,16958000000.0,22299000000.0,3823000000.0,1178000000.0,2535000000.0,9435000000.0,53000000.0,16327000000.0,10562000000.0,4353000000.0,1522000000.0,5421000000.0,,,15516000000.0,8839000000.0,1697000000.0,7333000000.0,13470000000.0,,,,37748000000.0,32.11229264142918,15.132450775674588,20.812014820042343,,,,62.01825640027887,38.278560563605794,1.6201825640027887,1.8783281478014262,1.8316032930422093,15.82050372472508,23.07132606843356,,,,,,-13.138588768840865,-20.337635329377946,-20.495982027132122,-26.73196368848543,-21.804170444242978,-27.725987221116576,22.689323249189663,2.62551157166111,10.387843860182922,-8.957118606539227,,,-5.9427403882092005,36.674754241835146,,24.311935359142275,,23.824044379860048,,,,,,,,173.60377358490567,264.5468406655007,,,,
2013-09-28,,7512000000.0,9201000000.0,13871000000.0,207000000000.0,73286000000.0,83451000000.0,43658000000.0,123549000000.0,14259000000.0,16960000000.0,22299000000.0,3823000000.0,1178000000.0,2535000000.0,9435000000.0,53000000.0,16597000000.0,11922000000.0,4179000000.0,1577000000.0,5146000000.0,0.0,,22367000000.0,13102000000.0,1764000000.0,7435000000.0,13856000000.0,,,,37037000000.0,30.639603903060486,14.643420180332178,19.337238685963705,,,,67.54486074351067,40.314492753623185,1.6754486074351067,1.6786385084062485,1.6382335425351597,17.45518590998043,20.91069106237948,,,,,,-3.6802999791681112,6.503378378378377,-20.495982027132122,0.0,-8.646479387085005,8.869565217391306,17.570883315158127,3.574573693059002,4.516538363928602,0.15808161875576765,,,-11.252486042220788,33.624274106346576,,22.010813225274745,,21.2593992873745,,,,,,,,173.60377358490567,356.3574599757837,,,,
2013-12-28,,13072000000.0,17463000000.0,21846000000.0,225184000000.0,80347000000.0,95500000000.0,53769000000.0,129684000000.0,14077000000.0,16961000000.0,35748000000.0,4383000000.0,1330000000.0,4637000000.0,17709000000.0,84000000.0,15488000000.0,13800000000.0,4105000000.0,2022000000.0,5091000000.0,0.0,,29588000000.0,14200000000.0,2122000000.0,8357000000.0,15824000000.0,,,1985000000.0,37031000000.0,28.814535268256623,27.158582253637586,17.580565525361287,,,,73.64054162425589,42.409762682961485,1.7364054162425588,1.4942996894121148,1.454834570105451,19.987699189264745,18.261231397560703,,,,,,3.7321937321937337,57.49405233941316,1.4700755374781993,89.7945875448321,-0.04587857470561563,74.01490947816826,14.83823589408837,8.784541062801932,1.8359430213748418,4.965641162615642,,,-11.296620116415546,31.22648198044845,,20.17075959154497,,19.99260647103922,,,,,,,,207.89285714285714,285.818647197046,,,,
2014-03-29,,10223000000.0,13593000000.0,17947000000.0,205989000000.0,70541000000.0,85810000000.0,43208000000.0,120179000000.0,18949000000.0,16962000000.0,27699000000.0,4354000000.0,1422000000.0,3595000000.0,13818000000.0,85000000.0,15120000000.0,15286000000.0,3928000000.0,2055000000.0,5106000000.0,0.0,,18914000000.0,9700000000.0,1829000000.0,8310000000.0,15984000000.0,,,1985000000.0,37707000000.0,29.496732102836088,20.77217672098248,18.81906111815378,,,,71.40182561013155,41.657564238867124,1.7140182561013155,1.632591186817256,1.5902610627661544,18.02147039687703,20.253619264233368,,,,,,9.774298122209313,-17.84766089902041,8.241758241758234,-22.161140697474657,7.080758353409444,-21.794675642594864,5.774790364737115,-8.52414025863294,-11.300464978965241,-7.329354430770185,,,-4.953115547489418,30.265790978895595,,19.137220037380278,,19.426657482656708,,,,,,,,159.91764705882352,222.86887613271236,,,,
2014-06-28,,7748000000.0,10282000000.0,14735000000.0,222520000000.0,67949000000.0,101580000000.0,46205000000.0,120940000000.0,12977000000.0,29030000000.0,22697000000.0,4453000000.0,1603000000.0,2736000000.0,10484000000.0,100000000.0,17585000000.0,16868000000.0,3767000000.0,2374000000.0,4160000000.0,2010000000.0,,20535000000.0,10788000000.0,1594000000.0,8396000000.0,15264000000.0,,,1985000000.0,38555000000.0,31.56442646974547,14.960752411538511,18.25624562001629,,,,83.99206217959319,45.64982922883336,1.8399206217959319,1.4705984200844064,1.4360999891786603,13.793375873594652,26.46197735383531,,,,,,13.137285012285016,-17.89714158355157,11.74872296489513,-24.35812550577503,12.289855072463762,-24.21011444781376,11.340164918741502,8.025185810892822,-1.9569693726997128,0.6332221103520608,,,2.1378616085620417,30.128824435974668,,18.498277737373765,,19.38373289162269,,,,,,,,102.82,289.87564435828523,,,,
2014-09-27,,8467000000.0,10282000000.0,16009000000.0,231839000000.0,68531000000.0,120292000000.0,63448000000.0,111547000000.0,13844000000.0,28987000000.0,22697000000.0,4453000000.0,1603000000.0,2736000000.0,10484000000.0,100000000.0,20624000000.0,18391000000.0,4142000000.0,4616000000.0,3764000000.0,6308000000.0,0.0,30196000000.0,17460000000.0,2111000000.0,8491000000.0,18453000000.0,,,1985000000.0,39510000000.0,33.61180113655698,16.38466428907546,18.00660378863319,,,,107.83974468161404,51.88600709975457,2.0783974468161404,1.0801128483167317,1.0468415080065565,11.71458064516129,31.15775212583161,,,,,,15.413452526854599,8.64608076009501,11.74872296489513,0.0,12.712992545260926,9.279814145585963,11.99951690821257,4.18793816286176,-9.714364341273507,-7.766661154291388,,,6.677106677106681,30.87187374434879,,18.165619013041137,,19.81904391880851,,,,,,,,102.82,422.64385161034494,,,,
2014-12-27,,18024000000.0,24246000000.0,29741000000.0,261894000000.0,83403000000.0,138566000000.0,73611000000.0,123328000000.0,19478000000.0,32504000000.0,44858000000.0,5495000000.0,1895000000.0,6392000000.0,24416000000.0,131000000.0,20392000000.0,20355000000.0,4370000000.0,4629000000.0,3608000000.0,3899000000.0,0.0,38001000000.0,16709000000.0,2283000000.0,8987000000.0,22724000000.0,,,3217000000.0,44462000000.0,35.14615907545887,39.21885563947183,18.256624195714032,,,,112.35566943435391,52.90919226862777,2.1235566943435393,1.1330235970167502,1.1020092105799404,20.366855845629967,17.921273797315973,,,,,,36.13933900942965,85.77675057779999,38.84212334650403,135.81015366660182,37.88249694002448,112.87350891697176,16.30222395907346,12.963737766294713,-4.901144320039485,10.56146736353285,,,20.06697091625935,32.45477969614935,,18.334633680629324,,22.83411226526707,,,,,,,,185.08396946564886,274.97865486646754,,,,
2015-03-28,,13569000000.0,18278000000.0,23656000000.0,261194000000.0,67891000000.0,132188000000.0,58729000000.0,129006000000.0,14489000000.0,40072000000.0,34354000000.0,5378000000.0,1918000000.0,4995000000.0,18564000000.0,163000000.0,20151000000.0,22309000000.0,4061000000.0,4711000000.0,3937000000.0,3799000000.0,0.0,23159000000.0,10905000000.0,2396000000.0,8944000000.0,22827000000.0,,,3217000000.0,47808000000.0,38.371491060858396,29.583600047636416,20.466498138844948,,,,102.46655194332047,50.60912578390009,2.0246655194332046,1.1560046995521804,1.115207137870558,16.26224852071006,22.444620713745124,,,,,,31.810330417339937,-20.459971083689187,34.46626940336939,-24.614369380516376,32.73011836055952,-24.717043941411454,26.799974755933565,-0.26728371020336983,7.344877224806323,4.603982874935131,,,26.788129525021876,34.67346943565493,,18.746492935802113,,25.036968096930558,,,,,,,,112.13496932515338,223.50592361879256,,,,
2015-06-27,,10677000000.0,14083000000.0,19681000000.0,273151000000.0,70953000000.0,147474000000.0,65285000000.0,125677000000.0,15319000000.0,40072000000.0,29924000000.0,5598000000.0,2034000000.0,3796000000.0,14473000000.0,201000000.0,21149000000.0,24395000000.0,3779000000.0,5044000000.0,4081000000.0,4499000000.0,2500000000.0,26474000000.0,10370000000.0,2042000000.0,9088000000.0,22724000000.0,,,3217000000.0,50737000000.0,41.14639298993987,23.056824378813484,20.47204698277688,,,,117.3436667011466,53.98991766458845,2.1734366670114658,1.0868193306272498,1.0555410890709964,16.45984598459846,22.17517711535891,,,,,,33.56633864947405,-16.8033479878255,36.96751604746158,-22.95108874056242,37.803304078471854,-21.313287640946278,22.753460363113433,4.577823380322665,3.9168182569869314,-2.5805001317768195,,,31.596420697704588,37.068961065703526,,19.300443276492263,,27.060986088749296,,,,,,,,70.06467661691542,286.69771755112953,,,,
2015-09-26,,11124000000.0,14083000000.0,20548000000.0,290345000000.0,89378000000.0,170990000000.0,80610000000.0,119355000000.0,21120000000.0,40072000000.0,29924000000.0,5598000000.0,2034000000.0,3796000000.0,14473000000.0,201000000.0,22471000000.0,26786000000.0,3893000000.0,5116000000.0,5422000000.0,8499000000.0,2500000000.0,35490000000.0,16849000000.0,2349000000.0,8940000000.0,25181000000.0,,,3217000000.0,53394000000.0,46.24819187360872,22.580503762163577,20.45026274263478,,,,143.2616982950023,58.89200778384336,2.432616982950023,1.1087706239920605,1.079630318819005,13.418834080717488,27.20057478946665,,,,,,28.352801549128625,4.405263960164629,36.96751604746158,0.0,31.380654304948628,4.186569261028383,25.235616095652592,6.29468682157488,6.999740019901934,-5.030355594102343,,,35.14047076689446,40.228058749966465,,19.91135801499266,,28.609945957021324,,,,,,,,70.06467661691542,400.6046985697099,,,,
2015-12-26,,18361000000.0,24171000000.0,30423000000.0,293284000000.0,76219000000.0,165017000000.0,76092000000.0,128267000000.0,16689000000.0,40072000000.0,45449000000.0,6252000000.0,2404000000.0,6212000000.0,24573000000.0,276000000.0,22300000000.0,29042000000.0,3924000000.0,5202000000.0,7974000000.0,7259000000.0,2500000000.0,33312000000.0,12953000000.0,2451000000.0,8989000000.0,24032000000.0,,,3612000000.0,53731000000.0,42.71229555436316,42.80073159240613,19.35631455136911,,,,128.65117294393727,56.26525824797807,2.2865117294393724,1.0016690322241497,0.969458024496662,19.20109843683988,19.009329138154854,,,,,,2.2931306950001673,48.058205178119515,-0.30932937391734416,71.63246467372008,1.8697292498890405,65.05753326141676,11.985765233262313,1.0122440544868994,4.004767773741569,7.466800720539557,,,20.847015428905593,42.11959286969254,,20.18628060390643,,29.505414945254902,,,,,,,,87.57608695652173,286.3566305089221,,,,
2016-03-26,,10516000000.0,13987000000.0,19921000000.0,305277000000.0,87592000000.0,174820000000.0,68265000000.0,130457000000.0,21514000000.0,40072000000.0,30636000000.0,5934000000.0,2511000000.0,3626000000.0,14142000000.0,321000000.0,23203000000.0,30848000000.0,3843000000.0,5249000000.0,7745000000.0,7998000000.0,2500000000.0,25098000000.0,12229000000.0,2281000000.0,9461000000.0,23208000000.0,,,3612000000.0,50678000000.0,39.06375860912731,20.00065748153861,17.892531126924418,,,,134.00584100508212,57.26602397167163,2.3400584100508213,1.2831172636050685,1.2497033618984839,13.100705580500321,27.861094790442614,,,,,,-15.788806222522823,-34.51993557505835,-23.47631031841558,-42.13313474825203,-22.499815756503793,-42.72643102227548,16.87749335742781,4.089210458122494,1.1247538874160856,1.707376020332596,,,6.003179384203472,42.29265975675976,,19.5427888509263,,27.109679303730452,,,,,,,,43.573208722741434,287.46907233320275,,,,
2016-06-25,,7796000000.0,10105000000.0,16106000000.0,305602000000.0,93761000000.0,179061000000.0,71486000000.0,126541000000.0,18237000000.0,40072000000.0,26252000000.0,6001000000.0,2560000000.0,2673000000.0,10469000000.0,409000000.0,25448000000.0,32543000000.0,3506000000.0,5261000000.0,7862000000.0,12496000000.0,3500000000.0,26318000000.0,11714000000.0,1831000000.0,8352000000.0,20820000000.0,,,3612000000.0,47797000000.0,37.901339317574475,13.07263998181281,16.5172361957519,,,,141.50433456350115,58.59287570107525,2.4150433456350116,1.3115994740228856,1.2859860672019696,13.556416214820553,26.92452003656864,,,,,,-18.16472740206291,-19.150645047939364,-28.246822409997876,-27.754343318796025,-26.983234991102368,-25.86534804108026,11.88024206391336,0.10646068979975887,0.6874766265903887,-3.0017553676690456,,,-5.7945877761791165,41.48139633866842,,18.55408615417005,,24.613633204480283,,,,,,,,24.706601466992666,367.002133170806,,,,
2016-09-24,,9014000000.0,10105000000.0,17813000000.0,321686000000.0,106869000000.0,193437000000.0,79006000000.0,128249000000.0,20484000000.0,40072000000.0,26252000000.0,6001000000.0,2560000000.0,2673000000.0,10469000000.0,409000000.0,27010000000.0,34235000000.0,3206000000.0,5414000000.0,8757000000.0,8105000000.0,3500000000.0,37294000000.0,15754000000.0,2132000000.0,8080000000.0,22027000000.0,,,3612000000.0,45687000000.0,36.90328104554046,11.9117311955851,14.929635917134917,,,,150.82924623193944,60.13224075651412,2.5082924623193943,1.352669417512594,1.3256841252563096,11.717027449230082,31.15124561938138,,,,,,-13.310297839205765,10.5985347075624,-28.246822409997876,0.0,-18.967997123336932,15.623396613648023,10.794399765795859,5.263054561161251,7.451719659838307,1.3497601567871387,,,-14.434206090571976,39.14516863165135,,17.173929447795086,,21.94644006283566,,,,,,,,24.706601466992666,505.98354411092487,,,,
2016-12-31,,17891000000.0,23359000000.0,30176000000.0,331141000000.0,103332000000.0,198751000000.0,84130000000.0,132390000000.0,16371000000.0,40072000000.0,48175000000.0,6817000000.0,2871000000.0,6289000000.0,24180000000.0,525000000.0,26510000000.0,36249000000.0,2848000000.0,5423000000.0,7390000000.0,10493000000.0,3499000000.0,38510000000.0,14057000000.0,2712000000.0,7889000000.0,23739000000.0,,,3334000000.0,45217000000.0,34.694637013393084,31.629626027061953,14.48276414301157,,,,150.12538711383036,60.020051881222805,2.5012538711383034,1.228242006418638,1.1960061809104956,18.661630834785978,19.55884795018163,,,,,,-0.81188574433817,69.40436759669903,-3.359397625253402,131.1627906976744,-2.5597734328195676,98.48014200133126,12.90796633979352,2.939201581666584,3.214388735995999,3.228875078947979,,,-15.845601235785677,37.14075399640883,,15.955541845705701,,19.15366367149962,,,,,,,,44.49333333333333,272.0812662169175,,,,
2017-04-01,,11029000000.0,14097000000.0,20591000000.0,334532000000.0,101990000000.0,200450000000.0,73342000000.0,134082000000.0,15157000000.0,40072000000.0,32305000000.0,6494000000.0,2776000000.0,3655000000.0,14684000000.0,530000000.0,27163000000.0,37961000000.0,2617000000.0,5473000000.0,7549000000.0,9992000000.0,3999000000.0,28573000000.0,11579000000.0,2910000000.0,7682000000.0,23096000000.0,,,3334000000.0,45730000000.0,34.57335213333384,15.124575596754116,14.29489113157208,,,,149.4980683462359,59.919529372376935,2.4949806834623587,1.3906083826456874,1.3509312535791225,12.446542092082451,29.32541402259712,,,,,,3.363284975653835,-31.763653234358436,0.7864445556588162,-39.65066997731067,4.878280715100791,-38.354479906098035,9.583099938744155,1.0240350787126928,2.778693362563911,1.2780421481985105,,,-9.76360550929397,36.01815237746047,,15.056131846867617,,17.934643200303494,,,,,,,,26.59811320754717,303.2025228292834,,,,
2017-07-01,,8717000000.0,10768000000.0,17488000000.0,345173000000.0,112875000000.0,212748000000.0,81302000000.0,132425000000.0,18571000000.0,40072000000.0,27920000000.0,6720000000.0,2937000000.0,2591000000.0,11308000000.0,602000000.0,29286000000.0,39695000000.0,2444000000.0,5661000000.0,10150000000.0,11980000000.0,6495000000.0,31915000000.0,12399000000.0,3146000000.0,7608000000.0,23304000000.0,,,3334000000.0,46651000000.0,36.028667856011985,10.380778618205087,14.337059659636587,,,,160.65546535774965,61.635180040153784,2.6065546535774966,1.388342230203439,1.3496469951538708,11.219610206951979,32.532324498567334,,,,,,8.580653172730667,-15.069690641542422,6.561108362196921,-23.614953536213378,11.813750641354549,-20.962915948862094,12.948540912690355,3.1808616216086882,4.649876324669466,-1.235810921674796,,,-2.3976400192480707,35.54998451206984,,14.511087712838789,,17.261677859401562,,,,,,,,17.88704318936877,380.6419233524355,,,,
2017-09-30,,10714000000.0,10768000000.0,19931000000.0,375319000000.0,128645000000.0,241272000000.0,100814000000.0,134047000000.0,20289000000.0,40072000000.0,27920000000.0,6720000000.0,2937000000.0,2591000000.0,11308000000.0,602000000.0,33783000000.0,41293000000.0,2298000000.0,5717000000.0,18177000000.0,11977000000.0,6496000000.0,44242000000.0,17874000000.0,4855000000.0,7548000000.0,25744000000.0,30551000000.0,,3334000000.0,48351000000.0,36.86750846372038,10.17246336100765,13.87393203779026,,,,179.99060031183092,64.28451530564666,2.799906003118309,1.2760628484139107,1.2279048544844962,7.991985115213969,45.670755730659025,,,,,,11.890192555998436,13.969579139981692,6.561108362196921,0.0,18.859551808298214,22.909257772169322,16.672469426708037,8.733591561333022,4.520892950432365,1.2248442514630975,,,5.830980366406191,35.54104136661482,,14.247161743002625,,16.8268609007572,,,,,,,,17.88704318936877,532.9627507163324,,,,
2017-12-30,88293000000.0,20065000000.0,26274000000.0,33912000000.0,406794000000.0,143810000000.0,266595000000.0,115788000000.0,140199000000.0,27491000000.0,40072000000.0,54381000000.0,7638000000.0,3407000000.0,6965000000.0,27030000000.0,734000000.0,33679000000.0,43431000000.0,2149000000.0,5889000000.0,13323000000.0,11980000000.0,6498000000.0,62985000000.0,23440000000.0,4421000000.0,8044000000.0,26281000000.0,30551000000.0,2745000000.0,2810000000.0,50525000000.0,37.070461390591696,24.97413894643685,13.693618001585506,38.408480853521795,29.757738439060855,22.725470875380836,190.15470866411314,65.53562736913524,2.9015470866411315,1.2420112619615158,1.2038294123743394,15.247721856161503,23.93800224343061,4.709336746939755,77.50560633345792,0.23929749910222445,,,12.380699893955471,70.1470071747529,12.479130099747415,144.00074294205055,12.151361019507023,87.27832742206458,22.846159188985958,8.386199472981648,5.8984817584409655,4.58943504890077,88293000000.0,,11.738947740893902,36.13499746091448,,14.049875207646107,,15.162989130600925,,38.408480853521795,,29.757738439060855,,22.725470875380836,,35.79564032697548,340.61230025192623,-239.1686916750377,,,
2018-03-31,61137000000.0,13822000000.0,15894000000.0,23422000000.0,367502000000.0,130053000000.0,240624000000.0,89320000000.0,126878000000.0,45059000000.0,40072000000.0,37715000000.0,7528000000.0,3378000000.0,2346000000.0,16168000000.0,792000000.0,35077000000.0,45425000000.0,2149000000.0,5889000000.0,23086000000.0,11980000000.0,8498000000.0,34311000000.0,14324000000.0,7662000000.0,7775000000.0,26756000000.0,30551000000.0,2745000000.0,2810000000.0,53318000000.0,40.86296750459841,14.913738262050618,15.18957771276035,38.310679294044526,25.99735021345503,22.608240509020725,189.64989990384464,65.47556203775761,2.8964989990384464,1.4560344827586207,1.3702530228392298,7.134884600832388,51.15709929736179,4.720457089912365,77.32302042952713,0.1741710515445121,,-30.756685127926332,13.7487251711913,-30.93300306676103,12.747393062353684,-39.506736697876235,25.32414543476289,-31.113879890356344,9.855559408367508,-9.658942855597674,-5.372831550842017,-9.501494304524282,149430000000.0,,16.593046140389234,37.70740130373062,,14.273546852943175,,15.110279796925049,,38.359580073783164,,27.87754432625794,,22.66685569220078,,20.068181818181817,304.29086570330105,-175.81074597641214,,,
2018-06-30,53265000000.0,11519000000.0,12612000000.0,20421000000.0,349197000000.0,115761000000.0,234248000000.0,88548000000.0,114949000000.0,31971000000.0,40072000000.0,32844000000.0,7809000000.0,3701000000.0,1765000000.0,13284000000.0,846000000.0,38117000000.0,47251000000.0,2149000000.0,5889000000.0,22546000000.0,11974000000.0,5498000000.0,38489000000.0,14104000000.0,5936000000.0,7403000000.0,25184000000.0,30551000000.0,2745000000.0,2810000000.0,56120000000.0,45.37259372448196,12.268731998194136,16.16429281218947,38.33849619825401,23.677837228949592,21.625833098657655,203.78428694464503,67.0819050564581,3.0378428694464503,1.3073248407643312,1.240287753534806,7.232768112750495,50.46477286566801,4.019544957174659,90.80629869520324,0.15341964658611404,,-12.875999803719518,16.771500457456547,-12.812740158825031,17.124814264487377,-20.649301623254058,32.144086268211545,-16.66184343799739,1.165792225927298,-4.980925273876058,-13.196903907872382,-9.40194517568057,202695000000.0,,20.29752845598165,40.04338277084811,,14.730355141081397,,15.582268141922313,,38.35255211527345,,26.477641960488494,,22.31984816101974,,14.907801418439716,391.204786262331,-249.9337147014598,,,
2018-09-29,62900000000.0,14125000000.0,12612000000.0,24084000000.0,365725000000.0,131339000000.0,258578000000.0,115929000000.0,107147000000.0,25913000000.0,40072000000.0,32844000000.0,7809000000.0,3701000000.0,1765000000.0,13284000000.0,846000000.0,41304000000.0,49099000000.0,2149000000.0,5889000000.0,22283000000.0,11964000000.0,8784000000.0,55888000000.0,23186000000.0,3956000000.0,7543000000.0,25184000000.0,33327000000.0,2745000000.0,2810000000.0,59531000000.0,49.36358284202758,12.599263095506114,16.0667922552507,38.289348171701114,20.05087440381558,22.456279809220987,241.33013523477095,70.70285050242668,3.4133013523477094,1.1329261875803294,1.0988018528582149,7.455226421518557,48.958942272561195,3.0638090599123236,119.13275039745628,0.16976050005127902,,18.088801276635678,20.83688726105062,17.93741736447774,17.124814264487377,0.0,31.836848982639545,22.623491622536672,-2.556225504171117,4.733144901015751,-20.06758823397764,-6.78735787175182,265595000000.0,,23.122582780087274,43.16740136542491,,15.278570195446507,,16.18896807554693,,38.33675112938036,,24.870950071320266,,22.35395607307005,,14.907801418439716,556.3793995859213,-388.28770691590387,,,
2018-12-29,84310000000.0,19965000000.0,23346000000.0,32031000000.0,373719000000.0,140828000000.0,255827000000.0,108283000000.0,117892000000.0,44771000000.0,40072000000.0,52279000000.0,8685000000.0,3902000000.0,3941000000.0,23906000000.0,890000000.0,39597000000.0,51929000000.0,2149000000.0,5889000000.0,34686000000.0,11969000000.0,9772000000.0,44293000000.0,18077000000.0,4988000000.0,7543000000.0,25184000000.0,36703000000.0,3395000000.0,3355000000.0,59431000000.0,46.05429867759821,20.508597173069372,15.228702148458769,37.99193452733958,27.690665401494485,23.680464950776894,217.00115359820856,68.4543734731175,3.1700115359820855,1.3005550271049011,1.2544905479161088,11.112551812094804,32.84574111976128,4.0614687959149265,89.86896572174119,0.2160374010426476,-4.511116396543324,34.038155802861695,-5.546709129511673,32.997010463378174,-11.14409682575931,85.10941960038059,-0.49838026414154024,41.345132743362825,-8.130650894555968,2.1857953380272077,-15.910955142333394,10.028278906548937,261612000000.0,196.29981991777376,17.62691736763977,45.413360687176535,,15.66234123216482,,15.07258263220506,,38.23261454783481,,24.35418181192867,,22.592704591919066,,26.231460674157304,374.4952084010788,-251.78050155957632,,,
2019-03-30,58015000000.0,11561000000.0,13415000000.0,21821000000.0,341998000000.0,123346000000.0,236138000000.0,93772000000.0,105860000000.0,37988000000.0,40072000000.0,36194000000.0,8406000000.0,3948000000.0,2232000000.0,13793000000.0,1010000000.0,38746000000.0,54290000000.0,2149000000.0,5889000000.0,34587000000.0,11924000000.0,10505000000.0,30443000000.0,15085000000.0,4884000000.0,7543000000.0,25184000000.0,35368000000.0,3395000000.0,3355000000.0,57170000000.0,49.1282042468355,11.071835302283105,16.11557434813249,37.61268637421357,23.12333017323106,19.927604929759546,223.06631399962217,69.04660261171118,3.2306631399962216,1.3153819903595956,1.2632982126860897,5.769807109835805,63.2603470188429,3.945390866741474,92.5130138757218,0.16353770260747005,-5.106563946546283,-31.18847111849128,-6.83545384681069,-31.87537073460086,-15.597080659368313,-42.53833633170565,-16.357980031833307,-42.093663911845724,-6.939826177816721,-8.487928095708275,-16.56551963303331,-10.205951209581654,258490000000.0,72.98400588904504,7.224577065906446,47.47966987273581,,15.893840391007856,,14.112106892263181,,38.05811631787707,,23.63567680187268,,21.922545697103768,,13.282178217821782,326.5072940266342,-170.73393313206952,,,
2019-06-29,53809000000.0,10044000000.0,11544000000.0,20227000000.0,322239000000.0,134973000000.0,225783000000.0,89704000000.0,96456000000.0,50530000000.0,40072000000.0,33582000000.0,8683000000.0,4257000000.0,1867000000.0,11911000000.0,866000000.0,37636000000.0,56348000000.0,2149000000.0,5889000000.0,33634000000.0,9953000000.0,13529000000.0,29115000000.0,14148000000.0,3355000000.0,7543000000.0,25184000000.0,31673000000.0,3395000000.0,3355000000.0,55695000000.0,52.690333719637664,9.484837388269954,16.58981645309456,37.590365923916075,21.45366016837332,18.666022412607557,234.0787509330679,70.06693789392345,3.340787509330679,1.504648622135022,1.4672478373316686,7.228931223764934,50.491557977487936,3.809217046580773,95.82021594900482,0.16028035434501575,1.0213085515817122,-7.249849176936996,-0.950002448459919,-7.304889785069424,-8.468125594671738,-13.947074170704433,-12.804930983592321,-13.121702274889714,-7.719997594481054,-5.777519166778755,-16.088004245360988,-8.883430946533155,259034000000.0,27.794962875255933,-0.7573057733428423,49.30910487152474,,16.000221301234127,,13.416133239782136,,37.87108374929258,,23.07963253672861,,21.182593025591245,,13.33025404157044,367.39116193198737,-221.07938800549462,,,
2019-09-28,64040000000.0,13686000000.0,11544000000.0,24313000000.0,338516000000.0,162819000000.0,248028000000.0,105718000000.0,90488000000.0,48844000000.0,40072000000.0,33582000000.0,8683000000.0,4257000000.0,1867000000.0,11911000000.0,866000000.0,37378000000.0,58579000000.0,2149000000.0,5889000000.0,32978000000.0,5980000000.0,10260000000.0,46236000000.0,22926000000.0,4106000000.0,7543000000.0,25184000000.0,37720000000.0,3395000000.0,3355000000.0,55256000000.0,55.91722113998026,9.531644675596098,15.69235531586488,37.96533416614616,18.0262336039975,21.37101811367895,274.10043320661305,73.2692103179761,3.7410043320661304,1.540125617208044,1.501286441287198,8.33093525179856,43.8126079447323,2.777585010409438,131.40911930043723,0.18186955885840217,1.8124006359300449,19.013547919493014,0.9508387311077948,20.200721807485046,-8.468125594671738,0.0,-3.107964601769908,36.26045400238949,-7.4397429762799945,5.051219746833868,-15.54779881844569,-6.187277100439581,260174000000.0,-2.04107758052674,-7.18113251919168,50.9475144460129,,15.906612066387675,,12.649228634804633,,37.790080247903845,,22.57347233677409,,20.911277601705734,,13.33025404157044,554.9886844142695,-379.7669571691,,,
2019-12-28,91819000000.0,22236000000.0,25569000000.0,35217000000.0,340618000000.0,163231000000.0,251087000000.0,102161000000.0,89531000000.0,39771000000.0,40072000000.0,56602000000.0,9648000000.0,4451000000.0,3682000000.0,25918000000.0,785000000.0,37031000000.0,60959000000.0,2149000000.0,5889000000.0,40457000000.0,4990000000.0,10224000000.0,45111000000.0,20970000000.0,4097000000.0,7543000000.0,25184000000.0,36263000000.0,2816000000.0,2107000000.0,57527000000.0,55.468294258592344,19.64991905672517,16.106403560224376,38.35480673934589,27.84717759940753,24.21720994565395,280.44699601255434,73.71512955862579,3.804469960125543,1.5977819324399722,1.5576785661847476,12.460539350577875,29.292471997455923,4.702998949983353,77.61005347477102,0.257074742033522,8.906416795160709,43.37757651467833,9.946614217476824,44.84843499362481,9.52197378565922,121.49168399168397,11.374906085649883,62.47259973695747,-8.857189492640194,0.6209455387633067,-24.056763817731486,-1.0575987976306211,267683000000.0,2.320612204333128,-3.2037152327909713,53.301013341261445,,16.126037419329077,,12.434559105718582,,37.88079830090542,,22.612600386252353,,21.045463850425,,32.57197452229299,288.2624288894385,-181.35990341721157,,,
2020-03-28,58313000000.0,11249000000.0,12853000000.0,22370000000.0,320400000000.0,143753000000.0,241975000000.0,96094000000.0,78425000000.0,40174000000.0,40072000000.0,35943000000.0,9517000000.0,4565000000.0,1886000000.0,13135000000.0,757000000.0,35889000000.0,62854000000.0,2149000000.0,5889000000.0,41965000000.0,4990000000.0,10392000000.0,32421000000.0,15722000000.0,3334000000.0,7543000000.0,25184000000.0,37324000000.0,2816000000.0,2107000000.0,57215000000.0,62.09403912418266,10.699609930936948,17.275112545629668,38.36194330595236,22.041397287054345,19.290724195290927,308.54319413452345,75.52278401997503,4.0854319413452345,1.4959622869273836,1.461267092638458,8.747383791676807,41.72676181732187,3.785698055636706,96.41550769125239,0.1760663528573456,0.5136602602775042,-36.49135799780002,2.5159250263507626,-36.47954113070392,-4.189340290719345,-49.73209746177011,-2.6987284836951786,-49.41086526353661,-6.3152416096000525,-5.935681614007482,-25.916304553183444,-12.404641967586649,267981000000.0,3.671708770165183,0.0787126115095349,56.542472060598236,,16.415921968703373,,12.341502762882044,,38.06811253384012,,22.34211716470817,,20.886243666807847,,16.97886393659181,319.1909412124753,-181.04867170390105,,,
2020-06-27,59685000000.0,11253000000.0,13091000000.0,22680000000.0,317344000000.0,140065000000.0,245062000000.0,95318000000.0,72282000000.0,33383000000.0,40072000000.0,37005000000.0,9589000000.0,4758000000.0,1884000000.0,13137000000.0,697000000.0,35687000000.0,65230000000.0,2149000000.0,5889000000.0,41000000000.0,4990000000.0,7509000000.0,35325000000.0,17882000000.0,3978000000.0,7543000000.0,25184000000.0,35005000000.0,2816000000.0,2107000000.0,58424000000.0,69.24818357453567,10.412075377389206,18.269403658321124,37.99949736114602,21.933484124989526,18.85398341291782,339.0359978971251,77.22282444287588,4.390359978971252,1.4694496317589543,1.4277156465725256,10.0927314877949,36.1646399135252,3.726818607555417,97.93876183295636,0.18663723082070663,10.920106301919752,2.352820125872457,12.127354526128453,1.3857845328564933,13.400900900900892,1.851707772504474,12.037037037037045,0.03555871633034169,-1.5190588352123724,-0.953807740324597,-25.062204528489673,-7.832961428116036,273857000000.0,5.722414818131982,4.899901247867855,60.681934524322735,,16.83581877001001,,12.573312260161856,,38.17039539314761,,22.462073153862224,,20.933233916885413,,18.781922525107603,317.80299959464935,-183.6995978481678,,,
2020-09-26,64698000000.0,12673000000.0,13091000000.0,24689000000.0,323888000000.0,143713000000.0,258549000000.0,105392000000.0,65339000000.0,38016000000.0,40072000000.0,37005000000.0,9589000000.0,4758000000.0,1884000000.0,13137000000.0,697000000.0,36766000000.0,66760000000.0,2149000000.0,5889000000.0,42522000000.0,4996000000.0,8773000000.0,42296000000.0,16120000000.0,4061000000.0,7543000000.0,25184000000.0,42684000000.0,2816000000.0,2107000000.0,57411000000.0,73.68556155223422,10.399763451076625,17.33413445570981,38.16037590033695,20.234010324894122,19.587931620761072,395.7039440456695,79.82666847799238,4.957039440456695,1.3636044481554577,1.325072111735236,9.062079098812294,40.277732738819076,3.3139374071607848,110.14088534421465,0.19534302329092215,1.0274828232354816,8.399095250062839,1.5464977584008555,8.858024691358036,13.400900900900892,0.0,-7.401724389887477,12.618857193637245,-4.321213768330001,2.0621155591408646,-27.792635487578465,-9.605434271326196,274515000000.0,5.512080376978479,3.9000289561314627,65.12401962738622,,17.246263554971243,,12.790341954031987,,38.2191558266953,,23.014017334086383,,20.48746229365594,,18.781922525107603,436.61910552628024,-286.2004874432465,,,
2020-12-26,111439000000.0,28755000000.0,33534000000.0,44328000000.0,354054000000.0,154106000000.0,287830000000.0,132507000000.0,66224000000.0,36010000000.0,40072000000.0,67111000000.0,10794000000.0,5163000000.0,4824000000.0,33579000000.0,638000000.0,37933000000.0,67560000000.0,2149000000.0,5889000000.0,43270000000.0,5000000000.0,7762000000.0,63846000000.0,27101000000.0,4973000000.0,7543000000.0,25184000000.0,48504000000.0,2666000000.0,3500000000.0,63930000000.0,82.09046258547077,28.47654982250285,18.40580878457747,39.777815665969726,30.091799100853382,25.803354301456405,434.6309495047112,81.29550859473413,5.346309495047112,1.16300270929083,1.125472616541013,14.79845644983462,24.66473454426249,4.636433608620582,78.7243020845485,0.32083918741506784,21.368126422635836,72.24489165043741,25.8710281966096,79.54554659970027,31.15100316789863,156.16072110610344,29.317323259579055,126.89970804071646,3.9445948247009754,9.313713382403787,-26.032323999508556,1.3544743568159934,294135000000.0,9.881837845511289,11.1304257131434,71.77956170910583,,17.821114861059517,,14.996999645476407,,38.57490805835126,,23.575172709447845,,20.883998382606556,,52.56112852664577,296.29498144864476,-192.9059448198338,,,
2021-03-27,89584000000.0,23630000000.0,27503000000.0,38079000000.0,337158000000.0,121465000000.0,267980000000.0,106385000000.0,69178000000.0,38466000000.0,40072000000.0,51505000000.0,10576000000.0,5262000000.0,4381000000.0,28011000000.0,670000000.0,37815000000.0,69465000000.0,2149000000.0,5889000000.0,43339000000.0,5000000000.0,8003000000.0,40127000000.0,18503000000.0,5219000000.0,7543000000.0,25184000000.0,45660000000.0,2666000000.0,3500000000.0,76311000000.0,103.40033739151644,25.650568968739552,23.210424023432154,42.50647437042329,30.700794784782996,26.377478121093052,387.3774899534534,79.48202326505674,4.873774899534534,1.1417493067631714,1.0926916388588617,12.043727347129662,30.30623240462091,5.23500365230095,69.72296950348276,0.27247482351366725,53.6261211050709,-19.611626091404265,70.22351363433171,-14.097184623714131,113.9811717108846,-17.98473191387845,110.06311672148637,-17.822987306555383,5.230337078651681,-4.77215340032876,-11.790883009244501,4.460618506885727,325406000000.0,21.42875800896331,33.37586297299659,82.10613627593928,,19.304942730510138,,18.73473940492706,,39.611040824469,,25.740022083880007,,22.65568686405709,,41.049253731343285,257.0626152800699,-157.03341337196622,,,
2021-06-26,81434000000.0,21744000000.0,24126000000.0,35255000000.0,329840000000.0,114423000000.0,265560000000.0,107754000000.0,64280000000.0,34050000000.0,40072000000.0,46179000000.0,11129000000.0,5717000000.0,2625000000.0,24369000000.0,665000000.0,38615000000.0,70242000000.0,2149000000.0,5889000000.0,44854000000.0,8000000000.0,8039000000.0,40409000000.0,17475000000.0,5178000000.0,7543000000.0,25184000000.0,43625000000.0,2666000000.0,3500000000.0,86802000000.0,127.12467597135367,25.276725071051903,26.824519765630793,43.292727853230836,29.626445956234498,26.701377802883318,413.1300560049782,80.51176327916566,5.131300560049782,1.0618909738849602,1.0138370733337045,10.087155963302752,36.18462937698954,4.606386288429448,79.23781835596925,0.25165640683329626,36.43964145095082,-9.097606715484908,55.445326278659614,-7.4161611386853625,84.29455351004506,-12.278660509762574,93.22847240735803,-7.9813796022005885,3.937682766965822,-2.170495731971356,-11.07052931573559,-7.08028563994334,347155000000.0,26.765063518551656,48.57250445022594,96.57525937514379,,21.443721757337556,,22.45090182834273,,40.9343484474902,,27.66326254169125,,24.617535461548464,,36.2796992481203,299.30173888564065,-183.87929115268184,,,
2021-09-25,81434000000.0,21744000000.0,24126000000.0,35255000000.0,351002000000.0,134836000000.0,287912000000.0,125481000000.0,63090000000.0,34940000000.0,118700000000.0,46179000000.0,11129000000.0,5717000000.0,2625000000.0,24369000000.0,665000000.0,39440000000.0,70283000000.0,2149000000.0,5889000000.0,48849000000.0,6000000000.0,9613000000.0,54763000000.0,26278000000.0,6580000000.0,7543000000.0,25184000000.0,47493000000.0,2666000000.0,3500000000.0,95873000000.0,149.30117029642838,25.42479706390937,28.41144482804605,43.292727853230836,29.626445956234498,26.701377802883318,456.35124425423993,82.02574344305731,5.563512442542399,1.0745531195957954,1.0221149018576519,8.67944742035523,42.053368414214255,3.8414076135666777,95.0172532357492,0.24132525300419327,25.86787845064762,0.0,42.79638705496376,0.0,84.29455351004506,0.0,71.57736921013178,0.0,8.371412340068174,6.415837982051897,-3.442048393761765,-1.851275668948349,363891000000.0,32.557783727665154,66.99413004476493,115.47916156119231,,24.213049350421617,,26.20716023155092,,42.21743643571367,,30.011371449526344,,26.395897007079025,,36.2796992481203,383.57841226531536,-246.50779061535192,,,
2021-12-25,123945000000.0,34630000000.0,41488000000.0,54243000000.0,381191000000.0,153154000000.0,309259000000.0,147574000000.0,71932000000.0,37119000000.0,117800000000.0,69702000000.0,12755000000.0,6306000000.0,6611000000.0,41241000000.0,694000000.0,39245000000.0,68454000000.0,2149000000.0,5889000000.0,50109000000.0,5000000000.0,11169000000.0,74362000000.0,30213000000.0,5876000000.0,7543000000.0,25184000000.0,49167000000.0,2697000000.0,2803000000.0,101748000000.0,147.2943628941197,46.647660071412304,27.67730484396358,43.76376618661503,33.47291137197951,27.939812013393038,429.9324361897347,81.1296699030145,5.299324361897347,1.0378115386179136,0.9979942266252863,12.849479214674163,28.405820492955726,4.325121261820847,84.39069748678848,0.33715292181517725,11.222283042740866,52.20301102733502,22.36735246345425,53.85902708835626,23.719210353670906,71.96385642045927,20.431229351417144,59.26232523914643,7.6646500251374095,8.60080569341486,8.619231698477892,14.014899350134735,376397000000.0,27.967429921634633,59.15532613796339,131.78013663835455,,26.530923365268144,,30.749937793778283,,43.213924065875005,,30.856649517307872,,26.930011435063182,,59.78097982708934,361.8685260107314,-249.07200803098718,,,
2022-03-26,97278000000.0,25010000000.0,29979000000.0,42559000000.0,350662000000.0,118180000000.0,283263000000.0,127508000000.0,67399000000.0,28098000000.0,113000000000.0,54719000000.0,12580000000.0,6387000000.0,5129000000.0,30139000000.0,691000000.0,39304000000.0,70020000000.0,2149000000.0,5889000000.0,51959000000.0,6999000000.0,9659000000.0,52682000000.0,20815000000.0,5460000000.0,7543000000.0,25184000000.0,50248000000.0,2697000000.0,2803000000.0,103128000000.0,151.018107001911,38.68690673661566,29.98691518129743,43.7498715022924,30.817862209338188,25.709821336787353,420.27774892802563,80.7794970655503,5.2027774892802565,0.9268438058788468,0.88402296326505,10.247963292443112,35.61683327546191,4.94826796886922,73.76318386479986,0.28285888749963656,8.588587247722801,-21.51518818830933,11.765014837574505,-21.540106557528162,9.002654255899367,-27.740551484766684,5.8400338552687225,-27.779382038694777,4.005243832268546,-8.008845959112366,-2.5716268177744417,-6.301785019184781,384091000000.0,18.03439395708746,35.14172268742384,143.6845790409532,,28.225046154734464,,34.00902223574731,,43.52477334884228,,30.88591637344667,,26.76309723898676,,43.3849493487699,309.5385971965862,-200.1585800563244,,,
2022-06-25,82959000000.0,19442000000.0,23076000000.0,35885000000.0,336309000000.0,112292000000.0,278202000000.0,129873000000.0,58107000000.0,27502000000.0,108700000000.0,47074000000.0,12809000000.0,6797000000.0,3624000000.0,23066000000.0,719000000.0,40335000000.0,71516000000.0,2149000000.0,5889000000.0,52605000000.0,10982000000.0,14009000000.0,48343000000.0,21803000000.0,5433000000.0,7543000000.0,25184000000.0,48811000000.0,2697000000.0,2803000000.0,100826000000.0,164.76586565566603,31.084876392516346,30.271305668851863,43.25630733253776,27.81615014645789,23.43567304331055,478.775362692963,82.72213946103138,5.7877536269296295,0.8646292916926536,0.8227961162058318,8.872679295071153,41.13751752559799,4.2241967513620855,86.40696006461023,0.24907040316806,1.8726821720657316,-14.719669401097878,1.7869805701318908,-15.681759439836462,-4.352151206167621,-23.02611828279796,-10.586828550404714,-22.263094762095157,1.9612539413048857,-4.0931153076181666,-9.603298070939637,-13.786554696657216,385616000000.0,11.078912877533087,16.15630976244786,153.09487646203127,,29.08674263053973,,35.46106006611342,,43.515668218669006,,30.43334242100252,,25.946671049093567,,32.09457579972184,344.08038407613543,-216.5359064859272,,,
2022-09-24,82959000000.0,19442000000.0,23076000000.0,35885000000.0,352755000000.0,135405000000.0,302083000000.0,153982000000.0,50672000000.0,23646000000.0,110087000000.0,47074000000.0,12809000000.0,6797000000.0,3624000000.0,23066000000.0,719000000.0,42117000000.0,72340000000.0,2149000000.0,5889000000.0,54428000000.0,9982000000.0,11128000000.0,64115000000.0,28184000000.0,4946000000.0,7543000000.0,25184000000.0,60845000000.0,2697000000.0,2803000000.0,98524000000.0,173.2107382078374,31.087360519643468,27.999437305774578,43.25630733253776,27.81615014645789,23.43567304331055,596.1536943479633,85.63535598361469,6.961536943479634,0.8793560286267226,0.8472353911496149,8.168315113656082,44.684857883332626,3.0464911314310896,119.80996636892922,0.23576035478155102,1.8726821720657316,0.0,1.7869805701318908,0.0,-4.352151206167621,0.0,-10.586828550404714,0.0,0.4994273536902849,4.890145669607415,-19.68299255032493,-12.79536028361471,387141000000.0,6.389275909544345,2.7651163518404465,159.07226843988354,,28.983740749971865,,36.876700930046944,,43.50656308849574,,29.980768468558367,,25.130244859200374,,32.09457579972184,460.8751115265327,-296.3802872742708,,,
2022-12-31,117154000000.0,29998000000.0,36016000000.0,50332000000.0,346747000000.0,128777000000.0,290020000000.0,137286000000.0,56727000000.0,20535000000.0,109400000000.0,66822000000.0,14316000000.0,7709000000.0,5625000000.0,35623000000.0,1003000000.0,42951000000.0,68044000000.0,2149000000.0,5889000000.0,60924000000.0,1743000000.0,9740000000.0,57918000000.0,23752000000.0,6820000000.0,7543000000.0,25184000000.0,59893000000.0,2916000000.0,3787000000.0,93892000000.0,145.9548107788806,49.3173606806276,25.796702466418843,42.96225480990832,30.742441572630895,25.60561312460522,511.25566308812387,83.64023336899814,6.1125566308812385,0.9380199000626429,0.888342584094518,10.526465028355387,34.67450839543863,4.341851199851756,84.065524864708,0.3218790611288324,-5.479043123966276,41.21915645077689,-7.210146931401285,40.25916120941897,-13.189355958349402,56.07557635638758,-13.375685821542016,54.29482563522272,-9.035890144310855,-1.7031650862496583,-21.138019240393703,11.949400063151238,380350000000.0,1.0502209103685711,-7.721036285725513,158.7373804110738,,28.51359015558568,,37.54412608235077,,43.30618524431905,,29.298151018721214,,24.546695137003418,,35.90827517447657,361.274729879381,-242.5346966192344,,,
2023-04-01,94836000000.0,24160000000.0,28318000000.0,41976000000.0,332160000000.0,112913000000.0,270002000000.0,120075000000.0,62158000000.0,24687000000.0,107600000000.0,52860000000.0,13658000000.0,7457000000.0,4222000000.0,28382000000.0,930000000.0,43398000000.0,69668000000.0,2149000000.0,5889000000.0,65388000000.0,1996000000.0,10578000000.0,42945000000.0,17936000000.0,7482000000.0,7543000000.0,25184000000.0,56425000000.0,2916000000.0,3787000000.0,93042000000.0,143.6309886767986,43.2308472027505,27.252197498030235,44.261672782487665,29.859968788223878,25.475557805052933,434.3801280607484,81.28672928709055,5.343801280607484,0.9403539454507599,0.8780428898605038,8.168752897542884,44.682463110102155,4.894634977161879,74.57144438820701,0.2777766387140426,-2.5103312156911084,-19.050139133106846,-1.3698630136986356,-16.601764285146626,-5.540545048200407,-21.373833851621505,-3.398640543782483,-19.461297419827982,-5.276305958444317,-4.20681361338382,-7.776079763794719,9.573924233610098,377908000000.0,-1.6097747669172158,-9.780079124970909,156.89060082979566,,27.82991073476888,,38.680111198884475,,43.43413556436788,,29.058677663442637,,24.488129254069815,,30.449462365591398,330.1537552024215,-210.89984770411235,,,
2023-07-01,81797000000.0,19881000000.0,22998000000.0,36413000000.0,335038000000.0,122659000000.0,274764000000.0,124963000000.0,60274000000.0,28408000000.0,105300000000.0,45384000000.0,13415000000.0,7442000000.0,2852000000.0,22733000000.0,998000000.0,43550000000.0,70787000000.0,2149000000.0,5889000000.0,64768000000.0,3993000000.0,7216000000.0,46699000000.0,19549000000.0,7351000000.0,7543000000.0,25184000000.0,58897000000.0,2916000000.0,3787000000.0,93481000000.0,157.93243848252675,34.5948502837686,27.848787586747243,44.5163025538834,28.115945572576013,24.305292370135824,455.85824733716026,82.00980187322035,5.558582473371603,0.9815625425125837,0.9227371301905364,7.100125156445557,51.407544509078086,3.956132714258077,92.26181889311344,0.24368024285503623,-1.400691908050966,-13.748998270698888,1.4713668663787205,-13.252811130169617,-0.33801352054082523,-18.786637474397907,2.257998148338647,-17.711092715231793,-0.3779262523453175,0.866449903660893,3.7293269313507738,-3.0309855529457197,376746000000.0,-2.3002157586822114,-7.284827326284882,155.18224403651084,,27.224281214242726,,39.55760467169755,,43.74913436970429,,29.133626519972168,,24.705534085776133,,23.044088176352705,382.1867838885951,-238.51742048640355,,,
2023-09-30,81797000000.0,19881000000.0,22998000000.0,36413000000.0,352583000000.0,143566000000.0,290437000000.0,145308000000.0,62146000000.0,29965000000.0,105103000000.0,45384000000.0,13415000000.0,7442000000.0,2852000000.0,22733000000.0,998000000.0,43715000000.0,70884000000.0,2149000000.0,5889000000.0,64758000000.0,5985000000.0,9822000000.0,62611000000.0,29508000000.0,6331000000.0,7543000000.0,25184000000.0,58829000000.0,2916000000.0,3787000000.0,93920000000.0,166.49825382474427,33.94385779281621,26.631203763302135,44.5163025538834,28.115945572576013,24.305292370135824,467.34624915521516,82.37407929480435,5.673462491552152,0.9880116717592975,0.9444421504665951,8.048949188613992,45.347534373347436,2.835644456770436,128.71853490959327,0.23193702877202135,-1.400691908050966,0.0,1.4713668663787205,0.0,-0.33801352054082523,0.0,2.257998148338647,0.0,-0.04875905373418199,5.236719416901958,22.643669087464467,3.1058167700832806,375584000000.0,-2.985217272259977,-4.6729730827006595,153.50412294073757,,26.882222828624617,,40.27172898999073,,44.064133175040695,,29.2085753765017,,24.922938917482448,,23.044088176352705,509.59578265468,-335.5297133717393,,,
2023-12-30,119575000000.0,33916000000.0,40373000000.0,54855000000.0,353514000000.0,143692000000.0,279414000000.0,133973000000.0,74100000000.0,40760000000.0,106000000000.0,64720000000.0,14482000000.0,7696000000.0,6407000000.0,40323000000.0,998000000.0,43666000000.0,72510000000.0,2149000000.0,5889000000.0,66681000000.0,1998000000.0,10954000000.0,58146000000.0,23194000000.0,6511000000.0,7543000000.0,25184000000.0,54611000000.0,2848000000.0,2392000000.0,97838000000.0,149.56851414463375,52.91972042983966,27.943295428418836,45.87497386577462,33.7637466025507,28.36378841731131,377.0769230769231,79.03901967107385,4.770769230769231,1.072544467915177,1.0239451232711068,9.709699197359537,37.591277812113724,5.094150726366464,71.65080493414175,0.34151552064158935,2.066510746538741,46.18506791202612,8.986330763728834,50.64674704089198,12.09740115504221,75.5500478302461,13.06087072471498,70.59504049092098,1.9515669926488233,0.26405130139570687,30.625628007826954,19.23534901683133,378005000000.0,-0.6165373997633727,4.202700975588969,154.40754878217584,,27.418871069124613,,41.172318927293745,,44.792312939007275,,29.96390163398165,,25.612482740658972,,40.45390781563126,327.28182941903583,-218.03974667278035,,,
2024-03-30,90753000000.0,23636000000.0,27900000000.0,42271000000.0,337411000000.0,128416000000.0,263217000000.0,123822000000.0,74194000000.0,32695000000.0,102600000000.0,48482000000.0,14371000000.0,7903000000.0,4422000000.0,28058000000.0,998000000.0,43546000000.0,71697000000.0,2149000000.0,5889000000.0,70262000000.0,1997000000.0,10762000000.0,45753000000.0,21837000000.0,6232000000.0,7543000000.0,25184000000.0,57298000000.0,2848000000.0,2392000000.0,97314000000.0,142.7393804271298,37.36995847416878,29.067567143738305,46.578074554009234,30.742785362467355,26.044318094167686,354.7685796695151,78.01079395751769,4.54768579669515,1.0371016459110658,0.9867713330425933,7.0704389674784895,51.62338599892743,4.563548135669927,79.98162595175917,0.27107804848178907,-4.305327090978106,-24.103700606314028,0.7027825424051892,-22.94047944581169,-1.4760929444169735,-30.894409630198403,-2.168874172185431,-30.310178087038565,1.5808646435452767,-4.5551237009001095,19.36355738601627,0.12685560053982137,373922000000.0,-1.0547540671274502,4.591474817824204,154.18464671975863,,27.87271348055163,,39.70709674514831,,45.37141338188766,,30.18460577754252,,25.754672812937663,,27.955911823647295,333.88443133534093,-202.27941938465432,,,
2024-06-29,85777000000.0,21448000000.0,25352000000.0,39678000000.0,331612000000.0,125435000000.0,264904000000.0,131624000000.0,66708000000.0,25565000000.0,98300000000.0,46099000000.0,14326000000.0,8006000000.0,4046000000.0,25494000000.0,998000000.0,44502000000.0,72627000000.0,2149000000.0,5889000000.0,70435000000.0,2994000000.0,12114000000.0,47574000000.0,22795000000.0,6165000000.0,7543000000.0,25184000000.0,60889000000.0,2848000000.0,2392000000.0,98881000000.0,155.7401836480761,34.978575126685364,29.66504162604065,46.2571551814589,29.555708406682445,25.004371801298714,397.109791929004,79.88371952764074,4.97109791929004,0.9529796997508053,0.9061417370692275,6.821396862977212,53.5081021280288,4.051435858681277,90.09151637385314,0.25733743343583587,4.865704121178038,-5.483014335614245,8.966577870540737,-6.134229140545533,10.235672667188457,-9.132616487455191,7.881897288868767,-9.257065493315286,-1.0225705740841362,-1.7186754433020868,10.67458605700633,-10.089764670997658,377902000000.0,0.3068380288045569,5.776574918967481,153.63658301114597,,28.32677699037498,,39.8030279558775,,45.80662653878154,,30.544546486069127,,25.92944267072838,,25.402805611222444,373.21465758476324,-229.6150390828813,,,
2024-09-28,85777000000.0,21448000000.0,25352000000.0,39678000000.0,364980000000.0,152987000000.0,308030000000.0,176392000000.0,56950000000.0,29943000000.0,96662000000.0,46099000000.0,14326000000.0,8006000000.0,4046000000.0,25494000000.0,998000000.0,45680000000.0,73448000000.0,2149000000.0,5889000000.0,74834000000.0,9967000000.0,10912000000.0,68960000000.0,33410000000.0,7286000000.0,7543000000.0,25184000000.0,78304000000.0,2848000000.0,2392000000.0,100448000000.0,168.68408678712973,36.45591995427342,27.996984236924146,46.2571551814589,29.555708406682445,25.004371801298714,540.8779631255487,84.39640528248124,6.408779631255487,0.8673125765340832,0.8260068483831466,6.770801204376882,53.9079481116727,2.726628309863632,133.86496380148526,0.23907865929542074,4.865704121178038,0.0,8.966577870540737,0.0,10.235672667188457,0.0,7.881897288868767,0.0,3.516051539637477,10.062362037561968,-8.360956457374568,-14.627930682976553,381882000000.0,1.6768552440998619,6.950596252129482,154.18304125174234,,28.668222108780483,,40.431043496241806,,46.24183969567541,,30.904487194595735,,26.104212528519106,,25.402805611222444,520.8726328119916,-333.09972089883365,,,
2024-12-28,124300000000.0,36330000000.0,42832000000.0,58275000000.0,344085000000.0,133240000000.0,277327000000.0,144365000000.0,66758000000.0,30299000000.0,94800000000.0,66025000000.0,15443000000.0,8268000000.0,6254000000.0,42584000000.0,998000000.0,46069000000.0,74546000000.0,2149000000.0,5889000000.0,77183000000.0,1995000000.0,10848000000.0,61910000000.0,29639000000.0,6911000000.0,7543000000.0,25184000000.0,61151000000.0,3080000000.0,2940000000.0,102862000000.0,146.05063255193173,56.131456309502894,29.490294567509412,46.882542236524536,34.458567980691875,29.227674979887368,415.42137271937446,80.598398651496,5.154213727193745,0.9229383853427077,0.8750666712845911,9.838325137833408,37.09981067777357,4.705392463043931,77.57057522123894,0.356365189743678,3.951494877691819,44.91064038145423,6.234618539786707,46.86980190533796,6.09070418348896,68.94919532975703,7.117584620827921,69.38642297650131,-2.667221100154449,-5.724971231300346,-9.90823211875843,17.222124670763826,386607000000.0,2.2756312747185925,5.135019113227979,153.30357085356684,,29.054971893553127,,41.23397746615762,,46.493731788362894,,31.07819253913103,,26.32018416916312,,42.91783567134269,331.84733055660735,-217.17694465759485,,,
2025-03-29,95359000000.0,24780000000.0,29589000000.0,44867000000.0,331233000000.0,118674000000.0,264437000000.0,144571000000.0,66796000000.0,28162000000.0,92200000000.0,50492000000.0,15278000000.0,8550000000.0,4530000000.0,29310000000.0,998000000.0,46876000000.0,74303000000.0,2149000000.0,5889000000.0,81259000000.0,5982000000.0,13638000000.0,54126000000.0,26136000000.0,6269000000.0,7543000000.0,25184000000.0,61849000000.0,3080000000.0,2940000000.0,104006000000.0,147.53670473083199,42.553420351622805,31.1095291365809,47.050619238876244,31.029058610094484,25.986010759341017,395.8874782921133,79.83413488390347,4.958874782921133,0.8208700223419635,0.7775072455748386,8.078073754099671,45.184039055692,3.975527901111042,91.81170628886628,0.2852310048396456,5.075314314678292,-23.283185840707965,6.141326204726649,-23.00815100815101,6.053763440860216,-30.91847217033993,4.840074462684041,-31.79190751445087,-1.8310013603587305,-3.7351235886481593,-9.971156697307059,0.05692201683693554,391213000000.0,4.6242264429479984,6.876708387282404,154.5029019294924,,29.565462391763777,,42.529842935521124,,46.61186795957965,,31.14976085103781,,26.30560733545645,,29.648296593186373,361.00605046343975,-224.0103051188815,,,
2025-06-28,94036000000.0,23434000000.0,28202000000.0,43718000000.0,331495000000.0,122491000000.0,265665000000.0,141120000000.0,65830000000.0,36269000000.0,91800000000.0,50318000000.0,15516000000.0,8866000000.0,4597000000.0,28031000000.0,998000000.0,48508000000.0,75803000000.0,2149000000.0,5889000000.0,82882000000.0,9923000000.0,9345000000.0,50374000000.0,27557000000.0,5925000000.0,7543000000.0,25184000000.0,62499000000.0,3080000000.0,2940000000.0,105992000000.0,159.94205435422293,39.744035117549416,31.96829470960192,46.490705687183635,29.99064188183249,24.920243311072355,403.5622056813003,80.14148026365405,5.035622056813003,0.8679917800453515,0.8260062358276644,8.32390405293631,43.849616439445136,3.7351445821417224,97.720447488196,0.28362240181448845,9.628455180293095,-1.387388710032611,10.181964816775047,-2.5609022221231625,11.241716629851695,-4.687552806786311,9.259604625139882,-5.431799838579499,-0.03528219726668391,0.07909839901216742,-1.31618396594112,-1.4461943828971813,399472000000.0,5.707829013871324,7.191472578149494,155.5533696060291,,30.141275662654095,,43.72120793323713,,46.67025558601083,,31.258494219825323,,26.284575212899863,,28.258517034068138,355.2508048809571,-213.68074095331596,,,
2025-09-27,94036000000.0,23434000000.0,28202000000.0,43718000000.0,359241000000.0,147957000000.0,285508000000.0,165631000000.0,73733000000.0,35934000000.0,90678000000.0,50318000000.0,15516000000.0,8866000000.0,4597000000.0,28031000000.0,998000000.0,49834000000.0,76014000000.0,2149000000.0,5889000000.0,83727000000.0,7979000000.0,12350000000.0,69860000000.0,39777000000.0,5718000000.0,7543000000.0,25184000000.0,66387000000.0,3080000000.0,2940000000.0,107978000000.0,165.25179250552864,42.20760392132522,29.81907456425594,46.490705687183635,29.99064188183249,24.920243311072355,387.2187487285205,79.47533828265705,4.8721874872852045,0.8932929222186667,0.858770399261008,7.738849584743156,47.16463293453635,2.569745993140858,142.0373846186567,0.259688686188332,9.628455180293095,0.0,10.181964816775047,0.0,11.241716629851695,0.0,9.259604625139882,0.0,-1.5724149268453114,8.369960331226721,29.46971027216856,12.005164818471826,407731000000.0,6.768844826412357,7.496416056068811,154.69529603562881,1.7684812758904649,30.596798244487044,0.3983436266950436,45.15912892500009,-0.2465995275316205,46.728643212442016,0.08189354336967516,31.367227588612838,-0.24820881266614656,26.263543090343273,-0.2685353524575468,28.258517034068138,503.4907985214039,-314.28878096821086,,,
