date,국제유가_WTI,유가_MoM,환율,환율_MoM,여행비지출전망_CSI,대한항공_여객자수,대한항공_여객자수_MoM,대한항공_탑승률,대한항공_화물_톤,대한항공_화물_톤_MoM,아시아나_여객자수,아시아나_여객자수_MoM,아시아나_탑승률,아시아나_화물_톤,아시아나_화물_톤_MoM,제주항공_여객자수,제주항공_여객자수_MoM,제주항공_탑승률,제주항공_화물_톤
2008-09-30,,,,,78.0,,,,,,,,,,,,,,
2008-10-31,,,,,70.0,,,,,,,,,,,,,,
2008-11-30,,,,,62.0,,,,,,,,,,,,,,
2008-12-31,,,,,57.0,,,,,,,,,,,,,,
2009-01-31,,,,,63.0,,,,,,,,,,,,,,
2009-02-28,,,,,63.0,,,,,,,,,,,,,,
2009-03-31,,,,,61.0,,,,,,,,,,,,,,
2009-04-30,,,,,69.0,,,,,,,,,,,,,,
2009-05-31,,,,,80.0,,,,,,,,,,,,,,
2009-06-30,,,,,81.0,,,,,,,,,,,,,,
2009-07-31,,,,,81.0,,,,,,,,,,,,,,
2009-08-31,,,,,84.0,,,,,,,,,,,,,,
2009-09-30,,,,,82.0,,,,,,,,,,,,,,
2009-10-31,,,,,85.0,,,,,,,,,,,,,,
2009-11-30,,,,,84.0,,,,,,,,,,,,,,
2009-12-31,79.36000061035156,,1151.0999755859375,,85.0,,,,,,,,,,,,,,
2010-01-31,72.88999938964844,-8.152723249675976,1158.199951171875,0.616799212624719,87.0,,,,,,,,,,,,,,
2010-02-28,79.66000366210938,9.2879741105093,1161.4000244140625,0.27629713150563173,88.0,,,,,,,,,,,,,,
2010-03-31,83.76000213623047,5.146872063315344,1124.199951171875,-3.2030370639052896,89.0,,,,,,,,,,,,,,
2010-04-30,86.1500015258789,2.8533898384592415,1107.9000244140625,-1.449913490996091,89.0,,,,,,,,,,,,,,
2010-05-31,73.97000122070312,-14.138131270394682,1218.5,9.982848014145574,90.0,,,,,,,,,,,,,,
2010-06-30,75.62999725341797,2.2441476346092504,1223.0999755859375,0.37751133245280677,92.0,,,,,,,,,,,,,,
2010-07-31,78.94999694824219,4.389792166327466,1184.0999755859375,-3.1886191463062263,93.0,,,,,,,,,,,,,,
2010-08-31,71.91999816894531,-8.904368652357997,1199.5999755859375,1.3090110902443053,92.0,,,,,,,,,,,,,,
2010-09-30,79.97000122070312,11.19299674180716,1137.199951171875,-5.201736052352246,92.0,,,,,,,,,,,,,,
2010-10-31,81.43000030517578,1.8256834590302473,1132.4000244140625,-0.4220829197949083,91.0,,,,,,,,,,,,,,
2010-11-30,84.11000061035156,3.291170692781442,1163.0,2.7022231478466052,92.0,,,,,,,,,,,,,,
2010-12-31,91.37999725341795,8.643439056367885,1127.0999755859375,-3.0868464672452745,91.0,,,,,,,,,,,,,,
2011-01-31,92.19000244140624,0.8864141084858446,1117.4000244140625,-0.8606114259591124,92.0,,,,,,,,,,,,,,
2011-02-28,96.97000122070312,5.184942675682147,1127.0999755859375,0.8680822409111277,90.0,,,,,,,,,,,,,,
2011-03-31,106.72000122070312,10.054655952627112,1099.199951171875,-2.475381511702923,85.0,,,,,,,,,,,,,,
2011-04-30,113.93000030517578,6.755996066343695,1068.800048828125,-2.765638982365326,89.0,,,,,,,,,,,,,,
2011-05-31,102.6999969482422,-9.856932613756353,1073.4000244140625,0.4303869176448094,91.0,,,,,,,,,,,,,,
2011-06-30,95.41999816894533,-7.0886066169658974,1067.9000244140625,-0.5123905230952741,90.0,,,,,,,,,,,,,,
2011-07-31,95.6999969482422,0.2934382568328342,1055.300048828125,-1.1798834439441963,91.0,,,,,,,,,,,,,,
2011-08-31,88.80999755859375,-7.199581618978312,1065.800048828125,0.9949776854137227,89.0,,,,,,,,,,,,,,
2011-09-30,79.19999694824219,-10.820854492210985,1177.0,10.433472140871292,89.0,,,,,,,,,,,,,,
2011-10-31,93.19000244140624,17.66414903059481,1104.0,-6.202209005947323,86.0,,,,,,,,,,,,,,
2011-11-30,100.36000061035156,7.693956412817471,1140.300048828125,3.28804790109829,89.0,,,,,,,,,,,,,,
2011-12-31,98.83000183105467,-1.5245105320765395,1155.4000244140625,1.324210728698616,86.0,,,,,,,,,,,,,,
2012-01-31,98.4800033569336,-0.35414192819644974,1125.699951171875,-2.57054462650278,85.0,,,,,,,,,,,,,,
2012-02-29,107.06999969482422,8.722579249674478,1124.5999755859375,-0.09771481155279593,88.0,,,,,,,,,,,,,,
2012-03-31,103.0199966430664,-3.782575010088085,1138.0,1.19153696469545,90.0,,,,,,,,,,,,,,
2012-04-30,104.87000274658205,1.795773795184008,1129.0,-0.7908611599297011,91.0,,,,,,,,,,,,,,
2012-05-31,86.52999877929688,-17.488322196008443,1179.0,4.428697962798944,91.0,,,,,,,,,,,,,,
2012-06-30,84.95999908447266,-1.8143993031002559,1157.0999755859375,-1.8575084320663682,91.0,,,,,,,,,,,,,,
2012-07-31,88.05999755859375,3.6487741378608884,1129.4000244140625,-2.393911654682057,88.0,,,,,,,,,,,,,,
2012-08-31,96.47000122070312,9.550311032558788,1133.5999755859375,0.3718745423309189,85.0,,,,,,,,,,,,,,
2012-09-30,92.19000244140624,-4.436611096858134,1099.699951171875,-2.9904750480027276,84.0,,,,,,,,,,,,,,
2012-10-31,86.23999786376953,-6.454067057236912,1090.300048828125,-0.8547697336653615,85.0,,,,,,,,,,,,,,
2012-11-30,88.91000366210938,3.0960179319085457,1082.0999755859375,-0.752093265610787,86.0,,,,,,,,,,,,,,
2012-12-31,91.81999969482422,3.272968072044957,1038.0999755859375,-4.066167728741954,85.0,,,,,,,,,,,,,,
2013-01-31,97.48999786376952,6.175123271389982,1085.4000244140625,4.556405928188889,82.0,,,,,,,,,,,,,,
2013-02-28,92.0500030517578,-5.580054293993786,1083.9000244140625,-0.13819789628342072,81.0,,,,,,,,,,,,,,
2013-03-31,97.2300033569336,5.627376570822262,1090.0,0.5627802794113901,84.0,,,,,,,,,,,,,,
2013-04-30,93.45999908447266,-3.877408353696299,1100.699951171875,0.9816468965022862,84.0,,,,,,,,,,,,,,
2013-05-31,91.97000122070312,-1.594262656072587,1127.5999755859375,2.4439016632482824,86.0,,,,,,,,,,,,,,
2013-06-30,96.55999755859376,4.990753807728998,1121.9000244140625,-0.5054940843638334,88.0,,,,,,,,,,,,,,
2013-07-31,105.02999877929688,8.771749621848745,1122.5,0.05347852508077455,88.0,,,,,,,,,,,,,,
2013-08-31,107.6500015258789,2.4945280177404605,1111.699951171875,-0.9621424345768403,87.0,,,,,,,,,,,,,,
2013-09-30,102.33000183105467,-4.941941123470683,1073.300048828125,-3.4541606575831496,85.0,,,,,,,,,,,,,,
2013-10-31,96.37999725341795,-5.8145260150196165,1058.199951171875,-1.4068850246244713,88.0,,,,,,,,,,,,,,
2013-11-30,92.72000122070312,-3.7974643463532964,1060.0999755859375,0.17955249496641734,88.0,,,,,,,,,,,,,,
2013-12-31,98.41999816894533,6.147537611301779,1054.300048828125,-0.5471113000079852,87.0,,,,,,,,,,,,,,
2014-01-31,97.48999786376952,-0.944930219953255,1079.300048828125,2.371241472272345,91.0,,,,,,,,,,,,,,
2014-02-28,102.58999633789062,5.231304324416675,1068.699951171875,-0.9821270431479512,91.0,,,,,,,,,,,,,,
2014-03-31,101.58000183105467,-0.9844960940532999,1062.5,-0.5801395578877377,92.0,,,,,,,,,,,,,,
2014-04-30,99.73999786376952,-1.8113840658768643,1032.4000244140625,-2.832938878676472,94.0,,,,,,,,,,,,,,
2014-05-31,102.70999908447266,2.977743417199319,1018.5399780273438,-1.3425073671985865,90.0,,,,,,,,,,,,,,
2014-06-30,105.37000274658205,2.589819575328489,1011.0,-0.7402731547117902,93.0,,,,,,,,,,,,,,
2014-07-31,98.16999816894533,-6.833068605827918,1032.3900146484375,2.1157284518731556,94.0,,,,,,,,,,,,,,
2014-08-31,95.95999908447266,-2.2511960127261865,1013.5999755859376,-1.8200523829067117,90.0,,,,,,,,,,,,,,
2014-09-30,91.16000366210938,-5.002079479114929,1053.9000244140625,3.975932300593077,91.0,,,,,,,,,,,,,,
2014-10-31,80.54000091552734,-11.64984896879313,1053.800048828125,-0.009486249513379619,89.0,,,,,,,,,,,,,,
2014-11-30,66.1500015258789,-17.866897474636335,1099.0999755859375,4.2987212619878035,89.0,,,,,,,,,,,,,,
2014-12-31,53.27000045776367,-19.470900636451805,1095.300048828125,-0.34573076537343095,88.0,,,,,,,,,,,,,,
2015-01-31,48.2400016784668,-9.442460552041897,1098.800048828125,0.31954714178499266,90.0,,,,,,,,,,,,,,
2015-02-28,49.7599983215332,3.1509050376855585,1100.6700439453125,0.17018520514100466,91.0,,,,,,,,,,,,,,
2015-03-31,47.59999847412109,-4.340835852635861,1107.0999755859375,0.5841833959228326,91.0,,,,,,,,,,,,,,
2015-04-30,59.630001068115234,25.27311550342708,1075.06005859375,-2.8940400775666397,92.0,,,,,,,,,,,,,,
2015-05-31,60.29999923706055,1.1235924147980025,1111.4200439453125,3.382135264063635,94.0,,,,,,,,,,,,,,
2015-06-30,59.470001220703125,-1.3764478057361251,1117.56005859375,0.5524477160445684,89.0,,,,,,,,,,,,,,
2015-07-31,47.119998931884766,-20.766776585366852,1170.77001953125,4.761261869402822,93.0,,,,,,,,,,,,,,
2015-08-31,49.20000076293945,4.414265446103838,1180.949951171875,0.869507372993783,90.0,,,,,,,,,,,,,,
2015-09-30,45.09000015258789,-8.353659647597967,1183.8399658203125,0.24471948583169034,91.0,,,,,,,,,,,,,,
2015-10-31,46.59000015258789,3.326679962128831,1139.8599853515625,-3.7150275154188783,92.0,,,,,,,,,,,,,,
2015-11-30,41.650001525878906,-10.603130737346833,1154.8299560546875,1.313316626208949,92.0,,,,,,,,,,,,,,
2015-12-31,37.040000915527344,-11.068428430878141,1175.43994140625,1.7846770637967913,91.0,,,,,,,,,,,,,,
2016-01-31,33.619998931884766,-9.233266466278344,1205.6300048828125,2.568405446597666,89.0,,,,,,,,,,,,,,
2016-02-29,33.75,0.3866777877614469,1241.1300048828125,2.9445186214862584,89.0,,,,,,,,,,,,,,
2016-03-31,38.34000015258789,13.60000045211227,1140.800048828125,-8.083758805280084,92.0,,,,,,,,,,,,,,
2016-04-30,45.91999816894531,19.770469447548457,1134.0,-0.5960771859284453,93.0,,,,,,,,,,,,,,
2016-05-31,49.09999847412109,6.92508804873242,1187.739990234375,4.738976211144186,92.0,,,,,,,,,,,,,,
2016-06-30,48.33000183105469,-1.5682213177098947,1151.25,-3.0722203962480488,92.0,,,,,,,,,,,,,,
2016-07-31,41.59999847412109,-13.92510470092555,1109.949951171875,-3.5874092358849086,95.0,,,,,,,,,,,,,,
2016-08-31,44.70000076293945,7.451928852225431,1114.43994140625,0.40452186421868763,91.0,,,,,,,,,,,,,,
2016-09-30,48.2400016784668,7.919465000238524,1101.6199951171875,-1.150348781728494,92.0,,,,,,,,,,,,,,
2016-10-31,46.86000061035156,-2.8606986320467653,1146.699951171875,4.0921512186143705,91.0,,,,,,,,,,,,,,
2016-11-30,49.43999862670898,5.505757538952061,1167.8599853515625,1.8452982541826035,88.0,,,,,,,,,,,,,,
2016-12-31,53.720001220703125,8.656963416018293,1205.2900390625,3.2050120888138744,89.0,,,,,,,,,,,,,,
2017-01-31,52.810001373291016,-1.693968404195434,1169.2099609375,-2.9934768359210717,90.0,,,,,,,,,,,,,,
2017-02-28,54.0099983215332,2.2722910756239667,1133.93994140625,-3.0165685128930697,90.0,,,,,,,,,,,,,,
2017-03-31,50.59999847412109,-6.313645534872359,1117.02001953125,-1.4921356288073673,93.0,,,,,,,,,,,,,,
2017-04-30,49.33000183105469,-2.509874864355832,1135.6400146484375,1.6669347721271155,96.0,,,,,,,,,,,,,,
2017-05-31,48.31999969482422,-2.047439892034719,1119.02001953125,-1.4634915028361895,97.0,,,,,,,,,,,,,,
2017-06-30,46.040000915527344,-4.718540549869033,1146.1400146484375,2.423548698310851,98.0,,,,,,,,,,,,,,
2017-07-31,50.16999816894531,8.970454325132504,1118.72998046875,-2.3915083523277203,99.0,,,,,,,,,,,,,,
2017-08-31,47.22999954223633,-5.860073219075401,1123.5400390625,0.42995706539790124,95.0,,,,,,,,,,,,,,
2017-09-30,51.66999816894531,9.400801756812282,1145.93994140625,1.9936897275544263,95.0,,,,,,,,,,,,,,
2017-10-31,54.380001068115234,5.2448287114488235,1123.449951171875,-1.9625801860764347,95.0,,,,,,,,,,,,,,
2017-11-30,57.400001525878906,5.553513053412562,1080.6600341796875,-3.808796016907845,97.0,,,,,,,,,,,,,,
2017-12-31,60.41999816894531,5.261318053632524,1069.489990234375,-1.0336316317824723,96.0,,,,,,,,,,,,,,
2018-01-31,64.7300033569336,7.133408339299718,1072.5400390625,0.2851872253107013,96.0,,,,,,,,,,,,,,
2018-02-28,61.63999938964844,-4.773681147900277,1079.3900146484375,0.6386685192587338,96.0,,,,,,,,,,,,,,
2018-03-31,64.94000244140625,5.353671454305697,1062.0,-1.6110964908362169,98.0,,,,,,,,,,,,,,
2018-04-30,68.56999969482422,5.589770737525335,1069.449951171875,0.7015019935852074,97.0,,,,,,,,,,,,,,
2018-05-31,67.04000091552734,-2.2312947150448403,1079.949951171875,0.9818131263173546,98.0,,,,,,,,,,,,,,
2018-06-30,74.1500015258789,10.605609357479583,1120.5400390625,3.7585156466352743,97.0,,,,,,,,,,,,,,
2018-07-31,68.76000213623047,-7.26904825182949,1112.199951171875,-0.744291823574883,96.0,,,,,,,,,,,,,,
2018-08-31,69.80000305175781,1.5125085561615403,1115.449951171875,0.2922136434708289,92.0,,,,,,,,,,,,,,
2018-09-30,73.25,4.94268882149469,1109.010009765625,-0.5773402383033255,91.0,,,,,,,,,,,,,,
2018-10-31,65.30999755859375,-10.839593776663826,1137.699951171875,2.5869866956668153,92.0,,,,,,,,,,,,,,
2018-11-30,50.93000030517578,-22.018064294852802,1117.02001953125,-1.8176964514522331,89.0,,,,,,,,,,,,,,
2018-12-31,45.40999984741211,-10.838406488685415,1116.300048828125,-0.06445459262468534,88.0,,,,,,,,,,,,,,
2019-01-31,53.790000915527344,18.454087417471786,1109.0,-0.6539504173441957,89.0,,,,,,,,,,,,,,
2019-02-28,57.220001220703125,6.376650393745686,1115.0999755859375,0.5500428842143856,89.0,,,,,,,,,,,,,,
2019-03-31,60.13999938964844,5.103107491526604,1136.699951171875,1.9370438578466986,91.0,,,,,,,,,,,,,,
2019-04-30,63.90999984741211,6.26870717662924,1163.260009765625,2.336593624937522,93.0,,,,,,,,,,,,,,
2019-05-31,53.5,-16.288530546497316,1188.3800048828125,2.159448008725806,93.0,,,,,,,,,,,,,,
2019-06-30,58.470001220703125,9.289721907856308,1155.5999755859375,-2.758379404078537,92.0,,,,,,,,,,,,,,
2019-07-31,58.58000183105469,0.18813170524205614,1186.31005859375,2.657501181777122,92.0,,,,,,,,,,,,,,
2019-08-31,55.09999847412109,-5.9405996042300675,1207.1600341796875,1.757548579724011,87.0,,,,,,,,,,,,,,
2019-09-30,54.06999969482422,-1.8693263299828011,1198.0,-0.7588086020352769,86.0,,,,,,,,,,,,,,
2019-10-31,54.18000030517578,0.20344111516998886,1163.699951171875,-2.8631092510955747,90.0,,,,,,,,,,,,,,
2019-11-30,55.16999816894531,1.827238571785239,1177.010009765625,1.1437706584370266,90.0,,,,,,,,,,,,,,
2019-12-31,61.060001373291016,10.676098241491584,1156.3499755859375,-1.7552980865304213,91.0,,,,,,,,,,,,,,
2020-01-31,51.560001373291016,-15.558466731636056,1187.1199951171875,2.660960797414158,92.0,,,,,,,,,,,,,,
2020-02-29,44.7599983215332,-13.188523798760665,1211.31005859375,2.0377100525692526,83.0,,,,,,,,,,,,,,
2020-03-31,20.479999542236328,-54.24486079039064,1216.6600341796875,0.4416685511675178,67.0,,,,,,,,,,,,,,
2020-04-30,18.84000015258789,-8.007809698756251,1212.9599609375,-0.3041172667993641,59.0,,,,,,,,,,,,,,
2020-05-31,35.4900016784668,88.37580356172043,1230.469970703125,1.4435768969728757,64.0,,,,,,,,,,,,,,
2020-06-30,39.27000045776367,10.650883630671547,1198.3900146484375,-2.607130350069098,64.0,,,,,,,,,,,,,,
2020-07-31,40.27000045776367,2.546473105024627,1189.56005859375,-0.7368182266837331,68.0,,,,,,,,,,,,,,
2020-08-31,42.61000061035156,5.810777566397474,1187.0400390625,-0.21184466585311146,71.0,,,,,,,,,,,,,,
2020-09-30,40.220001220703125,-5.609010456263208,1163.780029296875,-1.9594966471388142,60.0,,,,,,,,,,,,,,
2020-10-31,35.790000915527344,-11.014421110697159,1129.52001953125,-2.9438561328745227,72.0,,,,,,,,,,,,,,
2020-11-30,45.34000015258789,26.683428311725233,1104.3299560546875,-2.230156441761555,78.0,,,,,,,,,,,,,,
2020-12-31,48.52000045776367,7.013675109117257,1086.4200439453125,-1.6217899379782907,69.0,,,,,,,,,,,,,,
2021-01-31,52.20000076293945,7.584501794016263,1112.2900390625,2.381214822145683,72.0,,,,,,,,,,,,,,
2021-02-28,61.5,17.816090232058546,1119.1300048828125,0.6149444461516218,76.0,,,,,,,,,,,,,,
2021-03-31,59.15999984741211,-3.804878296890879,1127.199951171875,0.7210910487479572,83.0,,,,,,,,,,,,,,
2021-04-30,63.58000183105469,7.47126774009943,1106.6300048828125,-1.8248711125011363,82.0,,,,,,,,,,,,,,
2021-05-31,66.31999969482422,4.309527815130099,1106.97998046875,0.031625347622354916,86.0,,,,,,,,,,,,,,
2021-06-30,73.47000122070312,10.781063870295693,1129.5999755859375,2.043396946312348,97.0,,,,,,,,,,,,,,
2021-07-31,73.94999694824219,0.6533220628337277,1142.1199951171875,1.1083586935061396,84.0,,,,,,,,,,,,,,
2021-08-31,68.5,-7.36984066687204,1158.4100341796875,1.4262983865218626,84.0,,,,,,,,,,,,,,
2021-09-30,75.02999877929688,9.532844933280105,1183.719970703125,2.1848858156136686,86.0,,,,,,,,,,,,,,
2021-10-31,83.56999969482422,11.38211522653496,1167.3699951171875,-1.3812367781736112,95.0,,,,,,,,,,,,,,
2021-11-30,66.18000030517578,-20.808902061926727,1190.739990234375,2.0019355658392968,99.0,,,,,,,,,,,,,,
2021-12-31,75.20999908447266,13.644603713594506,1189.8900146484375,-0.071382131523956,86.0,,,,,,,,,,,,,,
2022-01-31,88.1500015258789,17.205162344002424,1207.7099609375,1.4976128944428124,87.0,1099831.0,,72.43240359741417,142430.0,,859156.0,,76.26488848174324,66450.0,,1219414.0,,90.1610666004182,5201.0
2022-02-28,95.72000122070312,8.587634218703698,1197.5899658203125,-0.8379491305455233,89.0,972838.0,-11.54659215824977,68.64948285558839,123226.0,-13.483114512392048,818381.0,-4.745936709980492,72.88524137562509,57550.0,-13.393528969149738,1136036.0,-6.837546559248953,89.22031299944318,4774.0
2022-03-31,100.27999877929688,4.763892081530274,1214.5,1.4120053325684445,93.0,875792.0,-9.97555605352587,62.42948283850732,150291.0,21.963708957525196,741181.0,-9.43325908103927,65.16340943838638,67345.0,17.019982623805397,996197.0,-12.309381040741663,80.75507274220313,3832.0
2022-04-30,104.69000244140624,4.397690183278913,1272.2900390625,4.758339980444637,101.0,1309197.0,49.487207008056714,82.7397068080298,144106.0,-4.115349555196257,1016688.0,37.17135220681589,82.32144852480361,64088.0,-4.836290741703175,1141444.0,14.580148304000119,92.77091003665504,4530.0
2022-05-31,114.66999816894533,9.53290237348574,1241.739990234375,-2.401185884520174,104.0,1497536.0,14.385841091905949,85.59657233265202,139944.0,-2.8881517771640275,1159227.0,14.019935319390008,85.87979923323394,64591.0,0.7848583198102554,1254482.0,9.903070146235816,94.01516854774646,5203.0
2022-06-30,105.76000213623048,-7.770119625874228,1287.7099609375,3.7020609036235053,99.0,1558342.0,4.060403222359921,88.96118649776504,134369.0,-3.983736351683531,1172474.0,1.142744259752404,87.73389364545592,64327.0,-0.4087256738554923,1179265.0,-5.995861239938083,93.65043439589587,5345.0
2022-07-31,98.62000274658205,-6.7511339310028955,1302.280029296875,1.1314712785763792,92.0,1653160.0,6.084543700933431,83.97079947905556,133453.0,-0.6817048575192164,1180405.0,0.6764329102393773,80.04791733209098,60451.0,-6.02546364668024,1199426.0,1.7096242150831165,91.58496432585642,6744.0
2022-08-31,89.55000305175781,-9.196916895379603,1342.260009765625,3.0699987383155936,87.0,1672910.0,1.1946817005008548,83.27049134224022,131768.0,-1.262616801420724,1255511.0,6.362731435397162,79.58053092521143,63910.0,5.721989710674769,1303235.0,8.654889922346198,92.19615067355431,7769.0
2022-09-30,79.48999786376953,-11.23395292591317,1430.1700439453125,6.549404254026592,91.0,1527142.0,-8.713439455798577,78.65407425758127,127637.0,-3.1350555521826196,1123844.0,-10.487124366094758,77.751050027016,64600.0,1.0796432483179519,1083424.0,-16.86656665912134,86.46260539242093,6207.0
2022-10-31,86.52999877929688,8.856461321828867,1421.6500244140625,-0.5957347217080855,91.0,1923037.0,25.92391539228178,88.01833931858731,130973.0,2.613662182595955,1393061.0,23.955015108858536,87.87365167476187,68167.0,5.521671826625396,1311656.0,21.065806184836223,94.01136746439605,8446.0
2022-11-30,80.55000305175781,-6.91089311441182,1325.3699951171875,-6.7724142822391915,89.0,1671302.0,-13.090491758608913,84.28944131393126,127834.0,-2.396677177738926,1331746.0,-4.401458371169675,85.16639071841831,65885.0,-3.3476608916337858,1305316.0,-0.4833584415426029,92.50887834802842,9707.0
2022-12-31,80.26000213623047,-0.36002595225353984,1260.260009765625,-4.912589359306086,90.0,1745846.0,4.460235193878792,83.95076569755729,129897.0,1.613811661999165,1312466.0,-1.4477235148444234,83.53973220764473,65767.0,-0.17909994687713704,1311029.0,0.4376717974804656,91.80431757849236,10611.0
2023-01-31,78.87000274658203,-1.7318706113278015,1231.5,-2.2820695366643884,90.0,1894649.0,8.523260356297179,85.17416285709534,120352.0,-7.348129671970871,1379582.0,5.11373247002207,82.8625056684916,63560.0,-3.3557863366125873,1407813.0,7.382292840204152,93.65994926522393,11100.0
2023-02-28,77.05000305175781,-2.3075943089187922,1318.3499755859375,7.052373169787862,91.0,1867993.0,-1.4069096703399953,89.22111300412148,121285.0,0.7752260037224179,1382805.0,0.23362148824788154,87.444035513735,58930.0,-7.284455632473252,1368511.0,-2.7917060007259464,96.71120929381244,11432.0
2023-03-31,75.66999816894531,-1.7910510423802206,1296.5,-1.6573729275662474,94.0,1931135.0,3.3802053862086234,81.20065124172388,133714.0,10.247763532176268,1396296.0,0.9756256305119004,77.21646109469287,67567.0,14.656371966740188,1434557.0,4.826121236877157,93.64969941240331,11231.0
2023-04-30,76.77999877929688,1.4668965735578743,1337.1700439453125,3.1369104469967324,97.0,2108585.0,9.188896685110048,83.30811341299405,128317.0,-4.036226573133705,1529746.0,9.55742908380457,82.36259449715749,63447.0,-6.097651220270251,1328120.0,-7.419503024278573,91.09715511730442,10224.0
2023-05-31,68.08999633789062,-11.318054935616173,1321.739990234375,-1.1539335465077571,99.0,2211862.0,4.89792917999512,81.29526282207723,126126.0,-1.707490044187443,1651007.0,7.9268715198470785,80.51540368720947,63786.0,0.5343042224218664,1438351.0,8.299777128572728,89.52685585959041,11131.0
2023-06-30,70.63999938964844,3.745048008379448,1323.0699462890625,0.1006216097351853,101.0,2220930.0,0.4099713273251204,84.05535793155991,131810.0,4.506604506604517,1619709.0,-1.8956915385579864,82.07416378257587,67033.0,5.090458721349522,1444019.0,0.3940623672525012,92.9392221527118,11427.0
2023-07-31,81.80000305175781,15.79841981672605,1277.9300537109375,-3.411754057654548,101.0,2302539.0,3.674541746025306,82.44226185510387,139108.0,5.536757453910934,1600119.0,-1.2094765170780675,78.48010064324373,69897.0,4.272522488923358,1482687.0,2.6778041009155595,91.23632550738229,12235.0
2023-08-31,83.62999725341797,2.237156642283078,1324.6400146484375,3.6551265698666846,99.0,2404138.0,4.412476835354373,85.70791961315291,138446.0,-0.47588923713949294,1770170.0,10.627397087341638,84.29593699269553,68925.0,-1.390617623073953,1483100.0,0.027854833825347036,91.34419658557105,12851.0
2023-09-30,90.79000091552734,8.561525645412772,1347.8499755859375,1.7521712073343965,97.0,2219402.0,-7.684084690645876,82.46591976505,136769.0,-1.2113026017364192,1570859.0,-11.259427060677785,78.40969272721011,68630.0,-0.42800145085237773,1419781.0,-4.269368215224867,87.98557557639441,11713.0
2023-10-31,81.0199966430664,-10.761101634475278,1348.0699462890625,0.016320117751189578,95.0,2495533.0,12.441684742106208,86.37498117981369,141810.0,3.685776747654801,1807014.0,15.033494412929493,84.12725976778822,72472.0,5.598134926417009,1530358.0,7.7883138314993605,91.00433388517821,13131.0
2023-11-30,75.95999908447266,-6.245368758635683,1288.3599853515625,-4.429292493454684,93.0,2366047.0,-5.188711189152784,81.9422419104423,144171.0,1.6649037444467885,1655933.0,-8.36080960081106,81.87684551745689,72074.0,-0.549177613423113,1448698.0,-5.336006346227484,89.3639096872413,12590.0
2023-12-31,71.6500015258789,-5.674035822197343,1277.8399658203125,-0.8165434855832876,95.0,2393211.0,1.1480752495618196,80.6629009322434,145757.0,1.1000825408715942,1676997.0,1.272032141397017,79.8621339943282,73977.0,2.6403418708549564,1486077.0,2.580178891666862,88.66009088679958,13658.0
2024-01-31,75.8499984741211,5.861823948077949,1326.6199951171875,3.817381722410018,96.0,2454227.0,2.5495453597697892,82.21450104199084,143141.0,-1.7947680042810998,1744108.0,4.001855698012569,82.58306091449394,67472.0,-8.793273585033191,1545819.0,4.020114704688926,90.58232031572749,14295.0
2024-02-29,78.26000213623047,3.177328557141146,1333.3800048828125,0.5095664011175893,95.0,2420064.0,-1.3920065258837155,84.69778913118115,136707.0,-4.4948686959012445,1705923.0,-2.1893713004011217,84.61264902120669,63371.0,-6.078076831870993,1476199.0,-4.50376143649418,90.89380404558362,13305.0
2024-03-31,83.16999816894531,6.2739533589173835,1345.31005859375,0.8947227097489074,97.0,2416237.0,-0.15813631375037884,81.77729718021224,151996.0,11.183772593941788,1725418.0,1.1427831150643941,81.78262845886334,72900.0,15.036846507077373,1540445.0,4.352123257094731,89.80453335245501,14567.0
2024-04-30,81.93000030517578,-1.4909196718397077,1385.4599609375,2.984434858512741,97.0,2483696.0,2.791903277700003,85.77666741033964,142333.0,-6.357404142214273,1698570.0,-1.5560287420207763,85.06434776337811,66978.0,-8.123456790123463,1535396.0,-0.32776243228417323,92.84784318990076,13767.0
2024-05-31,76.98999786376953,-6.029540367393571,1375.6199951171875,-0.7102309772744397,96.0,2577366.0,3.7713955331087234,83.73968551229746,145886.0,2.4962587734397523,1786946.0,5.202964846900637,84.44892457873505,72290.0,7.930962405566011,1558063.0,1.4762966687421386,91.0165932079131,13279.0
2024-06-30,81.54000091552734,5.909862550988576,1380.2900390625,0.3394864833230926,99.0,2493806.0,-3.242069616810339,83.59581130280496,146232.0,0.2371714900675892,1674004.0,-6.320392446106371,84.80787566404814,70109.0,-3.017014801493978,1510693.0,-3.040313517489346,91.43496115796769,12990.0
2024-07-31,77.91000366210938,-4.451799377802956,1367.9200439453125,-0.8961881030156049,100.0,2518445.0,0.9880078883441668,81.0973253559859,147594.0,0.931396684720176,1716115.0,2.515585386892738,82.55804052289028,71299.0,1.6973569727139148,1529812.0,1.265578115474164,89.69858159147184,13040.0
2024-08-31,73.55000305175781,-5.59620126480882,1332.8800048828125,-2.5615560805322124,97.0,2686268.0,6.6637548169604655,84.30297714223846,147275.0,-0.21613344715909477,1860162.0,8.393784798804283,87.19805030889329,70663.0,-0.892018120871263,1561710.0,2.085092808789568,92.06230745560204,12870.0
2024-09-30,68.16999816894531,-7.314758204736638,1315.3299560546875,-1.3167013357416213,95.0,2508998.0,-6.599118181804641,81.32773384902526,140040.0,-4.912578509590904,1751515.0,-5.8407278505850595,84.62066929713993,70256.0,-0.5759732816325358,1439875.0,-7.801384379942499,88.65297351878189,11369.0
2024-10-31,69.26000213623047,1.5989496795699054,1378.5699462890625,4.807918343475004,96.0,2697652.0,7.5190972651233645,85.65856372257016,149250.0,6.57669237360754,1910670.0,9.086704938296265,88.17218095631884,75843.0,7.952345707128217,1516917.0,5.350603350985339,90.08869203303948,12834.0
2024-11-30,68.0,-1.819234908125067,1393.300048828125,1.0685059962836085,96.0,2517095.0,-6.693116829005374,86.60545906902473,144941.0,-2.8871021775544348,1829368.0,-4.255156568114849,89.72222603687042,80300.0,5.876613530582908,1478791.0,-2.5133873507911075,92.53988100154943,12059.0
2024-12-31,71.72000122070312,5.4705900304457655,1467.3900146484375,5.317588690435193,88.0,2626688.0,4.3539477055891895,84.73359297301847,149621.0,3.2289000351867214,1883095.0,2.9369159185030025,87.11039378572943,81157.0,1.0672478206724678,1485095.0,0.42629418220694326,89.25809927870847,12822.0
2025-01-31,72.52999877929688,1.129388657009578,1441.6600341796875,-1.753452061953309,88.0,2695648.0,2.6253593879440595,85.88638131204756,140932.0,-5.807339878760331,1906650.0,1.250866260066541,88.45696152320508,73784.0,-9.0848602092241,1156407.0,-22.132456172837422,76.22935906816699,10388.0
2025-02-28,69.76000213623047,-3.8191047700073644,1449.8599853515625,0.568785356981949,91.0,2467555.0,-8.461527617849217,87.27049785338814,128454.0,-8.85391536343768,1681443.0,-11.811659192825108,87.82123867921572,67741.0,-8.19012251978749,1160438.0,0.3485796955570164,86.45191474588633,9046.0
2025-03-31,71.4800033569336,2.465598004633418,1471.9599609375,1.5242834348986323,91.0,2515798.0,1.9550931995436782,82.40188687959024,150770.0,17.37275600604107,1755447.0,4.401219666679146,82.51553294281226,74836.0,10.473716065602812,1215863.0,4.776213808923879,82.82281889526706,9003.0
2025-04-30,58.209999084472656,-18.56463856919187,1423.75,-3.275222303383496,92.0,2586242.0,2.8000658240447063,86.23908399054193,141598.0,-6.083438349804338,1685129.0,-4.005703390646376,83.83042378631794,68580.0,-8.359613020471436,1325654.0,9.029882478535821,87.46329178732296,9178.0
2025-05-31,60.790000915527344,4.432231354806704,1370.4100341796875,-3.7464418486611084,95.0,2690497.0,4.031138617345165,85.8455645983409,144056.0,1.7359002245794342,1745725.0,3.595926483966516,82.25957313467298,70477.0,2.76611256926218,1446465.0,9.113313126954692,90.17535525523391,10061.0
2025-06-30,65.11000061035156,7.106431369901123,1348.5,-1.5987940567585346,99.0,2660958.0,-1.0979012427815404,85.91517736065443,142225.0,-1.271033486977291,1751217.0,0.3145970871700765,83.53572295717024,71258.0,1.1081629467769583,1432680.0,-0.953013035227257,90.10294028859505,9980.0
2025-07-31,69.26000213623047,6.373831188720813,1391.510009765625,3.189470505422687,99.0,2678552.0,0.6611904434417948,83.14598301104607,148103.0,4.132888029530668,1795789.0,2.545201422781984,83.36806637174921,67907.0,-4.702629880153808,1515743.0,5.797735712092034,87.95589157772389,11102.0
2025-08-31,64.01000213623047,-7.580132599005052,1388.8399658203125,-0.19188104480557522,98.0,2840657.0,6.051963896911472,85.78178657837616,146807.0,-0.8750666765696802,1895919.0,5.57582210382177,86.31207701405727,28382.0,-58.20460335458789,1556094.0,2.6621267589558295,89.18895682735759,11598.0
2025-09-30,62.369998931884766,-2.562104592428127,1403.1500244140625,1.0303605127965687,97.0,2634837.0,-7.245506937303592,81.90081958728759,141605.0,-3.5434277657059976,1764453.0,-6.934156997213492,81.40937711516608,31101.0,9.580015502783446,1429314.0,-8.147322719578643,88.58375833660259,9968.0
2025-10-31,60.97999954223633,-2.2286346215373176,1424.02001953125,1.4873673345016991,97.0,2852171.0,8.248479886991111,84.69253434934527,148757.0,5.050669114791151,1851915.0,4.956890322383201,83.68119255691215,32247.0,3.684768978489439,1545505.0,8.12914447070412,89.4285444806478,11824.0
2025-11-30,58.54999923706055,-3.9849136166239196,1461.4000244140625,2.6249634394267085,98.0,2804434.0,-1.6737075021098002,85.49027210903017,145694.0,-2.059062766794173,1891293.0,2.126339491823326,85.53432126525958,33777.0,4.744627407200674,1452103.0,-6.0434615222855985,92.93607897726363,10954.0
2025-12-31,57.41999816894531,-1.9299762302985246,1437.9100341796875,-1.607362107701693,97.0,2874006.0,2.4807857842259695,81.55818372517504,149662.0,2.7235164111082177,1903575.0,0.6493969998302651,80.43878505245534,33919.0,0.4204044172069654,1463215.0,0.7652349730012276,90.285966389925,11639.0
2026-01-31,65.20999908447266,13.56670352480165,1428.760009765625,-0.6363419265853043,,1602407.0,-44.24482760300431,,,,894630.0,-53.00263976990662,,,,578809.0,-60.44265538557219,,
2026-02-28,67.0199966430664,2.775644201818017,1432.3199462890625,0.2491626654655299,,1491140.0,-6.943741508867596,,,,823706.0,-7.9277466662195595,,,,527672.0,-8.83486607844729,,
2026-03-31,101.37999725341795,51.26828160458628,1503.3299560546875,4.957691886481208,,1624976.0,8.975414783320135,,,,911703.0,10.68305924686721,,,,540244.0,2.3825406692036033,,
2026-04-30,105.06999969482422,3.639773664801371,1474.010009765625,-1.950333402921689,,1528178.0,-5.956887978653224,,,,971743.0,6.585477946217133,,,,536042.0,-0.7777966992692176,,
2026-05-31,87.36000061035156,-16.855428891130998,1506.8399658203125,2.22725462087654,,1567133.0,2.5491140429976022,,,,956762.0,-1.5416627647433567,,,,514043.0,-4.103969465079227,,
2026-06-30,69.5,-20.444139749966162,1548.6099853515625,2.7720275861219834,,1516496.0,-3.2311871423803873,,,,917408.0,-4.113248644908552,,,,479339.0,-6.75118618481333,,
2026-07-31,80.51000213623047,15.84172969241795,1460.6400146484375,-5.6805762286980315,,,,,,,,,,,,,,,
