successful_ticker,timestamp
PEP,2026-03-23 00:38:29
ISRG,2026-03-23 00:38:29
APH,2026-03-23 00:38:29
KLAC,2026-03-23 00:38:29
AMGN,2026-03-23 00:38:29
ABT,2026-03-23 00:38:29
INTC,2026-03-23 00:38:29
DIS,2026-03-23 00:38:29
BA,2026-03-23 00:38:29
TMUS,2026-03-23 00:38:29
BHP,2026-03-23 00:38:29
ANET,2026-03-23 00:38:29
DHR,2026-03-23 00:38:29
VZ,2026-03-23 00:38:29
ACN,2026-03-23 00:38:29
GILD,2026-03-23 00:38:29
TJX,2026-03-23 00:38:29
TXN,2026-03-23 00:38:29
SHOP,2026-03-23 00:38:29
T,2026-03-23 00:38:29
BKNG,2026-03-23 00:38:29
META,2026-03-23 00:38:29
AVGO,2026-03-23 00:38:29
INTU,2026-03-23 00:38:29
QCOM,2026-03-23 00:38:29
AMD,2026-03-23 00:38:29
TSLA,2026-03-23 00:38:29
TTE,2026-03-23 00:38:29
LOW,2026-03-23 00:38:29
SCCO,2026-03-23 00:38:29
LLY,2026-03-23 00:38:29
WMT,2026-03-23 00:38:29
PFE,2026-03-23 00:38:29
XOM,2026-03-23 00:38:29
ADI,2026-03-23 00:38:29
RIO,2026-03-23 00:38:29
UL,2026-03-23 00:38:29
NOW,2026-03-23 00:38:29
ORCL,2026-03-23 00:38:29
ASML,2026-03-23 00:38:29
MU,2026-03-23 00:38:29
JNJ,2026-03-23 00:38:29
HON,2026-03-23 00:38:29
COST,2026-03-23 00:38:29
DE,2026-03-23 00:38:29
BSX,2026-03-23 00:38:29
BABA,2026-03-23 00:38:29
NFLX,2026-03-23 00:38:29
NEM,2026-03-23 00:38:29
ABBV,2026-03-23 00:38:29
HD,2026-03-23 00:38:29
UNP,2026-03-23 00:38:29
SONY,2026-03-23 00:38:29
LMT,2026-03-23 00:38:29
PG,2026-03-23 00:38:29
SYK,2026-03-23 00:38:29
BUD,2026-03-23 00:38:29
NVDA,2026-03-23 00:38:29
UNH,2026-03-23 00:38:29
ETN,2026-03-23 00:38:29
CVX,2026-03-23 00:38:29
KO,2026-03-23 00:38:29
MDT,2026-03-23 00:38:29
GE,2026-03-23 00:38:29
GOOG,2026-03-23 00:38:29
BTI,2026-03-23 00:38:29
MSFT,2026-03-23 00:38:29
AAPL,2026-03-23 00:38:29
CAT,2026-03-23 00:38:29
TM,2026-03-23 00:38:29
CSCO,2026-03-23 00:38:29
WELL,2026-03-23 00:38:29
ADBE,2026-03-23 00:38:29
AMZN,2026-03-23 00:38:29
PANW,2026-03-23 00:38:29
COP,2026-03-23 00:38:29
NVS,2026-03-23 00:38:29
AZN,2026-03-23 00:38:29
TSM,2026-03-23 00:38:29
PH,2026-03-23 00:38:29
VRTX,2026-03-23 00:38:29
NVO,2026-03-23 00:38:29
PLD,2026-03-23 00:38:29
SAP,2026-03-23 00:38:29
LRCX,2026-03-23 00:38:29
PM,2026-03-23 00:38:29
IBM,2026-03-23 00:38:29
SNY,2026-03-23 00:38:29
ANTM,2026-03-23 00:38:29
BMY,2026-03-23 00:38:29
MELI,2026-03-23 00:38:29
MRK,2026-03-23 00:38:29
VZA,2026-03-23 00:38:29
CRM,2026-03-23 00:38:29
TMO,2026-03-23 00:38:29
AMAT,2026-03-23 00:38:29
RTX,2026-03-23 00:38:29
MCD,2026-03-23 00:38:29
LIN,2026-03-23 00:38:29
SHEL,2026-03-23 00:38:29
HCA,2026-03-23 00:38:29
MCK,2026-03-23 00:38:29
CVS,2026-03-23 00:38:29
ADP,2026-03-23 00:38:29
WDC,2026-03-23 00:38:29
SBUX,2026-03-23 00:38:29
ENB,2026-03-23 00:38:29
MO,2026-03-23 00:38:29
AEM,2026-03-23 00:38:29
CP,2026-03-23 00:38:29
EPD,2026-03-23 00:38:29
CMI,2026-03-23 00:38:29
INFY,2026-03-23 00:38:29
EQIX,2026-03-23 00:38:29
NSC,2026-03-23 00:38:29
MPLX,2026-03-23 00:38:29
WMB,2026-03-23 00:38:29
MRVL,2026-03-23 00:38:29
APD,2026-03-23 00:38:29
FTNT,2026-03-23 00:38:29
UPS,2026-03-23 00:38:29
EQNR,2026-03-23 00:38:29
CTAS,2026-03-23 00:38:29
TEL,2026-03-23 00:38:29
CRH,2026-03-23 00:38:29
PXD,2026-03-23 00:38:29
GSK,2026-03-23 00:38:29
GLW,2026-03-23 00:38:29
PCAR,2026-03-23 00:38:29
EOG,2026-03-23 00:38:29
WM,2026-03-23 00:38:29
RCL,2026-03-23 00:38:29
ELV,2026-03-23 00:38:29
PSX,2026-03-23 00:38:29
WBD,2026-03-23 00:38:29
FCX,2026-03-23 00:38:29
AMOV,2026-03-23 00:38:29
E,2026-03-23 00:38:29
STX,2026-03-23 00:38:29
MDLZ,2026-03-23 00:38:29
BP,2026-03-23 00:38:29
GD,2026-03-23 00:38:29
PWR,2026-03-23 00:38:29
IDXX,2026-03-23 00:38:29
CNI,2026-03-23 00:38:29
NKE,2026-03-23 00:38:29
FDX,2026-03-23 00:38:29
SNPS,2026-03-23 00:38:29
PBR,2026-03-23 00:38:29
EMR,2026-03-23 00:38:29
ROST,2026-03-23 00:38:29
RELX,2026-03-23 00:38:29
CL,2026-03-23 00:38:29
NOC,2026-03-23 00:38:29
CI,2026-03-23 00:38:29
TT,2026-03-23 00:38:29
SHW,2026-03-23 00:38:29
BDX,2026-03-23 00:38:29
ABB,2026-03-23 00:38:29
REGN,2026-03-23 00:38:29
RACE,2026-03-23 00:38:29
KMI,2026-03-23 00:38:29
NXPI,2026-03-23 00:38:29
SNDK,2026-03-23 00:38:29
ET,2026-03-23 00:38:29
CDNS,2026-03-23 00:38:29
MSI,2026-03-23 00:38:29
LHX,2026-03-23 00:38:29
TRP,2026-03-23 00:38:29
TRI,2026-03-23 00:38:29
AZO,2026-03-23 00:38:29
CNQ,2026-03-23 00:38:29
NTES,2026-03-23 00:38:29
ECL,2026-03-23 00:38:29
GM,2026-03-23 00:38:29
VMW,2026-03-23 00:38:29
WPM,2026-03-23 00:38:29
SPG,2026-03-23 00:38:29
TDG,2026-03-23 00:38:29
RSG,2026-03-23 00:38:29
MNST,2026-03-23 00:38:29
AMT,2026-03-23 00:38:29
VLO,2026-03-23 00:38:29
SU,2026-03-23 00:38:29
B,2026-03-23 00:38:29
ATVI,2026-03-23 00:38:29
MAR,2026-03-23 00:38:29
JCI,2026-03-23 00:38:29
AMX,2026-03-23 00:38:29
VALE,2026-03-23 00:38:29
URI,2026-03-23 00:38:29
HLT,2026-03-23 00:38:29
ITW,2026-03-23 00:38:29
SLB,2026-03-23 00:38:29
ORLY,2026-03-23 00:38:29
ADSK,2026-03-23 00:38:29
CSX,2026-03-23 00:38:29
MMM,2026-03-23 00:38:29
COR,2026-03-23 00:38:29
O,2026-03-23 00:38:29
CUK,2026-03-23 00:38:29
KDP,2026-03-23 00:38:29
CCI,2026-03-23 00:38:29
A,2026-03-23 00:38:29
PAYX,2026-03-23 00:38:29
HSY,2026-03-23 00:38:29
CCL,2026-03-23 00:38:29
GWW,2026-03-23 00:38:29
HMC,2026-03-23 00:38:29
NOK,2026-03-23 00:38:29
ALNY,2026-03-23 00:38:29
CCEP,2026-03-23 00:38:29
OKE,2026-03-23 00:38:29
FIX,2026-03-23 00:38:29
ABEV,2026-03-23 00:38:29
ERJ,2026-03-23 00:38:29
EQT,2026-03-23 00:38:29
ERIC,2026-03-23 00:38:29
TGT,2026-03-23 00:38:29
DHI,2026-03-23 00:38:29
XYZ,2026-03-23 00:38:29
FERG,2026-03-23 00:38:29
ROK,2026-03-23 00:38:29
SATS,2026-03-23 00:38:29
DEO,2026-03-23 00:38:29
CPRT,2026-03-23 00:38:29
VMC,2026-03-23 00:38:29
TAK,2026-03-23 00:38:29
GRMN,2026-03-23 00:38:29
FISV,2026-03-23 00:38:29
MT,2026-03-23 00:38:29
VEEV,2026-03-23 00:38:29
FNV,2026-03-23 00:38:29
CCJ,2026-03-23 00:38:29
NUE,2026-03-23 00:38:29
PSA,2026-03-23 00:38:29
BIDU,2026-03-23 00:38:29
HEI,2026-03-23 00:38:29
SGEN,2026-03-23 00:38:29
TEVA,2026-03-23 00:38:29
BKR,2026-03-23 00:38:29
ASX,2026-03-23 00:38:29
MLM,2026-03-23 00:38:29
CLS,2026-03-23 00:38:29
WCN,2026-03-23 00:38:29
FICO,2026-03-23 00:38:29
DLR,2026-03-23 00:38:29
AU,2026-03-23 00:38:29
KGC,2026-03-23 00:38:29
ZTS,2026-03-23 00:38:29
F,2026-03-23 00:38:29
ROP,2026-03-23 00:38:29
CAH,2026-03-23 00:38:29
TTWO,2026-03-23 00:38:29
CTSH,2026-03-23 00:38:29
SQ,2026-03-23 00:38:29
IMO,2026-03-23 00:38:29
CMG,2026-03-23 00:38:29
JD,2026-03-23 00:38:29
UAL,2026-03-23 00:38:29
AXON,2026-03-23 00:38:29
VOD,2026-03-23 00:38:29
MPC,2026-03-23 00:38:29
MCHP,2026-03-23 00:38:29
KR,2026-03-23 00:38:29
TWTR,2026-03-23 00:38:29
XYL,2026-03-23 00:38:29
AME,2026-03-23 00:38:29
HES,2026-03-23 00:38:29
IQV,2026-03-23 00:38:29
TEAM,2026-03-23 00:38:29
EW,2026-03-23 00:38:29
WAB,2026-03-23 00:38:29
DAL,2026-03-23 00:38:29
ODFL,2026-03-23 00:38:29
TRGP,2026-03-23 00:38:29
CVE,2026-03-23 00:38:29
CBRE,2026-03-23 00:38:29
GFI,2026-03-23 00:38:29
RMD,2026-03-23 00:38:29
FER,2026-03-23 00:38:29
TCOM,2026-03-23 00:38:29
LNG,2026-03-23 00:38:29
ABC,2026-03-23 00:38:29
FAST,2026-03-23 00:38:29
LVS,2026-03-23 00:38:29
VTR,2026-03-23 00:38:29
OXY,2026-03-23 00:38:29
EBAY,2026-03-23 00:38:29
LYV,2026-03-23 00:38:29
MPWR,2026-03-23 00:38:29
EA,2026-03-23 00:38:29
WDAY,2026-03-23 00:38:29
TER,2026-03-23 00:38:29
YUM,2026-03-23 00:38:29
SYY,2026-03-23 00:38:29
FANG,2026-03-23 00:38:29
EL,2026-03-23 00:38:29
MSTR,2026-03-23 00:38:29
KEYS,2026-03-23 00:38:29
CW,2026-03-23 00:38:29
LDOS,2026-03-23 00:38:29
BR,2026-03-23 00:38:29
SQM,2026-03-23 00:38:29
PHM,2026-03-23 00:38:29
WSM,2026-03-23 00:38:29
DVN,2026-03-23 00:38:29
PSTG,2026-03-23 00:38:29
STRK,2026-03-23 00:38:29
BCE,2026-03-23 00:38:29
HUM,2026-03-23 00:38:29
EC,2026-03-23 00:38:29
TSCO,2026-03-23 00:38:29
ULTA,2026-03-23 00:38:29
CSGP,2026-03-23 00:38:29
FIS,2026-03-23 00:38:29
ORAN,2026-03-23 00:38:29
LEN,2026-03-23 00:38:29
BIIB,2026-03-23 00:38:29
AVB,2026-03-23 00:38:29
FTAI,2026-03-23 00:38:29
INSM,2026-03-23 00:38:29
VRSN,2026-03-23 00:38:29
STLD,2026-03-23 00:38:29
STM,2026-03-23 00:38:29
WAT,2026-03-23 00:38:29
AER,2026-03-23 00:38:29
EME,2026-03-23 00:38:29
FTI,2026-03-23 00:38:29
EXPE,2026-03-23 00:38:29
DRI,2026-03-23 00:38:29
CASY,2026-03-23 00:38:29
TPL,2026-03-23 00:38:29
STE,2026-03-23 00:38:29
LITE,2026-03-23 00:38:29
VRSK,2026-03-23 00:38:29
JBL,2026-03-23 00:38:29
ILMN,2026-03-23 00:38:29
TLK,2026-03-23 00:38:29
WDS,2026-03-23 00:38:29
FLEX,2026-03-23 00:38:29
CPAY,2026-03-23 00:38:29
IRM,2026-03-23 00:38:29
HAL,2026-03-23 00:38:29
PHG,2026-03-23 00:38:29
GIS,2026-03-23 00:38:29
CNC,2026-03-23 00:38:29
PAAS,2026-03-23 00:38:29
ON,2026-03-23 00:38:29
EQR,2026-03-23 00:38:29
K,2026-03-23 00:38:29
STLA,2026-03-23 00:38:29
EFX,2026-03-23 00:38:29
FI,2026-03-23 00:38:29
ADM,2026-03-23 00:38:29
TS,2026-03-23 00:38:29
KHC,2026-03-23 00:38:29
HPE,2026-03-23 00:38:29
NTRA,2026-03-23 00:38:29
EXR,2026-03-23 00:38:29
PBA,2026-03-23 00:38:29
UI,2026-03-23 00:38:29
KMB,2026-03-23 00:38:29
CHTR,2026-03-23 00:38:29
HZNP,2026-03-23 00:38:29
DLTR,2026-03-23 00:38:29
DXCM,2026-03-23 00:38:29
HUBB,2026-03-23 00:38:29
PPG,2026-03-23 00:38:29
ANSS,2026-03-23 00:38:29
VIV,2026-03-23 00:38:29
FSLR,2026-03-23 00:38:29
STZ,2026-03-23 00:38:29
COHR,2026-03-23 00:38:29
FMX,2026-03-23 00:38:29
CHD,2026-03-23 00:38:29
VIK,2026-03-23 00:38:29
FLUT,2026-03-23 00:38:29
TPR,2026-03-23 00:38:29
ROL,2026-03-23 00:38:29
TSN,2026-03-23 00:38:29
DOV,2026-03-23 00:38:29
TECK,2026-03-23 00:38:29
CHT,2026-03-23 00:38:29
KOF,2026-03-23 00:38:29
LH,2026-03-23 00:38:29
NETE,2026-03-23 00:38:29
SHLM,2026-03-23 00:38:29
CQP,2026-03-23 00:38:29
DG,2026-03-23 00:38:29
IP,2026-03-23 00:38:29
TDY,2026-03-23 00:38:29
ESLT,2026-03-23 00:38:29
MTD,2026-03-23 00:38:29
ALB,2026-03-23 00:38:29
UMC,2026-03-23 00:38:29
CIEN,2026-03-23 00:38:29
WIT,2026-03-23 00:38:29
SPLK,2026-03-23 00:38:29
CYBR,2026-03-23 00:38:29
MAA,2026-03-23 00:38:29
OMC,2026-03-23 00:38:29
WSO,2026-03-23 00:38:29
NLY,2026-03-23 00:38:29
SUI,2026-03-23 00:38:29
J,2026-03-23 00:38:29
GEN,2026-03-23 00:38:29
ESS,2026-03-23 00:38:29
COO,2026-03-23 00:38:29
FFIV,2026-03-23 00:38:29
CEA,2026-03-23 00:38:29
ITT,2026-03-23 00:38:29
ATI,2026-03-23 00:38:29
RBC,2026-03-23 00:38:29
TRMB,2026-03-23 00:38:29
RS,2026-03-23 00:38:29
COG,2026-03-23 00:38:29
HII,2026-03-23 00:38:29
FN,2026-03-23 00:38:29
HOLX,2026-03-23 00:38:29
MRO,2026-03-23 00:38:29
ZG,2026-03-23 00:38:29
JLL,2026-03-23 00:38:29
Z,2026-03-23 00:38:29
DGX,2026-03-23 00:38:29
QXO,2026-03-23 00:38:29
IT,2026-03-23 00:38:29
MTZ,2026-03-23 00:38:29
LULU,2026-03-23 00:38:29
AMCR,2026-03-23 00:38:29
SBAC,2026-03-23 00:38:29
WY,2026-03-23 00:38:29
MTSI,2026-03-23 00:38:29
HL,2026-03-23 00:38:29
XPO,2026-03-23 00:38:29
INCY,2026-03-23 00:38:29
NWS,2026-03-23 00:38:29
WST,2026-03-23 00:38:29
ZBH,2026-03-23 00:38:29
EXPD,2026-03-23 00:38:29
LYB,2026-03-23 00:38:29
CDE,2026-03-23 00:38:29
CRS,2026-03-23 00:38:29
TU,2026-03-23 00:38:29
SSNC,2026-03-23 00:38:29
TRU,2026-03-23 00:38:29
AGI,2026-03-23 00:38:29
PNR,2026-03-23 00:38:29
MKC,2026-03-23 00:38:29
CDW,2026-03-23 00:38:29
RGLD,2026-03-23 00:38:29
DKS,2026-03-23 00:38:29
ABMD,2026-03-23 00:38:29
WES,2026-03-23 00:38:29
GMAB,2026-03-23 00:38:29
PKG,2026-03-23 00:38:29
AZPN,2026-03-23 00:38:29
IFF,2026-03-23 00:38:29
GIB,2026-03-23 00:38:29
THC,2026-03-23 00:38:29
TXT,2026-03-23 00:38:29
VIAC,2026-03-23 00:38:29
RBA,2026-03-23 00:38:29
GPC,2026-03-23 00:38:29
QSR,2026-03-23 00:38:29
APTV,2026-03-23 00:38:29
RTO,2026-03-23 00:38:29
CX,2026-03-23 00:38:29
NTAP,2026-03-23 00:38:29
CAJ,2026-03-23 00:38:29
BG,2026-03-23 00:38:29
BWXT,2026-03-23 00:38:29
CHKP,2026-03-23 00:38:29
ENTG,2026-03-23 00:38:29
IHG,2026-03-23 00:38:29
KTOS,2026-03-23 00:38:29
GPN,2026-03-23 00:38:29
LII,2026-03-23 00:38:29
HUBS,2026-03-23 00:38:29
FLT,2026-03-23 00:38:29
TEF,2026-03-23 00:38:29
EXAS,2026-03-23 00:38:29
UTHR,2026-03-23 00:38:29
SMCI,2026-03-23 00:38:29
CTRA,2026-03-23 00:38:29
CHRW,2026-03-23 00:38:29
BURL,2026-03-23 00:38:29
RCI,2026-03-23 00:38:29
PODD,2026-03-23 00:38:29
LUV,2026-03-23 00:38:29
RL,2026-03-23 00:38:29
HPQ,2026-03-23 00:38:29
TYL,2026-03-23 00:38:29
BLL,2026-03-23 00:38:29
NVR,2026-03-23 00:38:29
PKX,2026-03-23 00:38:29
PTC,2026-03-23 00:38:29
WWD,2026-03-23 00:38:29
JBHT,2026-03-23 00:38:29
DD,2026-03-23 00:38:29
CNH,2026-03-23 00:38:29
EPAM,2026-03-23 00:38:29
BKI,2026-03-23 00:38:29
RMBS,2026-03-23 00:38:29
SMMT,2026-03-23 00:38:29
TPX,2026-03-23 00:38:29
UDR,2026-03-23 00:38:29
CCK,2026-03-23 00:38:29
ZBRA,2026-03-23 00:38:29
TXRH,2026-03-23 00:38:29
PEN,2026-03-23 00:38:29
JHX,2026-03-23 00:38:29
SUZ,2026-03-23 00:38:29
TSEM,2026-03-23 00:38:29
AKAM,2026-03-23 00:38:29
PAC,2026-03-23 00:38:29
CACI,2026-03-23 00:38:29
MAS,2026-03-23 00:38:29
WMS,2026-03-23 00:38:29
ELS,2026-03-23 00:38:29
KIM,2026-03-23 00:38:29
LECO,2026-03-23 00:38:29
LOGI,2026-03-23 00:38:29
ALGN,2026-03-23 00:38:29
DOC,2026-03-23 00:38:29
MKSI,2026-03-23 00:38:29
IONS,2026-03-23 00:38:29
NDSN,2026-03-23 00:38:29
YPF,2026-03-23 00:38:29
SNX,2026-03-23 00:38:29
CLX,2026-03-23 00:38:29
YNDX,2026-03-23 00:38:29
ALLE,2026-03-23 00:38:29
AG,2026-03-23 00:38:29
ACM,2026-03-23 00:38:29
AGNC,2026-03-23 00:38:29
GGG,2026-03-23 00:38:29
SWK,2026-03-23 00:38:29
X,2026-03-23 00:38:29
NVMI,2026-03-23 00:38:29
NLOK,2026-03-23 00:38:29
TOL,2026-03-23 00:38:29
GWRE,2026-03-23 00:38:29
GDDY,2026-03-23 00:38:29
W,2026-03-23 00:38:29
LAMR,2026-03-23 00:38:29
PKI,2026-03-23 00:38:29
SBSW,2026-03-23 00:38:29
WCC,2026-03-23 00:38:29
REG,2026-03-23 00:38:29
RPM,2026-03-23 00:38:29
MMP,2026-03-23 00:38:29
PFGC,2026-03-23 00:38:29
GLPI,2026-03-23 00:38:29
VNOM,2026-03-23 00:38:29
CELH,2026-03-23 00:38:29
WPC,2026-03-23 00:38:29
HAS,2026-03-23 00:38:29
GMED,2026-03-23 00:38:29
ASND,2026-03-23 00:38:29
NWSA,2026-03-23 00:38:29
HRL,2026-03-23 00:38:29
VTRS,2026-03-23 00:38:29
ITCI,2026-03-23 00:38:29
DPZ,2026-03-23 00:38:29
BBY,2026-03-23 00:38:29
BLDR,2026-03-23 00:38:29
CLH,2026-03-23 00:38:29
BLD,2026-03-23 00:38:29
SJR,2026-03-23 00:38:29
CF,2026-03-23 00:38:29
CNHI,2026-03-23 00:38:29
CSL,2026-03-23 00:38:29
PSKY,2026-03-23 00:38:29
AVY,2026-03-23 00:38:29
NBIX,2026-03-23 00:38:29
IAG,2026-03-23 00:38:29
ULS,2026-03-23 00:38:29
PAA,2026-03-23 00:38:29
ICLR,2026-03-23 00:38:29
JKHY,2026-03-23 00:38:29
COKE,2026-03-23 00:38:29
OHI,2026-03-23 00:38:29
HMY,2026-03-23 00:38:29
HTHT,2026-03-23 00:38:29
FMS,2026-03-23 00:38:29
AVAV,2026-03-23 00:38:29
IEX,2026-03-23 00:38:29
JNPR,2026-03-23 00:38:29
UHS,2026-03-23 00:38:29
HST,2026-03-23 00:38:29
BALL,2026-03-23 00:38:29
SNN,2026-03-23 00:38:29
DECK,2026-03-23 00:38:29
RVTY,2026-03-23 00:38:29
MLI,2026-03-23 00:38:29
MGA,2026-03-23 00:38:29
H,2026-03-23 00:38:29
WRK,2026-03-23 00:38:29
AMKR,2026-03-23 00:38:29
TECH,2026-03-23 00:38:29
SPXC,2026-03-23 00:38:29
SANM,2026-03-23 00:38:29
GME,2026-03-23 00:38:29
FIVE,2026-03-23 00:38:29
PAG,2026-03-23 00:38:29
MANH,2026-03-23 00:38:29
WTS,2026-03-23 00:38:29
OVV,2026-03-23 00:38:29
AIT,2026-03-23 00:38:29
CAE,2026-03-23 00:38:29
MOS,2026-03-23 00:38:29
SKM,2026-03-23 00:38:29
AMH,2026-03-23 00:38:29
NYT,2026-03-23 00:38:29
AOS,2026-03-23 00:38:29
TTMI,2026-03-23 00:38:29
TIMB,2026-03-23 00:38:29
NCLH,2026-03-23 00:38:29
ALSN,2026-03-23 00:38:29
MOH,2026-03-23 00:38:29
UHAL,2026-03-23 00:38:29
AR,2026-03-23 00:38:29
SUM,2026-03-23 00:38:29
DRS,2026-03-23 00:38:29
TTEK,2026-03-23 00:38:29
BAX,2026-03-23 00:38:29
PPC,2026-03-23 00:38:29
SKX,2026-03-23 00:38:29
EGP,2026-03-23 00:38:29
BMRN,2026-03-23 00:38:29
GTLS,2026-03-23 00:38:29
HBM,2026-03-23 00:38:29
ALV,2026-03-23 00:38:29
OC,2026-03-23 00:38:29
QGEN,2026-03-23 00:38:29
IPG,2026-03-23 00:38:29
RRX,2026-03-23 00:38:29
ARWR,2026-03-23 00:38:29
EHC,2026-03-23 00:38:29
JAZZ,2026-03-23 00:38:29
ARMK,2026-03-23 00:38:29
SJM,2026-03-23 00:38:29
FLS,2026-03-23 00:38:29
WBA,2026-03-23 00:38:29
MDGL,2026-03-23 00:38:29
AAL,2026-03-23 00:38:29
HSIC,2026-03-23 00:38:29
BWA,2026-03-23 00:38:29
DCI,2026-03-23 00:38:29
KT,2026-03-23 00:38:29
WLK,2026-03-23 00:38:29
IESC,2026-03-23 00:38:29
ENSG,2026-03-23 00:38:29
WYNN,2026-03-23 00:38:29
GPS,2026-03-23 00:38:29
BVN,2026-03-23 00:38:29
BXP,2026-03-23 00:38:29
OSK,2026-03-23 00:38:29
ASR,2026-03-23 00:38:29
RGEN,2026-03-23 00:38:29
AEIS,2026-03-23 00:38:29
TFII,2026-03-23 00:38:29
CPT,2026-03-23 00:38:29
SAIA,2026-03-23 00:38:29
AYI,2026-03-23 00:38:29
RDY,2026-03-23 00:38:29
GAP,2026-03-23 00:38:29
CTLT,2026-03-23 00:38:29
STRL,2026-03-23 00:38:29
CRL,2026-03-23 00:38:29
SCI,2026-03-23 00:38:29
DY,2026-03-23 00:38:29
EGO,2026-03-23 00:38:29
POOL,2026-03-23 00:38:29
CREE,2026-03-23 00:38:29
MGM,2026-03-23 00:38:29
STN,2026-03-23 00:38:29
APA,2026-03-23 00:38:29
TAP,2026-03-23 00:38:29
LSCC,2026-03-23 00:38:29
REXR,2026-03-23 00:38:29
DDS,2026-03-23 00:38:29
LSI,2026-03-23 00:38:29
MBT,2026-03-23 00:38:29
KNX,2026-03-23 00:38:29
EXEL,2026-03-23 00:38:29
NGD,2026-03-23 00:38:29
GNRC,2026-03-23 00:38:29
UEC,2026-03-23 00:38:29
SWH,2026-03-23 00:38:29
ARE,2026-03-23 00:38:29
BAH,2026-03-23 00:38:29
AXSM,2026-03-23 00:38:29
GIL,2026-03-23 00:38:29
PEAK,2026-03-23 00:38:29
SWKS,2026-03-23 00:38:29
HTA,2026-03-23 00:38:29
DINO,2026-03-23 00:38:29
DOX,2026-03-23 00:38:29
VMI,2026-03-23 00:38:29
ADC,2026-03-23 00:38:29
EDU,2026-03-23 00:38:29
ATR,2026-03-23 00:38:29
IDCC,2026-03-23 00:38:29
FRT,2026-03-23 00:38:29
LUMN,2026-03-23 00:38:29
GGB,2026-03-23 00:38:29
VIPS,2026-03-23 00:38:29
TTC,2026-03-23 00:38:29
PCTY,2026-03-23 00:38:29
FLR,2026-03-23 00:38:29
SWN,2026-03-23 00:38:29
APPF,2026-03-23 00:38:29
PARA,2026-03-23 00:38:29
NICE,2026-03-23 00:38:29
AAON,2026-03-23 00:38:29
DSGX,2026-03-23 00:38:29
NFG,2026-03-23 00:38:29
QRVO,2026-03-23 00:38:29
SUN,2026-03-23 00:38:29
CMC,2026-03-23 00:38:29
AL,2026-03-23 00:38:29
PLNT,2026-03-23 00:38:29
WWE,2026-03-23 00:38:29
AXTA,2026-03-23 00:38:29
PSO,2026-03-23 00:38:29
CTRE,2026-03-23 00:38:29
CUBE,2026-03-23 00:38:29
BRKS,2026-03-23 00:38:29
KEX,2026-03-23 00:38:29
NNN,2026-03-23 00:38:29
BPMC,2026-03-23 00:38:29
SFM,2026-03-23 00:38:29
BRKR,2026-03-23 00:38:29
CLF,2026-03-23 00:38:29
AGCO,2026-03-23 00:38:29
FBHS,2026-03-23 00:38:29
FSS,2026-03-23 00:38:29
CAG,2026-03-23 00:38:29
CRK,2026-03-23 00:38:29
LKQ,2026-03-23 00:38:29
EMN,2026-03-23 00:38:29
DVA,2026-03-23 00:38:29
MIDD,2026-03-23 00:38:29
BTG,2026-03-23 00:38:29
BERY,2026-03-23 00:38:29
DCP,2026-03-23 00:38:29
VFC,2026-03-23 00:38:29
IMGN,2026-03-23 00:38:29
ESI,2026-03-23 00:38:29
TX,2026-03-23 00:38:29
OLLI,2026-03-23 00:38:29
RRC,2026-03-23 00:38:29
GKOS,2026-03-23 00:38:29
LNW,2026-03-23 00:38:29
BRX,2026-03-23 00:38:29
GSAT,2026-03-23 00:38:29
CHDN,2026-03-23 00:38:29
VICR,2026-03-23 00:38:29
SMTC,2026-03-23 00:38:29
MUSA,2026-03-23 00:38:29
EAT,2026-03-23 00:38:29
FR,2026-03-23 00:38:29
HALO,2026-03-23 00:38:29
PEGA,2026-03-23 00:38:29
BECN,2026-03-23 00:38:29
MASI,2026-03-23 00:38:29
EXP,2026-03-23 00:38:29
LFUS,2026-03-23 00:38:29
ZWS,2026-03-23 00:38:29
PAYC,2026-03-23 00:38:29
EXLS,2026-03-23 00:38:29
HFC,2026-03-23 00:38:29
IBP,2026-03-23 00:38:29
MOD,2026-03-23 00:38:29
FSV,2026-03-23 00:38:29
AWI,2026-03-23 00:38:29
R,2026-03-23 00:38:29
NXE,2026-03-23 00:38:29
NATI,2026-03-23 00:38:29
MHK,2026-03-23 00:38:29
INGR,2026-03-23 00:38:29
G,2026-03-23 00:38:29
BIO,2026-03-23 00:38:29
WING,2026-03-23 00:38:29
AN,2026-03-23 00:38:29
PRIM,2026-03-23 00:38:29
HQY,2026-03-23 00:38:29
GRFS,2026-03-23 00:38:29
SIRI,2026-03-23 00:38:29
ICL,2026-03-23 00:38:29
CPB,2026-03-23 00:38:29
SSD,2026-03-23 00:38:29
JBTM,2026-03-23 00:38:29
MTCH,2026-03-23 00:38:29
CYTK,2026-03-23 00:38:29
LAD,2026-03-23 00:38:29
OTEX,2026-03-23 00:38:29
MSA,2026-03-23 00:38:29
USM,2026-03-23 00:38:29
CWST,2026-03-23 00:38:29
CE,2026-03-23 00:38:29
BFAM,2026-03-23 00:38:29
GNTX,2026-03-23 00:38:29
GVA,2026-03-23 00:38:29
LHCG,2026-03-23 00:38:29
LIF,2026-03-23 00:38:29
BCO,2026-03-23 00:38:29
LSTR,2026-03-23 00:38:29
BRFS,2026-03-23 00:38:29
SGMS,2026-03-23 00:38:29
HRI,2026-03-23 00:38:29
CNX,2026-03-23 00:38:29
BCPC,2026-03-23 00:38:29
CPG,2026-03-23 00:38:29
HRB,2026-03-23 00:38:29
MTDR,2026-03-23 00:38:29
CSW,2026-03-23 00:38:29
CVCO,2026-03-23 00:38:29
NRZ,2026-03-23 00:38:29
CPA,2026-03-23 00:38:29
M,2026-03-23 00:38:29
IKNX,2026-03-23 00:38:29
HR,2026-03-23 00:38:29
MMS,2026-03-23 00:38:29
NXST,2026-03-23 00:38:29
NEU,2026-03-23 00:38:29
LGN,2026-03-23 00:38:29
VNO,2026-03-23 00:38:29
PTCT,2026-03-23 00:38:29
SSRM,2026-03-23 00:38:29
KBR,2026-03-23 00:38:29
CRUS,2026-03-23 00:38:29
RITM,2026-03-23 00:38:29
UFPI,2026-03-23 00:38:29
THO,2026-03-23 00:38:29
ISEE,2026-03-23 00:38:29
SRC,2026-03-23 00:38:29
WFG,2026-03-23 00:38:29
KMX,2026-03-23 00:38:29
TRNO,2026-03-23 00:38:29
JCOM,2026-03-23 00:38:29
LEA,2026-03-23 00:38:29
BOOT,2026-03-23 00:38:29
AUY,2026-03-23 00:38:29
FBIN,2026-03-23 00:38:29
MAT,2026-03-23 00:38:29
DAR,2026-03-23 00:38:29
NEWR,2026-03-23 00:38:29
CVLT,2026-03-23 00:38:29
TMHC,2026-03-23 00:38:29
SEE,2026-03-23 00:38:29
NOV,2026-03-23 00:38:29
BC,2026-03-23 00:38:29
OPCH,2026-03-23 00:38:29
ARW,2026-03-23 00:38:29
ALKS,2026-03-23 00:38:29
CIGI,2026-03-23 00:38:29
STWD,2026-03-23 00:38:29
CGNX,2026-03-23 00:38:29
ETSY,2026-03-23 00:38:29
WEX,2026-03-23 00:38:29
ENLC,2026-03-23 00:38:29
FRO,2026-03-23 00:38:29
STAG,2026-03-23 00:38:29
ESE,2026-03-23 00:38:29
MSGS,2026-03-23 00:38:29
TKR,2026-03-23 00:38:29
TKC,2026-03-23 00:38:29
TAL,2026-03-23 00:38:29
IBRX,2026-03-23 00:38:29
OLED,2026-03-23 00:38:29
SRCL,2026-03-23 00:38:29
GATX,2026-03-23 00:38:29
BYD,2026-03-23 00:38:29
UUUU,2026-03-23 00:38:29
RHP,2026-03-23 00:38:29
OMAB,2026-03-23 00:38:29
TEO,2026-03-23 00:38:29
LPX,2026-03-23 00:38:29
ROLL,2026-03-23 00:38:29
FCN,2026-03-23 00:38:29
OS,2026-03-23 00:38:29
FORM,2026-03-23 00:38:29
RDNT,2026-03-23 00:38:29
DLB,2026-03-23 00:38:29
URBN,2026-03-23 00:38:29
ENS,2026-03-23 00:38:29
DOOO,2026-03-23 00:38:29
CHE,2026-03-23 00:38:29
VSAT,2026-03-23 00:38:29
CAMT,2026-03-23 00:38:29
HXL,2026-03-23 00:38:29
UNVR,2026-03-23 00:38:29
CEO,2026-03-23 00:38:29
ALK,2026-03-23 00:38:29
MRCY,2026-03-23 00:38:29
MMYT,2026-03-23 00:38:29
CDTX,2026-03-23 00:38:29
PATK,2026-03-23 00:38:29
ENPH,2026-03-23 00:38:29
JWN,2026-03-23 00:38:29
MWA,2026-03-23 00:38:29
LPL,2026-03-23 00:38:29
INDV,2026-03-23 00:38:29
AIR,2026-03-23 00:38:29
NG,2026-03-23 00:38:29
VRNS,2026-03-23 00:38:29
AVT,2026-03-23 00:38:29
MUR,2026-03-23 00:38:29
ARMN,2026-03-23 00:38:29
MRTX,2026-03-23 00:38:29
ALPN,2026-03-23 00:38:29
KRC,2026-03-23 00:38:29
FOLD,2026-03-23 00:38:29
SYNH,2026-03-23 00:38:29
MDU,2026-03-23 00:38:29
RIG,2026-03-23 00:38:29
VIAV,2026-03-23 00:38:29
MTN,2026-03-23 00:38:29
SON,2026-03-23 00:38:29
WPP,2026-03-23 00:38:29
CENX,2026-03-23 00:38:29
TWNK,2026-03-23 00:38:29
SBRA,2026-03-23 00:38:29
TFX,2026-03-23 00:38:29
SIM,2026-03-23 00:38:29
BBWI,2026-03-23 00:38:29
AJRD,2026-03-23 00:38:29
ACAD,2026-03-23 00:38:29
TREX,2026-03-23 00:38:29
OAS,2026-03-23 00:38:29
GHC,2026-03-23 00:38:29
TGS,2026-03-23 00:38:29
POST,2026-03-23 00:38:29
TNL,2026-03-23 00:38:29
HHH,2026-03-23 00:38:29
LANC,2026-03-23 00:38:29
UGP,2026-03-23 00:38:29
AGRO,2026-03-23 00:38:29
DAN,2026-03-23 00:38:29
MTH,2026-03-23 00:38:29
POWL,2026-03-23 00:38:29
BMI,2026-03-23 00:38:29
LEU,2026-03-23 00:38:29
CHH,2026-03-23 00:38:29
SSL,2026-03-23 00:38:29
GOL,2026-03-23 00:38:29
WIRE,2026-03-23 00:38:29
TGTX,2026-03-23 00:38:29
SLAB,2026-03-23 00:38:29
WK,2026-03-23 00:38:29
QTWO,2026-03-23 00:38:29
SAIC,2026-03-23 00:38:29
IEP,2026-03-23 00:38:29
ATGE,2026-03-23 00:38:29
PSMT,2026-03-23 00:38:29
ST,2026-03-23 00:38:29
GPK,2026-03-23 00:38:29
AROC,2026-03-23 00:38:29
CUZ,2026-03-23 00:38:29
TRTN,2026-03-23 00:38:29
FELE,2026-03-23 00:38:29
SPR,2026-03-23 00:38:29
SEB,2026-03-23 00:38:29
MSM,2026-03-23 00:38:29
BCEI,2026-03-23 00:38:29
CSWI,2026-03-23 00:38:29
WIX,2026-03-23 00:38:29
GPI,2026-03-23 00:38:29
SKY,2026-03-23 00:38:29
RUN,2026-03-23 00:38:29
ABG,2026-03-23 00:38:29
ANF,2026-03-23 00:38:29
LNTH,2026-03-23 00:38:29
MATX,2026-03-23 00:38:29
AGX,2026-03-23 00:38:29
CROX,2026-03-23 00:38:29
QLYS,2026-03-23 00:38:29
ITRI,2026-03-23 00:38:29
PLXS,2026-03-23 00:38:29
MAC,2026-03-23 00:38:29
LOPE,2026-03-23 00:38:29
VSEC,2026-03-23 00:38:29
MMSI,2026-03-23 00:38:29
WHR,2026-03-23 00:38:29
SLGN,2026-03-23 00:38:29
ACIW,2026-03-23 00:38:29
OSIS,2026-03-23 00:38:29
NOVT,2026-03-23 00:38:29
KRG,2026-03-23 00:38:29
TDS,2026-03-23 00:38:29
NPO,2026-03-23 00:38:29
CZR,2026-03-23 00:38:29
MDC,2026-03-23 00:38:29
BDC,2026-03-23 00:38:29
MZTI,2026-03-23 00:38:29
PHI,2026-03-23 00:38:29
CORT,2026-03-23 00:38:29
FUL,2026-03-23 00:38:29
IAC,2026-03-23 00:38:29
LRN,2026-03-23 00:38:29
DRD,2026-03-23 00:38:29
SEAS,2026-03-23 00:38:29
VCYT,2026-03-23 00:38:29
EURN,2026-03-23 00:38:29
PBH,2026-03-23 00:38:29
HP,2026-03-23 00:38:29
KAR,2026-03-23 00:38:29
WNS,2026-03-23 00:38:29
SPSC,2026-03-23 00:38:29
HEES,2026-03-23 00:38:29
OPLN,2026-03-23 00:38:29
AVNT,2026-03-23 00:38:29
PCH,2026-03-23 00:38:29
MHO,2026-03-23 00:38:29
HWKN,2026-03-23 00:38:29
AGYS,2026-03-23 00:38:29
ENV,2026-03-23 00:38:29
SLG,2026-03-23 00:38:29
IPAR,2026-03-23 00:38:29
LGND,2026-03-23 00:38:29
CDP,2026-03-23 00:38:29
PAGP,2026-03-23 00:38:29
GEF,2026-03-23 00:38:29
PII,2026-03-23 00:38:29
RYN,2026-03-23 00:38:29
MEOH,2026-03-23 00:38:29
ICUI,2026-03-23 00:38:29
MYRG,2026-03-23 00:38:29
CALM,2026-03-23 00:38:29
RH,2026-03-23 00:38:29
LCII,2026-03-23 00:38:29
DORM,2026-03-23 00:38:29
KFY,2026-03-23 00:38:29
GFF,2026-03-23 00:38:29
VKTX,2026-03-23 00:38:29
ERF,2026-03-23 00:38:29
FSM,2026-03-23 00:38:29
EXK,2026-03-23 00:38:29
ADMA,2026-03-23 00:38:29
SAND,2026-03-23 00:38:29
EPR,2026-03-23 00:38:29
SIG,2026-03-23 00:38:29
SYNA,2026-03-23 00:38:29
CAR,2026-03-23 00:38:29
ELY,2026-03-23 00:38:29
IGT,2026-03-23 00:38:29
SMG,2026-03-23 00:38:29
DJT,2026-03-23 00:38:29
IPGP,2026-03-23 00:38:29
HAE,2026-03-23 00:38:29
FRPT,2026-03-23 00:38:29
BOX,2026-03-23 00:38:29
SKE,2026-03-23 00:38:29
EXPO,2026-03-23 00:38:29
AMED,2026-03-23 00:38:29
XENE,2026-03-23 00:38:29
BXMT,2026-03-23 00:38:29
OUT,2026-03-23 00:38:29
AIMC,2026-03-23 00:38:29
LIVN,2026-03-23 00:38:29
KAI,2026-03-23 00:38:29
DNN,2026-03-23 00:38:29
SXT,2026-03-23 00:38:29
WSC,2026-03-23 00:38:29
SHOO,2026-03-23 00:38:29
SIMO,2026-03-23 00:38:29
TEX,2026-03-23 00:38:29
SHAK,2026-03-23 00:38:29
COMM,2026-03-23 00:38:29
CBAY,2026-03-23 00:38:29
CGAU,2026-03-23 00:38:29
VEON,2026-03-23 00:38:29
TPC,2026-03-23 00:38:29
CALX,2026-03-23 00:38:29
AEO,2026-03-23 00:38:29
SA,2026-03-23 00:38:29
VRN,2026-03-23 00:38:29
KBH,2026-03-23 00:38:29
IRT,2026-03-23 00:38:29
BRC,2026-03-23 00:38:29
HHC,2026-03-23 00:38:29
JBT,2026-03-23 00:38:29
AD,2026-03-23 00:38:29
NCR,2026-03-23 00:38:29
JOE,2026-03-23 00:38:29
JOYY,2026-03-23 00:38:29
GLNG,2026-03-23 00:38:29
CBT,2026-03-23 00:38:29
AZZ,2026-03-23 00:38:29
MAXR,2026-03-23 00:38:29
SKT,2026-03-23 00:38:29
PBF,2026-03-23 00:38:29
SKYW,2026-03-23 00:38:29
UNF,2026-03-23 00:38:29
NHI,2026-03-23 00:38:29
PRMW,2026-03-23 00:38:29
USLM,2026-03-23 00:38:29
RNG,2026-03-23 00:38:29
VSTO,2026-03-23 00:38:29
CECO,2026-03-23 00:38:29
NSA,2026-03-23 00:38:29
USAS,2026-03-23 00:38:29
XRAY,2026-03-23 00:38:29
SBLK,2026-03-23 00:38:29
DKL,2026-03-23 00:38:29
BKE,2026-03-23 00:38:29
BTE,2026-03-23 00:38:29
VRDN,2026-03-23 00:38:29
VC,2026-03-23 00:38:29
BLKB,2026-03-23 00:38:29
MAG,2026-03-23 00:38:29
KWR,2026-03-23 00:38:29
OLN,2026-03-23 00:38:29
GT,2026-03-23 00:38:29
ALRM,2026-03-23 00:38:29
SID,2026-03-23 00:38:29
UAA,2026-03-23 00:38:29
SIX,2026-03-23 00:38:29
DISH,2026-03-23 00:38:29
MDCA,2026-03-23 00:38:29
SXI,2026-03-23 00:38:29
CALY,2026-03-23 00:38:29
MODG,2026-03-23 00:38:29
MDP,2026-03-23 00:38:29
CAM,2026-03-23 00:38:29
STNG,2026-03-23 00:38:29
CPRI,2026-03-23 00:38:29
KLIC,2026-03-23 00:38:29
CNK,2026-03-23 00:38:29
WB,2026-03-23 00:38:29
ABM,2026-03-23 00:38:29
VNET,2026-03-23 00:38:29
PVH,2026-03-23 00:38:29
MGRC,2026-03-23 00:38:29
NS,2026-03-23 00:38:29
ESTE,2026-03-23 00:38:29
DIOD,2026-03-23 00:38:29
HEP,2026-03-23 00:38:29
TDW,2026-03-23 00:38:29
CCU,2026-03-23 00:38:29
CHEF,2026-03-23 00:38:29
BKD,2026-03-23 00:38:29
SUPN,2026-03-23 00:38:29
USAC,2026-03-23 00:38:29
AKR,2026-03-23 00:38:29
DBRG,2026-03-23 00:38:29
WOR,2026-03-23 00:38:29
AAP,2026-03-23 00:38:29
ITGR,2026-03-23 00:38:29
FCPT,2026-03-23 00:38:29
CEQP,2026-03-23 00:38:29
AMBA,2026-03-23 00:38:29
KMT,2026-03-23 00:38:29
DXC,2026-03-23 00:38:29
WDFC,2026-03-23 00:38:29
TVTX,2026-03-23 00:38:29
ACLS,2026-03-23 00:38:29
ATRO,2026-03-23 00:38:29
NSIT,2026-03-23 00:38:29
LXP,2026-03-23 00:38:29
RHI,2026-03-23 00:38:29
IBA,2026-03-23 00:38:29
PRFT,2026-03-23 00:38:29
TPH,2026-03-23 00:38:29
BCC,2026-03-23 00:38:29
TNET,2026-03-23 00:38:29
ARLP,2026-03-23 00:38:29
HURN,2026-03-23 00:38:29
ATS,2026-03-23 00:38:29
HUBG,2026-03-23 00:38:29
COTY,2026-03-23 00:38:29
PTEN,2026-03-23 00:38:29
AAWW,2026-03-23 00:38:29
TDC,2026-03-23 00:38:29
FIZZ,2026-03-23 00:38:29
REGI,2026-03-23 00:38:29
PDCO,2026-03-23 00:38:29
MPW,2026-03-23 00:38:29
CXT,2026-03-23 00:38:29
GLOB,2026-03-23 00:38:29
ASH,2026-03-23 00:38:29
GRBK,2026-03-23 00:38:29
MANU,2026-03-23 00:38:29
CAKE,2026-03-23 00:38:29
DOOR,2026-03-23 00:38:29
APLE,2026-03-23 00:38:29
CON,2026-03-23 00:38:29
CSTM,2026-03-23 00:38:29
BSM,2026-03-23 00:38:29
COLM,2026-03-23 00:38:29
EEFT,2026-03-23 00:38:29
MLHR,2026-03-23 00:38:29
HIW,2026-03-23 00:38:29
CPRX,2026-03-23 00:38:29
TGNA,2026-03-23 00:38:29
OII,2026-03-23 00:38:29
MTRN,2026-03-23 00:38:29
KALU,2026-03-23 00:38:29
HOUS,2026-03-23 00:38:29
CXW,2026-03-23 00:38:29
HNI,2026-03-23 00:38:29
KSS,2026-03-23 00:38:29
DXPE,2026-03-23 00:38:29
STRA,2026-03-23 00:38:29
IOSP,2026-03-23 00:38:29
NEOG,2026-03-23 00:38:29
TVPT,2026-03-23 00:38:29
NSS,2026-03-23 00:38:29
GLPG,2026-03-23 00:38:29
CVI,2026-03-23 00:38:29
NTCT,2026-03-23 00:38:29
BB,2026-03-23 00:38:29
HI,2026-03-23 00:38:29
CSGS,2026-03-23 00:38:29
UCTT,2026-03-23 00:38:29
TRN,2026-03-23 00:38:29
NOG,2026-03-23 00:38:29
WERN,2026-03-23 00:38:29
SPNS,2026-03-23 00:38:29
GNL,2026-03-23 00:38:29
NHC,2026-03-23 00:38:29
SGRY,2026-03-23 00:38:29
ROIC,2026-03-23 00:38:29
PRGO,2026-03-23 00:38:29
CC,2026-03-23 00:38:29
ADUS,2026-03-23 00:38:29
PLUS,2026-03-23 00:38:29
WVE,2026-03-23 00:38:29
GEL,2026-03-23 00:38:29
PLAB,2026-03-23 00:38:29
VRTV,2026-03-23 00:38:29
IRDM,2026-03-23 00:38:29
ARR,2026-03-23 00:38:29
OCUL,2026-03-23 00:38:29
ALG,2026-03-23 00:38:29
TGI,2026-03-23 00:38:29
BWLP,2026-03-23 00:38:29
OMCL,2026-03-23 00:38:29
DHT,2026-03-23 00:38:29
CBZ,2026-03-23 00:38:29
BHC,2026-03-23 00:38:29
VGR,2026-03-23 00:38:29
MGNI,2026-03-23 00:38:29
SAH,2026-03-23 00:38:29
PINC,2026-03-23 00:38:29
VVX,2026-03-23 00:38:29
CPE,2026-03-23 00:38:29
ADEA,2026-03-23 00:38:29
EPAC,2026-03-23 00:38:29
ANDE,2026-03-23 00:38:29
SM,2026-03-23 00:38:29
HLIO,2026-03-23 00:38:29
IVT,2026-03-23 00:38:29
CMBT,2026-03-23 00:38:29
HUN,2026-03-23 00:38:29
AORT,2026-03-23 00:38:29
FL,2026-03-23 00:38:29
HBI,2026-03-23 00:38:29
EACQ,2026-03-23 00:38:29
SAM,2026-03-23 00:38:29
FMC,2026-03-23 00:38:29
PRKS,2026-03-23 00:38:29
UNFI,2026-03-23 00:38:29
ASGN,2026-03-23 00:38:29
UE,2026-03-23 00:38:29
YY,2026-03-23 00:38:29
KN,2026-03-23 00:38:29
TGLS,2026-03-23 00:38:29
VSH,2026-03-23 00:38:29
SRPT,2026-03-23 00:38:29
SEDG,2026-03-23 00:38:29
GEO,2026-03-23 00:38:29
DX,2026-03-23 00:38:29
CIVI,2026-03-23 00:38:29
ATEC,2026-03-23 00:38:29
NUVA,2026-03-23 00:38:29
MTX,2026-03-23 00:38:29
SLNO,2026-03-23 00:38:29
HOG,2026-03-23 00:38:29
EXTR,2026-03-23 00:38:29
PENN,2026-03-23 00:38:29
POWI,2026-03-23 00:38:29
AAOI,2026-03-23 00:38:29
OI,2026-03-23 00:38:29
TGH,2026-03-23 00:38:29
PGTI,2026-03-23 00:38:29
PLUG,2026-03-23 00:38:29
PRDO,2026-03-23 00:38:29
AVDL,2026-03-23 00:38:29
TNK,2026-03-23 00:38:29
TGB,2026-03-23 00:38:29
MESO,2026-03-23 00:38:29
RARE,2026-03-23 00:38:29
FLO,2026-03-23 00:38:29
EFXT,2026-03-23 00:38:29
CENT,2026-03-23 00:38:29
CFX,2026-03-23 00:38:29
LZB,2026-03-23 00:38:29
MUX,2026-03-23 00:38:29
INVX,2026-03-23 00:38:29
SPB,2026-03-23 00:38:29
NVAX,2026-03-23 00:38:29
TR,2026-03-23 00:38:29
PSIX,2026-03-23 00:38:29
GOGL,2026-03-23 00:38:29
INFN,2026-03-23 00:38:29
TTI,2026-03-23 00:38:29
QURE,2026-03-23 00:38:29
ALGT,2026-03-23 00:38:29
CLI,2026-03-23 00:38:29
FISK,2026-03-23 00:38:29
BLBD,2026-03-23 00:38:29
JJSF,2026-03-23 00:38:29
DVAX,2026-03-23 00:38:29
GBX,2026-03-23 00:38:29
MD,2026-03-23 00:38:29
NWL,2026-03-23 00:38:29
AMEH,2026-03-23 00:38:29
VAC,2026-03-23 00:38:29
WMK,2026-03-23 00:38:29
DQ,2026-03-23 00:38:29
CNL,2026-03-23 00:38:29
ANIP,2026-03-23 00:38:29
LEG,2026-03-23 00:38:29
ARDX,2026-03-23 00:38:29
JBLU,2026-03-23 00:38:29
HOLI,2026-03-23 00:38:29
UFPT,2026-03-23 00:38:29
DAC,2026-03-23 00:38:29
ARCO,2026-03-23 00:38:29
CYD,2026-03-23 00:38:29
TARO,2026-03-23 00:38:29
WINA,2026-03-23 00:38:29
PRGS,2026-03-23 00:38:29
SCS,2026-03-23 00:38:29
WLYB,2026-03-23 00:38:29
FDP,2026-03-23 00:38:29
DEI,2026-03-23 00:38:29
PBI,2026-03-23 00:38:29
CLDX,2026-03-23 00:38:29
AGIO,2026-03-23 00:38:29
ROG,2026-03-23 00:38:29
IMAX,2026-03-23 00:38:29
PARR,2026-03-23 00:38:29
OGCP,2026-03-23 00:38:29
AIN,2026-03-23 00:38:29
INOD,2026-03-23 00:38:29
YELP,2026-03-23 00:38:29
TILE,2026-03-23 00:38:29
NOMD,2026-03-23 00:38:29
DK,2026-03-23 00:38:29
MCRI,2026-03-23 00:38:29
CCS,2026-03-23 00:38:29
AZTA,2026-03-23 00:38:29
CMRE,2026-03-23 00:38:29
UNIT,2026-03-23 00:38:29
ESBA,2026-03-23 00:38:29
HROW,2026-03-23 00:38:29
BHE,2026-03-23 00:38:29
ARCB,2026-03-23 00:38:29
FUN,2026-03-23 00:38:29
DGII,2026-03-23 00:38:29
MNKD,2026-03-23 00:38:29
HLF,2026-03-23 00:38:29
AXGN,2026-03-23 00:38:29
TV,2026-03-23 00:38:29
PLYA,2026-03-23 00:38:29
DRH,2026-03-23 00:38:29
AUPH,2026-03-23 00:38:29
LMAT,2026-03-23 00:38:29
BLU,2026-03-23 00:38:29
CLMT,2026-03-23 00:38:29
ICFI,2026-03-23 00:38:29
DCO,2026-03-23 00:38:29
WLDN,2026-03-23 00:38:29
XPRO,2026-03-23 00:38:29
STGW,2026-03-23 00:38:29
RAMP,2026-03-23 00:38:29
SEM,2026-03-23 00:38:29
ATRC,2026-03-23 00:38:29
NMM,2026-03-23 00:38:29
AMRC,2026-03-23 00:38:29
RFP,2026-03-23 00:38:29
WLY,2026-03-23 00:38:29
QDEL,2026-03-23 00:38:29
NSP,2026-03-23 00:38:29
MXL,2026-03-23 00:38:29
VCEL,2026-03-23 00:38:29
SHO,2026-03-23 00:38:29
LTC,2026-03-23 00:38:29
VECO,2026-03-23 00:38:29
PAHC,2026-03-23 00:38:29
EVTC,2026-03-23 00:38:29
CMPR,2026-03-23 00:38:29
GTY,2026-03-23 00:38:29
NXGN,2026-03-23 00:38:29
ZD,2026-03-23 00:38:29
EYPT,2026-03-23 00:38:29
IRMD,2026-03-23 00:38:29
PAR,2026-03-23 00:38:29
CSIQ,2026-03-23 00:38:29
NRP,2026-03-23 00:38:29
INVA,2026-03-23 00:38:29
CNMD,2026-03-23 00:38:29
RCAT,2026-03-23 00:38:29
SWM,2026-03-23 00:38:29
ELE,2026-03-23 00:38:29
ATEN,2026-03-23 00:38:29
CRI,2026-03-23 00:38:29
DNOW,2026-03-23 00:38:29
WRE,2026-03-23 00:38:29
TRIP,2026-03-23 00:38:29
SBH,2026-03-23 00:38:29
VTOL,2026-03-23 00:38:29
WEN,2026-03-23 00:38:29
SCL,2026-03-23 00:38:29
UTI,2026-03-23 00:38:29
GLP,2026-03-23 00:38:29
LAC,2026-03-23 00:38:29
RES,2026-03-23 00:38:29
ASTH,2026-03-23 00:38:29
CNXN,2026-03-23 00:38:29
EVO,2026-03-23 00:38:29
USPH,2026-03-23 00:38:29
LILA,2026-03-23 00:38:29
GRC,2026-03-23 00:38:29
TNC,2026-03-23 00:38:29
LADR,2026-03-23 00:38:29
MAN,2026-03-23 00:38:29
NVCR,2026-03-23 00:38:29
CTS,2026-03-23 00:38:29
NEXT,2026-03-23 00:38:29
WGO,2026-03-23 00:38:29
INT,2026-03-23 00:38:29
HSKA,2026-03-23 00:38:29
KAMN,2026-03-23 00:38:29
TRS,2026-03-23 00:38:29
GSL,2026-03-23 00:38:29
WKC,2026-03-23 00:38:29
ATSG,2026-03-23 00:38:29
QUBT,2026-03-23 00:38:29
IMOS,2026-03-23 00:38:29
FIVN,2026-03-23 00:38:29
SYX,2026-03-23 00:38:29
BCRX,2026-03-23 00:38:29
LNN,2026-03-23 00:38:29
PGEN,2026-03-23 00:38:29
ALEX,2026-03-23 00:38:29
MLKN,2026-03-23 00:38:29
SCZM,2026-03-23 00:38:29
NVRI,2026-03-23 00:38:29
SBET,2026-03-23 00:38:29
DHC,2026-03-23 00:38:29
NVEE,2026-03-23 00:38:29
TWO,2026-03-23 00:38:29
ABR,2026-03-23 00:38:29
TA,2026-03-23 00:38:29
COLL,2026-03-23 00:38:29
VRE,2026-03-23 00:38:29
BTCM,2026-03-23 00:38:29
VIVO,2026-03-23 00:38:29
TNDM,2026-03-23 00:38:29
RCII,2026-03-23 00:38:29
ACHC,2026-03-23 00:38:29
KW,2026-03-23 00:38:29
ROCK,2026-03-23 00:38:29
THR,2026-03-23 00:38:29
UMH,2026-03-23 00:38:29
EFC,2026-03-23 00:38:29
PEB,2026-03-23 00:38:29
PRG,2026-03-23 00:38:29
IRS,2026-03-23 00:38:29
BAK,2026-03-23 00:38:29
MGIC,2026-03-23 00:38:29
ARI,2026-03-23 00:38:29
HIMX,2026-03-23 00:38:29
VYX,2026-03-23 00:38:29
XHR,2026-03-23 00:38:29
ENOV,2026-03-23 00:38:29
AMSC,2026-03-23 00:38:29
LAR,2026-03-23 00:38:29
WWW,2026-03-23 00:38:29
NSSC,2026-03-23 00:38:29
RLGY,2026-03-23 00:38:29
COHU,2026-03-23 00:38:29
ASM,2026-03-23 00:38:29
VET,2026-03-23 00:38:29
NNE,2026-03-23 00:38:29
DSGR,2026-03-23 00:38:29
PGRE,2026-03-23 00:38:29
CRAI,2026-03-23 00:38:29
NAK,2026-03-23 00:38:29
NGL,2026-03-23 00:38:29
UVV,2026-03-23 00:38:29
HCSG,2026-03-23 00:38:29
ENR,2026-03-23 00:38:29
PDFS,2026-03-23 00:38:29
SOL,2026-03-23 00:38:29
OPK,2026-03-23 00:38:29
BVH,2026-03-23 00:38:29
TBPH,2026-03-23 00:38:29
GLDD,2026-03-23 00:38:29
MFA,2026-03-23 00:38:29
GLYC,2026-03-23 00:38:29
VEC,2026-03-23 00:38:29
CCEC,2026-03-23 00:38:29
SAFE,2026-03-23 00:38:29
CTIC,2026-03-23 00:38:29
LPG,2026-03-23 00:38:29
UAMY,2026-03-23 00:38:29
NEGG,2026-03-23 00:38:29
SP,2026-03-23 00:38:29
RLJ,2026-03-23 00:38:29
GIC,2026-03-23 00:38:29
CCO,2026-03-23 00:38:29
REX,2026-03-23 00:38:29
SWIR,2026-03-23 00:38:29
HIBB,2026-03-23 00:38:29
LGIH,2026-03-23 00:38:29
HSII,2026-03-23 00:38:29
NPKI,2026-03-23 00:38:29
BBSI,2026-03-23 00:38:29
CMP,2026-03-23 00:38:29
BW,2026-03-23 00:38:29
THS,2026-03-23 00:38:29
TROX,2026-03-23 00:38:29
MBX,2026-03-23 00:38:29
AVID,2026-03-23 00:38:29
PZZA,2026-03-23 00:38:29
MMI,2026-03-23 00:38:29
NVGS,2026-03-23 00:38:29
DEA,2026-03-23 00:38:29
GILT,2026-03-23 00:38:29
ALX,2026-03-23 00:38:29
STAA,2026-03-23 00:38:29
FOR,2026-03-23 00:38:29
CCOI,2026-03-23 00:38:29
MRC,2026-03-23 00:38:29
WLFC,2026-03-23 00:38:29
VRNT,2026-03-23 00:38:29
CAPR,2026-03-23 00:38:29
CIR,2026-03-23 00:38:29
PRLB,2026-03-23 00:38:29
DLX,2026-03-23 00:38:29
PVLA,2026-03-23 00:38:29
LQDT,2026-03-23 00:38:29
CPAC,2026-03-23 00:38:29
PRO,2026-03-23 00:38:29
ORC,2026-03-23 00:38:29
BLFS,2026-03-23 00:38:29
HLX,2026-03-23 00:38:29
UPBD,2026-03-23 00:38:29
EVRI,2026-03-23 00:38:29
PDS,2026-03-23 00:38:29
MOMO,2026-03-23 00:38:29
VLRS,2026-03-23 00:38:29
HCCI,2026-03-23 00:38:29
LOT,2026-03-23 00:38:29
AXL,2026-03-23 00:38:29
HLIT,2026-03-23 00:38:29
PMT,2026-03-23 00:38:29
BH,2026-03-23 00:38:29
DAKT,2026-03-23 00:38:29
CRTO,2026-03-23 00:38:29
AAT,2026-03-23 00:38:29
SBGI,2026-03-23 00:38:29
WBI,2026-03-23 00:38:29
AMPH,2026-03-23 00:38:29
THRM,2026-03-23 00:38:29
GIII,2026-03-23 00:38:29
CDNA,2026-03-23 00:38:29
PDM,2026-03-23 00:38:29
CPLP,2026-03-23 00:38:29
PRSU,2026-03-23 00:38:29
IOVA,2026-03-23 00:38:29
MRTN,2026-03-23 00:38:29
PLPC,2026-03-23 00:38:29
NBR,2026-03-23 00:38:29
SIFY,2026-03-23 00:38:29
DMLP,2026-03-23 00:38:29
MODN,2026-03-23 00:38:29
CIM,2026-03-23 00:38:29
IDT,2026-03-23 00:38:29
EZT,2026-03-23 00:38:29
SLCA,2026-03-23 00:38:29
SFL,2026-03-23 00:38:29
TDOC,2026-03-23 00:38:29
CCF,2026-03-23 00:38:29
ALNT,2026-03-23 00:38:29
UAN,2026-03-23 00:38:29
ASTE,2026-03-23 00:38:29
ESRT,2026-03-23 00:38:29
LMB,2026-03-23 00:38:29
VVI,2026-03-23 00:38:29
TMQ,2026-03-23 00:38:29
CSR,2026-03-23 00:38:29
RDWR,2026-03-23 00:38:29
WRN,2026-03-23 00:38:29
AMN,2026-03-23 00:38:29
MYE,2026-03-23 00:38:29
BTX,2026-03-23 00:38:29
HAYN,2026-03-23 00:38:29
OSTK,2026-03-23 00:38:29
BLDP,2026-03-23 00:38:29
MTA,2026-03-23 00:38:29
NXRT,2026-03-23 00:38:29
MDXG,2026-03-23 00:38:29
SMP,2026-03-23 00:38:29
MOBL,2026-03-23 00:38:29
RZLV,2026-03-23 00:38:29
ADTN,2026-03-23 00:38:29
DJCO,2026-03-23 00:38:29
TCRZ,2026-03-23 00:38:29
HSC,2026-03-23 00:38:29
GHM,2026-03-23 00:38:29
NX,2026-03-23 00:38:29
ERII,2026-03-23 00:38:29
CTMX,2026-03-23 00:38:29
JBSS,2026-03-23 00:38:29
ICPT,2026-03-23 00:38:29
BBW,2026-03-23 00:38:29
AMWD,2026-03-23 00:38:29
APEI,2026-03-23 00:38:29
KURA,2026-03-23 00:38:29
CDMO,2026-03-23 00:38:29
FWRD,2026-03-23 00:38:29
NAT,2026-03-23 00:38:29
TELL,2026-03-23 00:38:29
SPTN,2026-03-23 00:38:29
PCRX,2026-03-23 00:38:29
TEN,2026-03-23 00:38:29
GCI,2026-03-23 00:38:29
HDL,2026-03-23 00:38:29
HA,2026-03-23 00:38:29
AXTI,2026-03-23 00:38:29
QNST,2026-03-23 00:38:29
GERN,2026-03-23 00:38:29
ALBO,2026-03-23 00:38:29
SCHN,2026-03-23 00:38:29
CMRX,2026-03-23 00:38:29
PACB,2026-03-23 00:38:29
PLOW,2026-03-23 00:38:29
UBP,2026-03-23 00:38:29
XNCR,2026-03-23 00:38:29
OMER,2026-03-23 00:38:29
FARO,2026-03-23 00:38:29
POET,2026-03-23 00:38:29
SSYS,2026-03-23 00:38:29
NEWP,2026-03-23 00:38:29
AMC,2026-03-23 00:38:29
CTLP,2026-03-23 00:38:29
BJRI,2026-03-23 00:38:29
LIND,2026-03-23 00:38:29
CSII,2026-03-23 00:38:29
TK,2026-03-23 00:38:29
GSM,2026-03-23 00:38:29
RDUS,2026-03-23 00:38:29
APOG,2026-03-23 00:38:29
NPK,2026-03-23 00:38:29
CHS,2026-03-23 00:38:29
BFS,2026-03-23 00:38:29
SCSC,2026-03-23 00:38:29
LINC,2026-03-23 00:38:29
MATW,2026-03-23 00:38:29
CAPL,2026-03-23 00:38:29
RYI,2026-03-23 00:38:29
RWT,2026-03-23 00:38:29
HTLD,2026-03-23 00:38:29
FOXF,2026-03-23 00:38:29
KALV,2026-03-23 00:38:29
RPD,2026-03-23 00:38:29
WLKP,2026-03-23 00:38:29
ABUS,2026-03-23 00:38:29
ITRN,2026-03-23 00:38:29
ODC,2026-03-23 00:38:29
POLY,2026-03-23 00:38:29
IART,2026-03-23 00:38:29
GES,2026-03-23 00:38:29
AEHR,2026-03-23 00:38:29
MLCO,2026-03-23 00:38:29
MMX,2026-03-23 00:38:29
HNRG,2026-03-23 00:38:29
GPRE,2026-03-23 00:38:29
GNK,2026-03-23 00:38:29
NKTR,2026-03-23 00:38:29
ODP,2026-03-23 00:38:29
TMST,2026-03-23 00:38:29
CLB,2026-03-23 00:38:29
MTUS,2026-03-23 00:38:29
VERB,2026-03-23 00:38:29
AIV,2026-03-23 00:38:29
EPC,2026-03-23 00:38:29
GAU,2026-03-23 00:38:29
ATRI,2026-03-23 00:38:29
IRWD,2026-03-23 00:38:29
SCHL,2026-03-23 00:38:29
UBA,2026-03-23 00:38:29
CASS,2026-03-23 00:38:29
LAB,2026-03-23 00:38:29
BDSI,2026-03-23 00:38:29
CTO,2026-03-23 00:38:29
LE,2026-03-23 00:38:29
APEN,2026-03-23 00:38:29
CMCO,2026-03-23 00:38:29
CEVA,2026-03-23 00:38:29
HOV,2026-03-23 00:38:29
KOP,2026-03-23 00:38:29
TBN,2026-03-23 00:38:29
KODK,2026-03-23 00:38:29
AOSL,2026-03-23 00:38:29
RGR,2026-03-23 00:38:29
FFHL,2026-03-23 00:38:29
CDXC,2026-03-23 00:38:29
KRO,2026-03-23 00:38:29
URG,2026-03-23 00:38:29
CRY,2026-03-23 00:38:29
SXC,2026-03-23 00:38:29
STAR,2026-03-23 00:38:29
HSTM,2026-03-23 00:38:29
ESPR,2026-03-23 00:38:29
MNRO,2026-03-23 00:38:29
KE,2026-03-23 00:38:29
CXP,2026-03-23 00:38:29
KOS,2026-03-23 00:38:29
WSR,2026-03-23 00:38:29
NGVC,2026-03-23 00:38:29
APPS,2026-03-23 00:38:29
CPS,2026-03-23 00:38:29
LXU,2026-03-23 00:38:29
VPG,2026-03-23 00:38:29
GOGO,2026-03-23 00:38:29
HZO,2026-03-23 00:38:29
BGM,2026-03-23 00:38:29
SSTK,2026-03-23 00:38:29
TATT,2026-03-23 00:38:29
STKL,2026-03-23 00:38:29
ANGI,2026-03-23 00:38:29
PLAY,2026-03-23 00:38:29
KFRC,2026-03-23 00:38:29
LXRX,2026-03-23 00:38:29
AIC,2026-03-23 00:38:29
CVLG,2026-03-23 00:38:29
KRNT,2026-03-23 00:38:29
RYAM,2026-03-23 00:38:29
OXM,2026-03-23 00:38:29
EU,2026-03-23 00:38:29
RGLS,2026-03-23 00:38:29
EBS,2026-03-23 00:38:29
CHUY,2026-03-23 00:38:29
RGNX,2026-03-23 00:38:29
HY,2026-03-23 00:38:29
BYON,2026-03-23 00:38:29
NYMT,2026-03-23 00:38:29
AIOT,2026-03-23 00:38:29
GOOD,2026-03-23 00:38:29
NTGR,2026-03-23 00:38:29
DBVT,2026-03-23 00:38:29
CSV,2026-03-23 00:38:29
TRNS,2026-03-23 00:38:29
ETD,2026-03-23 00:38:29
RIGL,2026-03-23 00:38:29
CMCL,2026-03-23 00:38:29
NR,2026-03-23 00:38:29
ODV,2026-03-23 00:38:29
GDEN,2026-03-23 00:38:29
CBRL,2026-03-23 00:38:29
BXC,2026-03-23 00:38:29
ABST,2026-03-23 00:38:29
CGC,2026-03-23 00:38:29
SNDA,2026-03-23 00:38:29
REPX,2026-03-23 00:38:29
BZH,2026-03-23 00:38:29
LLNW,2026-03-23 00:38:29
VOLT,2026-03-23 00:38:29
VTLE,2026-03-23 00:38:29
TWI,2026-03-23 00:38:29
RUTH,2026-03-23 00:38:29
NWPX,2026-03-23 00:38:29
ATHM,2026-03-23 00:38:29
IVR,2026-03-23 00:38:29
LYTS,2026-03-23 00:38:29
MBUU,2026-03-23 00:38:29
AVNS,2026-03-23 00:38:29
AHH,2026-03-23 00:38:29
SRDX,2026-03-23 00:38:29
IIIN,2026-03-23 00:38:29
ATXS,2026-03-23 00:38:29
GYRE,2026-03-23 00:38:29
BLMN,2026-03-23 00:38:29
SHEN,2026-03-23 00:38:29
MATV,2026-03-23 00:38:29
SGOC,2026-03-23 00:38:29
GRPN,2026-03-23 00:38:29
AMOT,2026-03-23 00:38:29
IDR,2026-03-23 00:38:29
CNSL,2026-03-23 00:38:29
CRMD,2026-03-23 00:38:29
OLP,2026-03-23 00:38:29
OBE,2026-03-23 00:38:29
EMX,2026-03-23 00:38:29
GSS,2026-03-23 00:38:29
MLAB,2026-03-23 00:38:29
MLR,2026-03-23 00:38:29
SLS,2026-03-23 00:38:29
VNDA,2026-03-23 00:38:29
OSPN,2026-03-23 00:38:29
CD,2026-03-23 00:38:29
DIN,2026-03-23 00:38:29
NRC,2026-03-23 00:38:29
TRC,2026-03-23 00:38:29
THM,2026-03-23 00:38:29
TCI,2026-03-23 00:38:29
NAGE,2026-03-23 00:38:29
UHT,2026-03-23 00:38:29
FTK,2026-03-23 00:38:29
HT,2026-03-23 00:38:29
FEIM,2026-03-23 00:38:29
PANL,2026-03-23 00:38:29
CODI,2026-03-23 00:38:29
LAAC,2026-03-23 00:38:29
NGS,2026-03-23 00:38:29
CYH,2026-03-23 00:38:29
INN,2026-03-23 00:38:29
BBBY,2026-03-23 00:38:29
MCS,2026-03-23 00:38:29
LPTH,2026-03-23 00:38:29
BDN,2026-03-23 00:38:29
NUS,2026-03-23 00:38:29
AVXL,2026-03-23 00:38:29
ATEX,2026-03-23 00:38:29
CERS,2026-03-23 00:38:29
CABO,2026-03-23 00:38:29
ZEUS,2026-03-23 00:38:29
CLNE,2026-03-23 00:38:29
PKE,2026-03-23 00:38:29
EVH,2026-03-23 00:38:29
MG,2026-03-23 00:38:29
DMAC,2026-03-23 00:38:29
SCVL,2026-03-23 00:38:29
NOA,2026-03-23 00:38:29
OFIX,2026-03-23 00:38:29
HPP,2026-03-23 00:38:29
ZVRA,2026-03-23 00:38:29
GRVY,2026-03-23 00:38:29
CAL,2026-03-23 00:38:29
GLDG,2026-03-23 00:38:29
MTW,2026-03-23 00:38:29
SOHU,2026-03-23 00:38:29
EGY,2026-03-23 00:38:29
IPI,2026-03-23 00:38:29
CVGW,2026-03-23 00:38:29
FCEL,2026-03-23 00:38:29
KOPN,2026-03-23 00:38:29
TNP,2026-03-23 00:38:29
OIS,2026-03-23 00:38:29
FRPH,2026-03-23 00:38:29
MAGN,2026-03-23 00:38:29
LWLG,2026-03-23 00:38:29
SAGE,2026-03-23 00:38:29
RBBN,2026-03-23 00:38:29
FET,2026-03-23 00:38:29
OCGN,2026-03-23 00:38:29
WOLF,2026-03-23 00:38:29
PWFL,2026-03-23 00:38:29
FPI,2026-03-23 00:38:29
JOUT,2026-03-23 00:38:29
ASC,2026-03-23 00:38:29
MYGN,2026-03-23 00:38:29
IMMP,2026-03-23 00:38:29
LGTY,2026-03-23 00:38:29
CHCT,2026-03-23 00:38:29
ALLT,2026-03-23 00:38:29
PRTA,2026-03-23 00:38:29
SVA,2026-03-23 00:38:29
MGPI,2026-03-23 00:38:29
NATR,2026-03-23 00:38:29
TAST,2026-03-23 00:38:29
DRQ,2026-03-23 00:38:29
SABR,2026-03-23 00:38:29
RMR,2026-03-23 00:38:29
ORN,2026-03-23 00:38:29
KMDA,2026-03-23 00:38:29
HCKT,2026-03-23 00:38:29
CLFD,2026-03-23 00:38:29
GEVO,2026-03-23 00:38:29
SB,2026-03-23 00:38:29
CLMB,2026-03-23 00:38:29
SWBI,2026-03-23 00:38:29
SHYF,2026-03-23 00:38:29
NETI,2026-03-23 00:38:29
SIGA,2026-03-23 00:38:29
EBF,2026-03-23 00:38:29
PBPB,2026-03-23 00:38:29
MITK,2026-03-23 00:38:29
CYRX,2026-03-23 00:38:29
DVS,2026-03-23 00:38:29
PTSI,2026-03-23 00:38:29
TTGT,2026-03-23 00:38:29
KFS,2026-03-23 00:38:29
SSP,2026-03-23 00:38:29
TRX,2026-03-23 00:38:29
DSKE,2026-03-23 00:38:29
RCKT,2026-03-23 00:38:29
LSAK,2026-03-23 00:38:29
MTRX,2026-03-23 00:38:29
CO,2026-03-23 00:38:29
QUOT,2026-03-23 00:38:29
QIWI,2026-03-23 00:38:29
USAP,2026-03-23 00:38:29
ACRS,2026-03-23 00:38:29
CCLP,2026-03-23 00:38:29
LXFR,2026-03-23 00:38:29
PTN,2026-03-23 00:38:29
NBY,2026-03-23 00:38:29
INS,2026-03-23 00:38:29
CLDT,2026-03-23 00:38:29
BNTC,2026-03-23 00:38:29
SMLP,2026-03-23 00:38:29
ISSC,2026-03-23 00:38:29
MLP,2026-03-23 00:38:29
AMCX,2026-03-23 00:38:29
OOMA,2026-03-23 00:38:29
ELVA,2026-03-23 00:38:29
BYRN,2026-03-23 00:38:29
STRT,2026-03-23 00:38:29
TROO,2026-03-23 00:38:29
NC,2026-03-23 00:38:29
LWAY,2026-03-23 00:38:29
SLP,2026-03-23 00:38:29
MPX,2026-03-23 00:38:29
HELE,2026-03-23 00:38:29
RVNC,2026-03-23 00:38:29
PBYI,2026-03-23 00:38:29
DBI,2026-03-23 00:38:29
KNOP,2026-03-23 00:38:29
JKS,2026-03-23 00:38:29
USNA,2026-03-23 00:38:29
OEC,2026-03-23 00:38:29
TITN,2026-03-23 00:38:29
FVR,2026-03-23 00:38:29
PKOH,2026-03-23 00:38:29
LCTX,2026-03-23 00:38:29
ESEA,2026-03-23 00:38:29
NCMI,2026-03-23 00:38:29
GPRK,2026-03-23 00:38:29
TSAT,2026-03-23 00:38:29
MTLS,2026-03-23 00:38:29
AKBA,2026-03-23 00:38:29
AMRN,2026-03-23 00:38:29
GTN,2026-03-23 00:38:29
OFLX,2026-03-23 00:38:29
RC,2026-03-23 00:38:29
CECE,2026-03-23 00:38:29
ZUMZ,2026-03-23 00:38:29
SVC,2026-03-23 00:38:29
NEO,2026-03-23 00:38:29
ACTG,2026-03-23 00:38:29
ELA,2026-03-23 00:38:29
VSTM,2026-03-23 00:38:29
HVT,2026-03-23 00:38:29
CTGO,2026-03-23 00:38:29
NVEC,2026-03-23 00:38:29
VGZ,2026-03-23 00:38:29
PLG,2026-03-23 00:38:29
LND,2026-03-23 00:38:29
SMC,2026-03-23 00:38:29
JACK,2026-03-23 00:38:29
VHI,2026-03-23 00:38:29
EVI,2026-03-23 00:38:29
LFCR,2026-03-23 00:38:29
WNC,2026-03-23 00:38:29
CINR,2026-03-23 00:38:29
GCO,2026-03-23 00:38:29
ACCO,2026-03-23 00:38:29
RMNI,2026-03-23 00:38:29
LTBR,2026-03-23 00:38:29
WILC,2026-03-23 00:38:29
DENN,2026-03-23 00:38:29
KOR,2026-03-23 00:38:29
BGS,2026-03-23 00:38:29
MCFT,2026-03-23 00:38:29
CTRN,2026-03-23 00:38:29
PLM,2026-03-23 00:38:29
CLPT,2026-03-23 00:38:29
MOV,2026-03-23 00:38:29
LAND,2026-03-23 00:38:29
NATH,2026-03-23 00:38:29
LOCO,2026-03-23 00:38:29
PERI,2026-03-23 00:38:29
ANGO,2026-03-23 00:38:29
HEAR,2026-03-23 00:38:29
SNMP,2026-03-23 00:38:29
SGU,2026-03-23 00:38:29
ATNI,2026-03-23 00:38:29
ULH,2026-03-23 00:38:29
CLLS,2026-03-23 00:38:29
MIXT,2026-03-23 00:38:29
