rank,ticker,측정일,목표주가(원),현재가격(원),Upside(%),β_raw,β_Blume,주주요구수익률 Re(%),부채요구수익률 Rd(%),WACC(%),g_term(%),Moat,NWC정의
1,A161390,2026-06-01,2.3977736468962757e+157,63000.0,3.805989915708374e+154,0.836,0.89,10.41,0.66,10.41,0.9,No moat,legacy_proxy
2,A054540,2026-06-01,12935981.0,10000.0,129259.8,0.982,0.988,11.09,0.89,11.09,4.0,No moat,legacy_proxy
3,A263750,2026-06-01,5581133.0,43900.0,12613.3,0.531,0.686,8.98,0.86,8.98,4.0,No moat,legacy_proxy
4,A005710,2026-06-01,495666.0,11100.0,4365.5,0.583,0.721,9.22,0.57,9.22,4.0,Wide moat,legacy_proxy
5,A032190,2026-06-01,835571.0,20650.0,3946.4,1.066,1.044,11.48,0.1,11.48,4.0,No moat,legacy_proxy
6,A023590,2026-06-01,1280670.0,39900.0,3109.7,0.974,0.983,11.05,0.14,11.05,4.0,No moat,legacy_proxy
7,A000700,2026-06-01,158174.0,5360.0,2851.0,0.486,0.656,8.76,1.44,8.76,4.0,No moat,legacy_proxy
8,A000680,2026-06-01,102788.0,3555.0,2791.4,0.816,0.877,10.31,0.96,10.31,4.0,No moat,legacy_proxy
9,A038540,2026-06-01,58987.0,2075.0,2742.8,0.73,0.819,9.91,0.12,9.91,0.0,No moat,legacy_proxy
10,A089860,2026-06-01,832483.0,31350.0,2555.4,0.368,0.577,8.21,0.8,8.21,4.0,No moat,legacy_proxy
11,A272450,2026-06-01,152534.0,6130.0,2388.3,0.843,0.895,10.44,3.92,10.44,4.0,No moat,legacy_proxy
12,A058860,2026-06-01,55113.0,2670.0,1964.2,0.615,0.742,9.37,4.64,9.37,4.0,No moat,legacy_proxy
13,A054800,2026-06-01,313156.0,15300.0,1946.8,0.489,0.658,8.78,1.05,8.78,4.0,No moat,legacy_proxy
14,A005720,2026-06-01,122133.0,6560.0,1761.8,0.516,0.676,8.91,0.72,8.91,4.0,No moat,legacy_proxy
15,A038390,2026-06-01,163938.0,9840.0,1566.0,0.451,0.632,8.6,1.07,8.6,4.0,No moat,legacy_proxy
16,A007700,2026-06-01,290774.0,17820.0,1531.7,0.745,0.829,9.98,1.13,9.98,4.0,No moat,legacy_proxy
17,A095570,2026-06-01,73304.0,4610.0,1490.1,0.543,0.694,9.03,2.17,9.03,4.0,No moat,legacy_proxy
18,A021050,2026-06-01,20739.0,1341.0,1446.5,0.875,0.916,10.59,1.15,10.59,4.0,No moat,legacy_proxy
19,A023150,2026-06-01,57553.0,3795.0,1416.6,0.333,0.553,8.05,1.57,8.05,4.0,No moat,legacy_proxy
20,A084690,2026-06-01,124270.0,9410.0,1220.6,0.598,0.731,9.29,0.76,9.29,4.0,No moat,legacy_proxy
21,A002320,2026-06-01,212911.0,17060.0,1148.0,0.582,0.72,9.21,1.56,9.21,4.0,No moat,legacy_proxy
22,A069510,2026-06-01,152762.0,12770.0,1096.3,0.457,0.636,8.63,6.0,8.63,4.0,Narrow moat,legacy_proxy
23,A102260,2026-06-01,44511.0,3995.0,1014.2,0.523,0.68,8.94,0.9,8.94,4.0,Some moat,legacy_proxy
24,A013580,2026-06-01,234260.0,21100.0,1010.2,0.836,0.89,10.41,1.06,10.41,4.0,No moat,legacy_proxy
25,A136490,2026-06-01,109606.0,9920.0,1004.9,0.659,0.771,9.57,0.74,9.57,4.0,Some moat,legacy_proxy
26,A035760,2026-06-01,404850.0,39250.0,931.5,0.721,0.813,9.86,2.2,9.86,4.0,No moat,legacy_proxy
27,A003480,2026-06-01,53782.0,5270.0,920.5,0.543,0.694,9.03,1.33,9.03,4.0,No moat,legacy_proxy
28,A044450,2026-06-01,102883.0,10150.0,913.6,0.438,0.623,8.54,2.29,8.54,4.0,No moat,legacy_proxy
29,A009200,2026-06-01,16445.0,1631.0,908.3,0.646,0.763,9.51,0.74,9.51,4.0,No moat,legacy_proxy
30,A298690,2026-06-01,17401.0,1849.0,841.1,0.734,0.822,9.93,10.73,9.93,4.0,No moat,legacy_proxy
31,A003100,2026-06-01,190118.0,20900.0,809.7,0.447,0.63,8.58,1.84,8.58,4.0,No moat,legacy_proxy
32,A015360,2026-06-01,128436.0,15480.0,729.7,0.361,0.572,8.18,0.8,8.18,4.0,No moat,legacy_proxy
33,A007070,2026-06-01,206198.0,25350.0,713.4,0.5,0.665,8.83,1.4,8.83,4.0,No moat,legacy_proxy
34,A284740,2026-06-01,180901.0,22350.0,709.4,0.491,0.659,8.79,1.67,8.79,4.0,No moat,legacy_proxy
35,A011760,2026-06-01,228583.0,28250.0,709.1,0.944,0.963,10.91,0.89,10.91,4.0,No moat,legacy_proxy
36,A002880,2026-06-01,6342.0,800.0,692.8,0.573,0.714,9.17,1.27,9.17,4.0,No moat,legacy_proxy
37,A053210,2026-06-01,35082.0,4480.0,683.1,0.432,0.619,8.51,0.95,8.51,4.0,No moat,legacy_proxy
38,A007540,2026-06-01,349432.0,45550.0,667.1,0.41,0.605,8.41,0.6,8.41,4.0,No moat,legacy_proxy
39,A096760,2026-06-01,28903.0,3790.0,662.6,0.714,0.809,9.83,1.4,9.83,4.0,Some moat,legacy_proxy
40,A052330,2026-06-01,87646.0,11580.0,656.9,0.619,0.745,9.39,2.85,9.39,4.0,No moat,legacy_proxy
41,A034310,2026-06-01,90676.0,12240.0,640.8,0.436,0.622,8.53,0.93,8.53,4.0,No moat,legacy_proxy
42,A019210,2026-06-01,120583.0,16370.0,636.6,0.847,0.898,10.46,1.04,10.46,4.0,No moat,legacy_proxy
43,A036460,2026-06-01,261027.0,35500.0,635.3,0.721,0.813,9.86,0.89,9.86,4.0,No moat,legacy_proxy
44,A009970,2026-06-01,1418758.0,195500.0,625.7,0.574,0.714,9.17,0.81,9.17,4.0,Some moat,legacy_proxy
45,A051160,2026-06-01,57293.0,7920.0,623.4,0.744,0.828,9.97,5.34,9.97,4.0,Narrow moat,legacy_proxy
46,A094280,2026-06-01,89013.0,12320.0,622.5,0.464,0.641,8.66,1.26,8.66,4.0,Some moat,legacy_proxy
47,A001040,2026-06-01,1185198.0,164600.0,620.0,0.816,0.877,10.31,2.93,10.31,4.0,No moat,legacy_proxy
48,A014130,2026-06-01,16237.0,2390.0,579.4,0.591,0.726,9.26,0.72,9.26,0.0,No moat,legacy_proxy
49,A014790,2026-06-01,20325.0,2995.0,578.6,0.794,0.862,10.21,1.71,10.21,4.0,No moat,legacy_proxy
50,A213500,2026-06-01,45053.0,6650.0,577.5,0.479,0.651,8.73,0.77,8.73,4.0,No moat,legacy_proxy
51,A017940,2026-06-01,589269.0,87300.0,575.0,0.546,0.696,9.04,0.79,9.04,4.0,No moat,legacy_proxy
52,A139480,2026-06-01,583938.0,87100.0,570.4,0.638,0.758,9.48,0.99,9.48,4.0,No moat,legacy_proxy
53,A267250,2026-06-01,1844573.0,275500.0,569.5,0.887,0.924,10.65,0.92,10.65,4.0,No moat,legacy_proxy
54,A005990,2026-06-01,83511.0,12480.0,569.2,0.426,0.616,8.48,0.76,8.48,4.0,No moat,legacy_proxy
55,A009810,2026-06-01,13284.0,1989.0,567.9,0.124,0.413,7.07,4.33,7.07,0.0,No moat,legacy_proxy
56,A012630,2026-06-01,146046.0,22000.0,563.8,0.651,0.766,9.54,0.88,9.54,4.0,No moat,legacy_proxy
57,A007980,2026-06-01,11754.0,1815.0,547.6,0.715,0.809,9.84,1.06,9.84,4.0,No moat,legacy_proxy
58,A194370,2026-06-01,73156.0,11330.0,545.7,0.77,0.846,10.09,0.89,10.09,4.0,No moat,legacy_proxy
59,A004690,2026-06-01,805681.0,125700.0,541.0,0.421,0.612,8.46,0.89,8.46,4.0,No moat,legacy_proxy
60,A069730,2026-06-01,33105.0,5230.0,533.0,0.859,0.905,10.51,0.79,10.51,4.0,No moat,legacy_proxy
61,A244920,2026-06-01,66147.0,10520.0,528.8,0.43,0.618,8.5,1.37,8.5,4.0,Some moat,legacy_proxy
62,A073240,2026-06-01,29213.0,4750.0,515.0,0.753,0.834,10.01,1.26,10.01,4.0,No moat,legacy_proxy
63,A003960,2026-06-01,174949.0,28550.0,512.8,0.682,0.787,9.68,1.29,9.68,4.0,No moat,legacy_proxy
64,A051500,2026-06-01,140837.0,23000.0,512.3,0.673,0.781,9.64,5.62,9.64,4.0,Some moat,legacy_proxy
65,A067990,2026-06-01,26735.0,4390.0,509.0,0.657,0.77,9.57,1.07,9.57,4.0,No moat,legacy_proxy
66,A058850,2026-06-01,15305.0,2530.0,504.9,0.671,0.779,9.63,5.14,9.63,4.0,Narrow moat,legacy_proxy
67,A036030,2026-06-01,28149.0,4665.0,503.4,0.659,0.772,9.58,4.61,9.58,4.0,Some moat,legacy_proxy
68,A004450,2026-06-01,159323.0,26500.0,501.2,0.318,0.543,7.97,0.74,7.97,4.0,No moat,legacy_proxy
69,A021320,2026-06-01,32785.0,5500.0,496.1,0.788,0.858,10.18,1.19,10.18,4.0,No moat,legacy_proxy
70,A000140,2026-06-01,50601.0,8510.0,494.6,0.454,0.634,8.61,0.98,8.61,4.0,No moat,legacy_proxy
71,A282330,2026-06-01,732070.0,123700.0,491.8,0.39,0.591,8.31,20.0,8.31,4.0,Narrow moat,legacy_proxy
72,A037460,2026-06-01,268647.0,45500.0,490.4,0.992,0.995,11.14,1.02,11.14,4.0,No moat,legacy_proxy
73,A001800,2026-06-01,148223.0,25150.0,489.4,0.523,0.681,8.94,0.75,8.94,4.0,No moat,legacy_proxy
74,A001120,2026-06-01,245235.0,42650.0,475.0,0.775,0.849,10.12,0.78,10.12,4.0,No moat,legacy_proxy
75,A004980,2026-06-01,52653.0,9220.0,471.1,0.861,0.907,10.52,1.05,10.52,4.0,No moat,legacy_proxy
76,A000050,2026-06-01,50373.0,8900.0,466.0,0.544,0.695,9.04,0.85,9.04,4.0,No moat,legacy_proxy
77,A017810,2026-06-01,58175.0,10360.0,461.5,0.557,0.703,9.1,1.25,9.1,4.0,No moat,legacy_proxy
78,A002350,2026-06-01,36424.0,6550.0,456.1,0.758,0.838,10.04,0.67,10.04,4.0,No moat,legacy_proxy
79,A214320,2026-06-01,112117.0,20300.0,452.3,0.475,0.649,8.71,2.87,8.71,4.0,Wide moat,legacy_proxy
80,A194700,2026-06-01,87474.0,15840.0,452.2,0.486,0.655,8.76,2.66,8.76,4.0,Narrow moat,legacy_proxy
81,A036580,2026-06-01,14111.0,2580.0,447.0,0.682,0.787,9.68,0.63,9.68,4.0,No moat,legacy_proxy
82,A101330,2026-06-01,24021.0,4400.0,445.9,0.972,0.982,11.04,1.31,11.04,4.0,No moat,legacy_proxy
83,A008250,2026-06-01,17582.0,3225.0,445.2,0.794,0.862,10.21,1.09,10.21,4.0,No moat,legacy_proxy
84,A036530,2026-06-01,283485.0,52000.0,445.2,0.556,0.702,9.09,2.85,9.09,4.0,Some moat,legacy_proxy
85,A016880,2026-06-01,11860.0,2190.0,441.6,0.66,0.772,9.58,1.49,9.58,4.0,No moat,legacy_proxy
86,A010770,2026-06-01,25327.0,4685.0,440.6,0.7,0.799,9.77,1.49,9.77,4.0,No moat,legacy_proxy
87,A006980,2026-06-01,103743.0,19310.0,437.2,0.605,0.735,9.32,0.82,9.32,4.0,No moat,legacy_proxy
88,A030720,2026-06-01,32856.0,6130.0,436.0,0.55,0.699,9.07,0.89,9.07,4.0,No moat,legacy_proxy
89,A032640,2026-06-01,77293.0,15070.0,412.9,0.408,0.604,8.4,1.01,8.4,4.0,No moat,legacy_proxy
90,A089470,2026-06-01,21714.0,4245.0,411.5,0.803,0.868,10.25,0.98,10.25,4.0,No moat,legacy_proxy
91,A015890,2026-06-01,24562.0,4910.0,400.2,0.469,0.644,8.68,0.81,8.68,4.0,No moat,legacy_proxy
92,A036800,2026-06-01,139024.0,27850.0,399.2,0.519,0.678,8.92,1.45,8.92,4.0,Narrow moat,legacy_proxy
93,A012800,2026-06-01,7510.0,1510.0,397.4,0.902,0.934,10.71,1.03,10.71,4.0,No moat,legacy_proxy
94,A000660,2026-06-01,11313325.0,2289000.0,394.2,1.422,1.283,13.15,0.82,13.15,4.0,Some moat,legacy_proxy
95,A009180,2026-06-01,14126.0,2890.0,388.8,0.779,0.852,10.14,1.84,10.14,4.0,No moat,legacy_proxy
96,A035810,2026-06-01,23541.0,4835.0,386.9,0.863,0.908,10.53,1.04,10.53,4.0,No moat,legacy_proxy
97,A007340,2026-06-01,211244.0,44000.0,380.1,0.467,0.643,8.68,0.65,8.68,4.0,No moat,legacy_proxy
98,A004140,2026-06-01,10297.0,2160.0,376.7,0.709,0.805,9.81,4.79,9.81,4.0,No moat,legacy_proxy
99,A013520,2026-06-01,12771.0,2720.0,369.5,0.77,0.846,10.09,1.15,10.09,4.0,No moat,legacy_proxy
100,A052420,2026-06-01,55469.0,11830.0,368.9,0.839,0.892,10.42,1.04,10.42,4.0,No moat,legacy_proxy
101,A004960,2026-06-01,55211.0,11930.0,362.8,0.855,0.903,10.49,1.6,10.49,4.0,No moat,legacy_proxy
102,A007310,2026-06-01,1561923.0,339000.0,360.7,0.38,0.585,8.27,0.77,8.27,4.0,No moat,legacy_proxy
103,A122900,2026-06-01,34218.0,7450.0,359.3,0.479,0.651,8.73,1.09,8.73,4.0,No moat,legacy_proxy
104,A108670,2026-06-01,158451.0,34550.0,358.6,0.747,0.83,9.99,0.79,9.99,4.0,No moat,legacy_proxy
105,A007210,2026-06-01,7797.0,1709.0,356.2,0.856,0.903,10.5,1.09,10.5,4.0,No moat,legacy_proxy
106,A248170,2026-06-01,110341.0,24200.0,356.0,0.543,0.694,9.03,0.55,9.03,4.0,No moat,legacy_proxy
107,A000480,2026-06-01,21638.0,4765.0,354.1,0.267,0.509,7.74,0.98,7.74,4.0,No moat,legacy_proxy
108,A005740,2026-06-01,29360.0,6470.0,353.8,0.678,0.784,9.66,1.07,9.66,4.0,No moat,legacy_proxy
109,A086980,2026-06-01,12271.0,2740.0,347.9,0.881,0.92,10.62,7.09,10.62,4.0,No moat,legacy_proxy
110,A003680,2026-06-01,20967.0,4710.0,345.2,0.571,0.712,9.16,1.05,9.16,4.0,No moat,legacy_proxy
111,A255440,2026-06-01,42117.0,9510.0,342.9,0.954,0.969,10.96,1.37,10.96,4.0,No moat,legacy_proxy
112,A081660,2026-06-01,168927.0,38250.0,341.6,0.653,0.768,9.55,1.16,9.55,4.0,No moat,legacy_proxy
113,A006650,2026-06-01,564743.0,128300.0,340.2,1.057,1.038,11.44,0.92,11.44,4.0,No moat,legacy_proxy
114,A122450,2026-06-01,13074.0,2990.0,337.3,0.597,0.73,9.29,1.45,9.29,4.0,No moat,legacy_proxy
115,A004430,2026-06-01,48044.0,10990.0,337.2,0.851,0.9,10.48,1.13,10.48,4.0,No moat,legacy_proxy
116,A227840,2026-06-01,54772.0,12650.0,333.0,0.646,0.763,9.51,1.33,9.51,4.0,No moat,legacy_proxy
117,A143160,2026-06-01,70747.0,16390.0,331.6,0.721,0.813,9.87,1.34,9.87,4.0,No moat,legacy_proxy
118,A000590,2026-06-01,330762.0,76900.0,330.1,0.405,0.602,8.39,0.74,8.39,4.0,No moat,legacy_proxy
119,A014530,2026-06-01,14384.0,3370.0,326.8,0.172,0.445,7.29,0.79,7.29,4.0,No moat,legacy_proxy
120,A005880,2026-06-01,9799.0,2325.0,321.5,0.857,0.904,10.5,3.5,10.5,4.0,No moat,legacy_proxy
121,A142210,2026-06-01,33141.0,7890.0,320.0,1.225,1.151,12.23,1.34,12.23,4.0,No moat,legacy_proxy
122,A016740,2026-06-01,19825.0,4725.0,319.6,0.863,0.909,10.53,1.17,10.53,4.0,No moat,legacy_proxy
123,A293940,2026-06-01,22516.0,5370.0,319.3,0.176,0.448,7.31,0.92,7.31,4.0,No moat,legacy_proxy
124,A003300,2026-06-01,67902.0,16240.0,318.1,0.421,0.612,8.46,1.25,8.46,4.0,No moat,legacy_proxy
125,A214180,2026-06-01,69971.0,16900.0,314.0,0.834,0.889,10.4,3.46,10.4,4.0,Wide moat,legacy_proxy
126,A023450,2026-06-01,118393.0,28900.0,309.7,0.13,0.417,7.09,0.67,7.09,4.0,Some moat,legacy_proxy
127,A008870,2026-06-01,178240.0,43800.0,306.9,0.392,0.593,8.32,0.95,8.32,4.0,No moat,legacy_proxy
128,A066620,2026-06-01,100279.0,24850.0,303.5,0.65,0.765,9.53,1.18,9.53,4.0,Narrow moat,legacy_proxy
129,A037560,2026-06-01,8521.0,2130.0,300.1,0.73,0.819,9.91,0.79,9.91,4.0,No moat,legacy_proxy
130,A006090,2026-06-01,32232.0,8110.0,297.4,0.448,0.63,8.58,0.9,8.58,4.0,No moat,legacy_proxy
131,A192080,2026-06-01,278191.0,70000.0,297.4,0.539,0.691,9.01,1.85,9.01,4.0,Narrow moat,legacy_proxy
132,A004970,2026-06-01,35940.0,9260.0,288.1,0.369,0.578,8.22,0.76,8.22,4.0,No moat,legacy_proxy
133,A267290,2026-06-01,85865.0,22150.0,287.7,0.382,0.586,8.28,1.35,8.28,4.0,No moat,legacy_proxy
134,A267980,2026-06-01,132746.0,34300.0,287.0,0.411,0.605,8.41,0.6,8.41,4.0,No moat,legacy_proxy
135,A057050,2026-06-01,310824.0,80500.0,286.1,0.553,0.701,9.08,0.8,9.08,4.0,No moat,legacy_proxy
136,A049520,2026-06-01,14628.0,3805.0,284.4,0.547,0.697,9.05,0.87,9.05,4.0,Some moat,legacy_proxy
137,A009160,2026-06-01,19669.0,5120.0,284.2,0.707,0.804,9.8,0.84,9.8,4.0,No moat,legacy_proxy
138,A234080,2026-06-01,44315.0,11560.0,283.3,0.598,0.731,9.29,0.97,9.29,4.0,No moat,legacy_proxy
139,A268280,2026-06-01,379280.0,99000.0,283.1,0.125,0.414,7.07,0.51,7.07,4.0,Some moat,legacy_proxy
140,A123700,2026-06-01,13577.0,3595.0,277.7,0.676,0.783,9.66,1.81,9.66,4.0,No moat,legacy_proxy
141,A155660,2026-06-01,15869.0,4205.0,277.4,0.757,0.837,10.03,1.13,10.03,4.0,No moat,legacy_proxy
142,A037710,2026-06-01,129139.0,34700.0,272.2,0.401,0.599,8.37,0.77,8.37,4.0,No moat,legacy_proxy
143,A044820,2026-06-01,67861.0,18290.0,271.0,0.681,0.786,9.68,0.98,9.68,4.0,No moat,legacy_proxy
144,A006040,2026-06-01,129858.0,35200.0,268.9,0.48,0.652,8.74,1.0,8.74,4.0,No moat,legacy_proxy
145,A009780,2026-06-01,23753.0,6470.0,267.1,0.561,0.706,9.11,0.92,9.11,4.0,No moat,legacy_proxy
146,A014580,2026-06-01,15690.0,4350.0,260.7,0.765,0.842,10.07,0.7,10.07,4.0,No moat,legacy_proxy
147,A073560,2026-06-01,5783.0,1605.0,260.3,0.659,0.772,9.58,1.1,9.58,4.0,No moat,legacy_proxy
148,A128820,2026-06-01,21598.0,6030.0,258.2,0.586,0.723,9.23,1.38,9.23,4.0,No moat,legacy_proxy
149,A259960,2026-06-01,907790.0,255500.0,255.3,0.618,0.744,9.38,11.8,9.38,4.0,No moat,legacy_proxy
150,A134380,2026-06-01,36545.0,10300.0,254.8,0.194,0.46,7.39,0.08,7.39,4.0,Wide moat,legacy_proxy
151,A053300,2026-06-01,19679.0,5570.0,253.3,0.905,0.936,10.73,5.71,10.73,4.0,No moat,legacy_proxy
152,A033250,2026-06-01,14882.0,4230.0,251.8,1.252,1.169,12.35,1.19,12.35,4.0,No moat,legacy_proxy
153,A019180,2026-06-01,29845.0,8500.0,251.1,1.006,1.004,11.2,1.34,11.2,4.0,Some moat,legacy_proxy
154,A068930,2026-06-01,28257.0,8050.0,251.0,0.331,0.552,8.04,1.22,8.04,4.0,Some moat,legacy_proxy
155,A042500,2026-06-01,15744.0,4490.0,250.6,0.783,0.854,10.15,0.59,10.15,4.0,No moat,legacy_proxy
156,A005750,2026-06-01,16612.0,4750.0,249.7,0.681,0.786,9.68,1.05,9.68,4.0,No moat,legacy_proxy
157,A203650,2026-06-01,12018.0,3485.0,244.9,1.02,1.013,11.27,1.3,11.27,4.0,No moat,legacy_proxy
158,A006060,2026-06-01,9791.0,2850.0,243.5,0.708,0.805,9.81,1.03,9.81,4.0,No moat,legacy_proxy
159,A023800,2026-06-01,22447.0,6620.0,239.1,0.91,0.94,10.75,1.32,10.75,4.0,No moat,legacy_proxy
160,A015860,2026-06-01,31964.0,9450.0,238.2,1.119,1.08,11.73,0.86,11.73,4.0,No moat,legacy_proxy
161,A008040,2026-06-01,3101.0,924.0,235.6,0.521,0.679,8.93,1.06,8.93,4.0,No moat,legacy_proxy
162,A253450,2026-06-01,88402.0,26350.0,235.5,0.606,0.736,9.32,4.41,9.32,4.0,No moat,legacy_proxy
163,A003650,2026-06-01,419543.0,125500.0,234.3,0.266,0.508,7.73,0.94,7.73,4.0,No moat,legacy_proxy
164,A067280,2026-06-01,85497.0,25600.0,234.0,0.481,0.652,8.74,2.94,8.74,4.0,Wide moat,legacy_proxy
165,A027710,2026-06-01,3933.0,1181.0,233.0,0.527,0.683,8.96,1.03,8.96,4.0,No moat,legacy_proxy
166,A005500,2026-06-01,69534.0,20950.0,231.9,0.516,0.676,8.9,0.93,8.9,4.0,No moat,legacy_proxy
167,A072710,2026-06-01,306341.0,92500.0,231.2,0.377,0.583,8.25,0.83,8.25,4.0,No moat,legacy_proxy
168,A001130,2026-06-01,38986.0,11820.0,229.8,0.391,0.592,8.32,0.47,8.32,4.0,No moat,legacy_proxy
169,A097950,2026-06-01,664904.0,204000.0,225.9,0.589,0.725,9.25,3.1,9.25,4.0,No moat,legacy_proxy
170,A011560,2026-06-01,74736.0,23050.0,224.2,0.8,0.866,10.24,0.91,10.24,4.0,Some moat,legacy_proxy
171,A031440,2026-06-01,138949.0,42900.0,223.9,0.514,0.675,8.9,1.02,8.9,4.0,No moat,legacy_proxy
172,A002140,2026-06-01,7264.0,2250.0,222.9,0.566,0.709,9.14,0.94,9.14,4.0,No moat,legacy_proxy
173,A353810,2026-06-01,20850.0,6490.0,221.3,0.561,0.706,9.11,0.9,9.11,4.0,Some moat,legacy_proxy
174,A007280,2026-06-01,8002.0,2495.0,220.7,0.648,0.764,9.52,1.44,9.52,4.0,No moat,legacy_proxy
175,A030000,2026-06-01,58605.0,18310.0,220.1,0.525,0.682,8.95,2.74,8.95,4.0,Wide moat,legacy_proxy
176,A025820,2026-06-01,17390.0,5490.0,216.8,1.057,1.038,11.44,0.99,11.44,4.0,No moat,legacy_proxy
177,A256940,2026-06-01,21054.0,6650.0,216.6,0.823,0.881,10.34,5.65,10.34,4.0,No moat,legacy_proxy
178,A036620,2026-06-01,15575.0,4920.0,216.6,0.521,0.679,8.93,9.86,8.93,4.0,Wide moat,legacy_proxy
179,A077500,2026-06-01,24058.0,7600.0,216.6,1.177,1.118,12.0,0.53,12.0,4.0,No moat,legacy_proxy
180,A015230,2026-06-01,19680.0,6220.0,216.4,0.604,0.735,9.32,0.95,9.32,4.0,Some moat,legacy_proxy
181,A093050,2026-06-01,72208.0,22850.0,216.0,0.582,0.72,9.21,0.85,9.21,4.0,No moat,legacy_proxy
182,A033500,2026-06-01,66707.0,21150.0,215.4,0.826,0.884,10.36,1.3,10.36,4.0,Narrow moat,legacy_proxy
183,A215200,2026-06-01,126054.0,40100.0,214.3,0.574,0.714,9.17,2.18,9.17,4.0,Narrow moat,legacy_proxy
184,A004100,2026-06-01,9095.0,2915.0,212.0,0.689,0.792,9.72,1.46,9.72,4.0,No moat,legacy_proxy
185,A023350,2026-06-01,14713.0,4725.0,211.4,0.673,0.781,9.64,0.97,9.64,4.0,No moat,legacy_proxy
186,A015760,2026-06-01,121169.0,39050.0,210.3,0.633,0.754,9.45,0.83,9.45,4.0,No moat,legacy_proxy
187,A317400,2026-06-01,11849.0,3820.0,210.2,0.651,0.766,9.54,1.61,9.54,4.0,No moat,legacy_proxy
188,A001790,2026-06-01,7950.0,2565.0,209.9,0.427,0.616,8.49,0.91,8.49,4.0,No moat,legacy_proxy
189,A072950,2026-06-01,40031.0,12980.0,208.4,0.927,0.951,10.83,0.95,10.83,4.0,No moat,legacy_proxy
190,A136480,2026-06-01,9019.0,2925.0,208.3,0.527,0.683,8.95,0.74,8.95,4.0,No moat,legacy_proxy
191,A035510,2026-06-01,46395.0,15080.0,207.7,0.848,0.898,10.46,2.22,10.46,4.0,No moat,legacy_proxy
192,A014440,2026-06-01,13602.0,4490.0,202.9,0.503,0.667,8.84,0.68,8.84,4.0,No moat,legacy_proxy
193,A300080,2026-06-01,25311.0,8430.0,200.2,1.126,1.084,11.76,4.12,11.76,4.0,No moat,legacy_proxy
194,A012280,2026-06-01,2767.0,933.0,196.6,0.717,0.81,9.85,0.95,9.85,4.0,No moat,legacy_proxy
195,A037350,2026-06-01,29276.0,9890.0,196.0,0.873,0.915,10.58,1.78,10.58,4.0,No moat,legacy_proxy
196,A133820,2026-06-01,3786.0,1285.0,194.7,0.809,0.872,10.28,3.9,10.28,4.0,No moat,legacy_proxy
197,A093240,2026-06-01,2255.0,766.0,194.4,0.719,0.812,9.86,1.64,9.86,4.0,No moat,legacy_proxy
198,A136540,2026-06-01,32060.0,10930.0,193.3,0.506,0.669,8.86,2.71,8.86,4.0,Narrow moat,legacy_proxy
199,A008060,2026-06-01,62842.0,21450.0,193.0,0.692,0.794,9.73,0.73,9.73,4.0,No moat,legacy_proxy
200,A072870,2026-06-01,37290.0,12750.0,192.5,0.412,0.606,8.41,2.2,8.41,4.0,No moat,legacy_proxy
201,A036420,2026-06-01,14828.0,5080.0,191.9,0.812,0.874,10.29,1.83,10.29,4.0,No moat,legacy_proxy
202,A049720,2026-06-01,28133.0,9670.0,190.9,0.113,0.405,7.01,0.94,7.01,4.0,Wide moat,legacy_proxy
203,A036190,2026-06-01,91249.0,31650.0,188.3,0.34,0.558,8.08,1.01,8.08,4.0,Some moat,legacy_proxy
204,A170920,2026-06-01,113106.0,39250.0,188.2,1.181,1.121,12.02,2.01,12.02,4.0,No moat,legacy_proxy
205,A078070,2026-06-01,35405.0,12390.0,185.8,0.737,0.824,9.94,0.66,9.94,4.0,No moat,legacy_proxy
206,A000230,2026-06-01,22511.0,7890.0,185.3,0.666,0.777,9.61,1.63,9.61,4.0,No moat,legacy_proxy
207,A200670,2026-06-01,80493.0,28300.0,184.4,0.843,0.895,10.44,4.31,10.44,4.0,Some moat,legacy_proxy
208,A025530,2026-06-01,10041.0,3540.0,183.6,0.519,0.678,8.92,1.14,8.92,4.0,No moat,legacy_proxy
209,A002900,2026-06-01,20216.0,7130.0,183.5,0.901,0.934,10.71,1.05,10.71,4.0,No moat,legacy_proxy
210,A163560,2026-06-01,18911.0,6740.0,180.6,0.693,0.794,9.73,0.86,9.73,4.0,No moat,legacy_proxy
211,A000430,2026-06-01,13328.0,4755.0,180.3,0.687,0.79,9.71,1.02,9.71,4.0,No moat,legacy_proxy
212,A003380,2026-06-01,31754.0,11330.0,180.3,1.027,1.018,11.3,1.26,11.3,4.0,No moat,legacy_proxy
213,A000240,2026-06-01,67284.0,24100.0,179.2,0.729,0.819,9.9,0.79,9.9,4.0,No moat,legacy_proxy
214,A950170,2026-06-01,13424.0,4880.0,175.1,0.701,0.8,9.77,0.79,9.77,4.0,No moat,legacy_proxy
215,A101530,2026-06-01,17126.0,6240.0,174.5,0.605,0.735,9.32,1.1,9.32,4.0,No moat,legacy_proxy
216,A001680,2026-06-01,52318.0,19100.0,173.9,0.539,0.691,9.01,0.87,9.01,4.0,No moat,legacy_proxy
217,A129260,2026-06-01,5546.0,2045.0,171.2,0.645,0.762,9.51,1.08,9.51,4.0,No moat,legacy_proxy
218,A032560,2026-06-01,16006.0,5930.0,169.9,0.78,0.852,10.14,0.51,10.14,4.0,No moat,legacy_proxy
219,A016380,2026-06-01,16237.0,6110.0,165.7,0.816,0.877,10.31,1.33,10.31,4.0,No moat,legacy_proxy
220,A005820,2026-06-01,39184.0,14790.0,164.9,0.414,0.607,8.43,0.85,8.43,4.0,No moat,legacy_proxy
221,A000320,2026-06-01,47679.0,18300.0,160.5,0.665,0.775,9.6,0.95,9.6,4.0,No moat,legacy_proxy
222,A294870,2026-06-01,53438.0,20600.0,159.4,0.808,0.872,10.27,0.62,10.27,4.0,No moat,legacy_proxy
223,A079980,2026-06-01,5896.0,2280.0,158.6,0.618,0.744,9.38,0.81,9.38,4.0,No moat,legacy_proxy
224,A023910,2026-06-01,69721.0,27050.0,157.7,0.407,0.603,8.39,0.62,8.39,4.0,No moat,legacy_proxy
225,A013700,2026-06-01,3293.0,1281.0,157.1,0.511,0.673,8.88,1.6,8.88,4.0,No moat,legacy_proxy
226,A003350,2026-06-01,22647.0,8840.0,156.2,0.834,0.889,10.39,1.01,10.39,4.0,Narrow moat,legacy_proxy
227,A337930,2026-06-01,7934.0,3120.0,154.3,0.659,0.772,9.57,2.76,9.57,4.0,Some moat,legacy_proxy
228,A005440,2026-06-01,33652.0,13290.0,153.2,0.704,0.802,9.79,1.12,9.79,4.0,No moat,legacy_proxy
229,A005430,2026-06-01,226802.0,89700.0,152.8,0.71,0.806,9.82,2.16,9.82,4.0,No moat,legacy_proxy
230,A004890,2026-06-01,95425.0,37850.0,152.1,0.233,0.486,7.58,0.6,7.58,4.0,No moat,legacy_proxy
231,A003010,2026-06-01,13882.0,5510.0,151.9,0.766,0.843,10.07,1.4,10.07,4.0,No moat,legacy_proxy
232,A006880,2026-06-01,14907.0,5940.0,151.0,0.335,0.555,8.06,2.61,8.06,4.0,No moat,legacy_proxy
233,A003310,2026-06-01,6435.0,2585.0,149.0,0.649,0.765,9.53,1.05,9.53,4.0,No moat,legacy_proxy
234,A030190,2026-06-01,35546.0,14300.0,148.6,0.591,0.726,9.25,1.8,9.25,4.0,Wide moat,legacy_proxy
235,A018500,2026-06-01,3948.0,1589.0,148.5,0.869,0.913,10.56,1.36,10.56,4.0,No moat,legacy_proxy
236,A001630,2026-06-01,111270.0,45200.0,146.2,0.495,0.662,8.81,0.73,8.81,4.0,No moat,legacy_proxy
237,A204210,2026-06-01,4957.0,2035.0,143.6,0.278,0.516,7.79,0.83,7.79,0.0,No moat,legacy_proxy
238,A013990,2026-06-01,12139.0,4985.0,143.5,0.817,0.877,10.32,2.75,10.32,4.0,No moat,legacy_proxy
239,A079960,2026-06-01,55519.0,22800.0,143.5,0.905,0.936,10.73,0.24,10.73,4.0,No moat,legacy_proxy
240,A018670,2026-06-01,589707.0,243500.0,142.2,0.429,0.617,8.49,0.6,8.49,4.0,No moat,legacy_proxy
241,A042370,2026-06-01,31849.0,13280.0,139.8,1.064,1.043,11.48,1.64,11.48,4.0,No moat,legacy_proxy
242,A005810,2026-06-01,96121.0,40200.0,139.1,0.612,0.74,9.35,0.94,9.35,4.0,No moat,legacy_proxy
243,A001520,2026-06-01,1486.0,624.0,138.2,0.674,0.782,9.65,2.0,9.65,0.0,No moat,legacy_proxy
244,A009270,2026-06-01,2664.0,1134.0,134.9,0.713,0.808,9.83,1.16,9.83,4.0,No moat,legacy_proxy
245,A001060,2026-06-01,66793.0,28450.0,134.8,0.9,0.933,10.7,1.31,10.7,4.0,Narrow moat,legacy_proxy
246,A112610,2026-06-01,111607.0,48000.0,132.5,1.001,1.0,11.18,1.38,11.18,4.0,No moat,legacy_proxy
247,A031330,2026-06-01,37902.0,16320.0,132.2,0.935,0.957,10.87,1.02,10.87,4.0,Some moat,legacy_proxy
248,A090850,2026-06-01,12077.0,5220.0,131.4,0.626,0.75,9.42,3.76,9.42,4.0,Wide moat,legacy_proxy
249,A008500,2026-06-01,4357.0,1888.0,130.8,0.341,0.558,8.08,0.81,8.08,4.0,No moat,legacy_proxy
250,A001560,2026-06-01,22751.0,9950.0,128.6,0.326,0.548,8.01,0.74,8.01,4.0,No moat,legacy_proxy
251,A086280,2026-06-01,530626.0,233000.0,127.7,0.835,0.889,10.4,0.94,10.4,4.0,Narrow moat,legacy_proxy
252,A041510,2026-06-01,184718.0,81200.0,127.5,0.775,0.849,10.12,3.22,10.12,4.0,Some moat,legacy_proxy
253,A105630,2026-06-01,20769.0,9190.0,126.0,0.75,0.832,10.0,1.27,10.0,4.0,No moat,legacy_proxy
254,A035150,2026-06-01,24242.0,10740.0,125.7,0.769,0.845,10.09,0.94,10.09,4.0,No moat,legacy_proxy
255,A092730,2026-06-01,40477.0,18190.0,122.5,0.641,0.76,9.49,1.13,9.49,4.0,Wide moat,legacy_proxy
256,A078930,2026-06-01,164803.0,74100.0,122.4,0.702,0.8,9.77,2.34,9.77,4.0,No moat,legacy_proxy
257,A251970,2026-06-01,82769.0,37550.0,120.4,0.649,0.765,9.53,0.68,9.53,4.0,Some moat,legacy_proxy
258,A003570,2026-06-01,94707.0,43450.0,118.0,0.487,0.657,8.77,1.68,8.77,4.0,Some moat,legacy_proxy
259,A006730,2026-06-01,23768.0,10910.0,117.9,0.809,0.872,10.28,1.04,10.28,4.0,No moat,legacy_proxy
260,A210540,2026-06-01,28664.0,13160.0,117.8,0.928,0.952,10.84,0.74,10.84,4.0,No moat,legacy_proxy
261,A000080,2026-06-01,35837.0,16480.0,117.5,0.436,0.622,8.53,1.02,8.53,4.0,No moat,legacy_proxy
262,A000220,2026-06-01,9042.0,4160.0,117.3,0.779,0.852,10.14,1.45,10.14,4.0,No moat,legacy_proxy
263,A063570,2026-06-01,7893.0,3640.0,116.8,0.687,0.791,9.71,1.39,9.71,4.0,No moat,legacy_proxy
264,A145270,2026-06-01,1682.0,780.0,115.7,0.317,0.543,7.97,1.11,7.97,4.0,No moat,legacy_proxy
265,A010960,2026-06-01,7129.0,3310.0,115.4,0.565,0.709,9.13,0.81,9.13,4.0,No moat,legacy_proxy
266,A020120,2026-06-01,8238.0,3830.0,115.1,0.94,0.96,10.89,2.03,10.89,4.0,No moat,legacy_proxy
267,A023000,2026-06-01,4850.0,2260.0,114.6,0.545,0.695,9.04,0.54,9.04,4.0,No moat,legacy_proxy
268,A010780,2026-06-01,63101.0,30150.0,109.3,0.953,0.969,10.96,1.06,10.96,4.0,No moat,legacy_proxy
269,A016580,2026-06-01,21880.0,10460.0,109.2,0.458,0.637,8.63,1.9,8.63,4.0,No moat,legacy_proxy
270,A025770,2026-06-01,18180.0,8740.0,108.0,0.522,0.68,8.93,1.78,8.93,4.0,Narrow moat,legacy_proxy
271,A007120,2026-06-01,2705.0,1301.0,107.9,0.574,0.714,9.17,4.36,9.17,4.0,No moat,legacy_proxy
272,A093520,2026-06-01,47842.0,23050.0,107.6,1.134,1.09,11.8,1.24,11.8,4.0,Narrow moat,legacy_proxy
273,A048870,2026-06-01,3851.0,1857.0,107.4,0.643,0.761,9.5,8.09,9.5,4.0,No moat,legacy_proxy
274,A051360,2026-06-01,38164.0,18520.0,106.1,0.705,0.803,9.79,0.8,9.79,4.0,No moat,legacy_proxy
275,A043370,2026-06-01,26335.0,12810.0,105.6,0.82,0.88,10.33,0.69,10.33,4.0,No moat,legacy_proxy
276,A018120,2026-06-01,34941.0,17090.0,104.5,0.23,0.484,7.56,0.3,7.56,4.0,Narrow moat,legacy_proxy
277,A042420,2026-06-01,45579.0,22300.0,104.4,0.798,0.864,10.22,3.77,10.22,4.0,No moat,legacy_proxy
278,A147830,2026-06-01,18359.0,8990.0,104.2,0.989,0.993,11.12,1.36,11.12,4.0,Wide moat,legacy_proxy
279,A179290,2026-06-01,10244.0,5030.0,103.7,0.67,0.779,9.63,1.62,9.63,4.0,Some moat,legacy_proxy
280,A338100,2026-06-01,7852.0,3875.0,102.6,0.152,0.432,7.2,4.5,7.2,4.0,Wide moat,legacy_proxy
281,A004360,2026-06-01,27552.0,13600.0,102.6,0.67,0.779,9.63,0.95,9.63,4.0,No moat,legacy_proxy
282,A900140,2026-06-01,2897.0,1432.0,102.3,0.779,0.852,10.14,2.44,10.14,4.0,No moat,legacy_proxy
283,A236200,2026-06-01,86032.0,42650.0,101.7,0.826,0.884,10.36,3.93,10.36,4.0,Some moat,legacy_proxy
284,A064820,2026-06-01,23439.0,11650.0,101.2,0.918,0.945,10.79,1.17,10.79,4.0,No moat,legacy_proxy
285,A017510,2026-06-01,20801.0,10370.0,100.6,1.182,1.122,12.03,0.01,12.03,4.0,No moat,legacy_proxy
286,A100840,2026-06-01,79057.0,39600.0,99.6,0.8,0.866,10.24,5.77,10.24,4.0,No moat,legacy_proxy
287,A078340,2026-06-01,54287.0,27200.0,99.6,0.801,0.867,10.24,1.59,10.24,4.0,No moat,legacy_proxy
288,A306200,2026-06-01,288443.0,145000.0,98.9,0.633,0.754,9.45,0.69,9.45,4.0,No moat,legacy_proxy
289,A001250,2026-06-01,6841.0,3440.0,98.9,0.879,0.919,10.61,0.84,10.61,4.0,No moat,legacy_proxy
290,A000970,2026-06-01,13190.0,6700.0,96.9,0.546,0.696,9.04,1.0,9.04,4.0,No moat,legacy_proxy
291,A093190,2026-06-01,14886.0,7580.0,96.4,0.461,0.639,8.64,2.21,8.64,4.0,No moat,legacy_proxy
292,A264900,2026-06-01,16024.0,8190.0,95.6,0.532,0.686,8.98,0.68,8.98,4.0,No moat,legacy_proxy
293,A015750,2026-06-01,14698.0,7540.0,94.9,1.204,1.137,12.13,0.98,12.13,4.0,No moat,legacy_proxy
294,A059210,2026-06-01,7683.0,3950.0,94.5,0.886,0.924,10.64,1.22,10.64,4.0,No moat,legacy_proxy
295,A217270,2026-06-01,5924.0,3075.0,92.7,0.792,0.86,10.2,3.91,10.2,4.0,No moat,legacy_proxy
296,A003780,2026-06-01,9591.0,5020.0,91.1,0.613,0.741,9.36,0.71,9.36,4.0,No moat,legacy_proxy
297,A043150,2026-06-01,37219.0,19480.0,91.1,0.849,0.899,10.47,2.19,10.47,4.0,No moat,legacy_proxy
298,A028670,2026-06-01,10426.0,5480.0,90.2,0.883,0.922,10.63,6.05,10.63,4.0,No moat,legacy_proxy
299,A002780,2026-06-01,1925.0,1016.0,89.5,0.661,0.773,9.59,1.31,9.59,4.0,No moat,legacy_proxy
300,A101160,2026-06-01,49462.0,26150.0,89.1,1.148,1.099,11.87,1.0,11.87,4.0,Narrow moat,legacy_proxy
301,A192440,2026-06-01,60865.0,32200.0,89.0,0.737,0.824,9.94,1.65,9.94,4.0,No moat,legacy_proxy
302,A086450,2026-06-01,37887.0,20150.0,88.0,0.687,0.79,9.71,1.02,9.71,4.0,No moat,legacy_proxy
303,A264450,2026-06-01,24881.0,13240.0,87.9,0.75,0.832,10.0,0.87,10.0,4.0,Some moat,legacy_proxy
304,A005850,2026-06-01,141655.0,75600.0,87.4,0.933,0.955,10.86,0.76,10.86,4.0,No moat,legacy_proxy
305,A009240,2026-06-01,57333.0,30700.0,86.8,0.676,0.783,9.66,2.78,9.66,4.0,No moat,legacy_proxy
306,A000210,2026-06-01,101490.0,54800.0,85.2,0.955,0.97,10.96,0.97,10.96,4.0,No moat,legacy_proxy
307,A001260,2026-06-01,15476.0,8400.0,84.2,0.842,0.894,10.43,1.07,10.43,4.0,Some moat,legacy_proxy
308,A107590,2026-06-01,104771.0,57000.0,83.8,0.2,0.464,7.42,0.64,7.42,4.0,No moat,legacy_proxy
309,A070960,2026-06-01,4887.0,2705.0,80.7,0.791,0.86,10.19,1.85,10.19,4.0,No moat,legacy_proxy
310,A089600,2026-06-01,19442.0,10820.0,79.7,0.691,0.793,9.73,2.19,9.73,4.0,No moat,legacy_proxy
311,A095270,2026-06-01,8871.0,4965.0,78.7,0.701,0.8,9.77,2.49,9.77,4.0,No moat,legacy_proxy
312,A018290,2026-06-01,23889.0,13420.0,78.0,0.714,0.808,9.83,1.19,9.83,4.0,Narrow moat,legacy_proxy
313,A008490,2026-06-01,37373.0,21000.0,78.0,0.469,0.644,8.69,0.78,8.69,4.0,No moat,legacy_proxy
314,A310200,2026-06-01,4083.0,2295.0,77.9,0.572,0.713,9.16,2.95,9.16,4.0,Some moat,legacy_proxy
315,A049960,2026-06-01,32166.0,18110.0,77.6,0.609,0.738,9.34,2.1,9.34,4.0,Some moat,legacy_proxy
316,A192400,2026-06-01,43939.0,24750.0,77.5,0.512,0.673,8.89,1.85,8.89,4.0,No moat,legacy_proxy
317,A100700,2026-06-01,4182.0,2360.0,77.2,0.676,0.783,9.66,4.15,9.66,4.0,Narrow moat,legacy_proxy
318,A109070,2026-06-01,2386.0,1348.0,77.0,0.324,0.547,8.0,1.82,8.0,4.0,No moat,legacy_proxy
319,A003070,2026-06-01,16691.0,9530.0,75.1,0.758,0.838,10.04,1.61,10.04,4.0,No moat,legacy_proxy
320,A016090,2026-06-01,2797.0,1613.0,73.4,0.606,0.736,9.33,1.07,9.33,4.0,No moat,legacy_proxy
321,A111770,2026-06-01,139497.0,81800.0,70.5,0.64,0.759,9.49,0.99,9.49,4.0,Some moat,legacy_proxy
322,A067160,2026-06-01,84115.0,49450.0,70.1,0.74,0.826,9.95,1.63,9.95,4.0,Wide moat,legacy_proxy
323,A090080,2026-06-01,1594.0,940.0,69.6,0.752,0.834,10.01,1.85,10.01,4.0,Some moat,legacy_proxy
324,A020000,2026-06-01,40291.0,23800.0,69.3,0.66,0.773,9.58,0.74,9.58,4.0,No moat,legacy_proxy
325,A053580,2026-06-01,12583.0,7440.0,69.1,0.695,0.796,9.74,1.96,9.74,4.0,No moat,legacy_proxy
326,A021240,2026-06-01,156027.0,92400.0,68.9,0.556,0.703,9.09,0.97,9.09,4.0,No moat,legacy_proxy
327,A293480,2026-06-01,16277.0,9640.0,68.8,0.54,0.692,9.02,0.46,9.02,4.0,No moat,legacy_proxy
328,A090350,2026-06-01,13388.0,7930.0,68.8,0.752,0.834,10.01,0.94,10.01,4.0,No moat,legacy_proxy
329,A002720,2026-06-01,6354.0,3780.0,68.1,0.608,0.737,9.34,0.84,9.34,4.0,No moat,legacy_proxy
330,A054050,2026-06-01,12089.0,7200.0,67.9,0.581,0.719,9.21,1.21,9.21,4.0,No moat,legacy_proxy
331,A031820,2026-06-01,11648.0,6960.0,67.3,1.995,1.666,15.84,2.21,15.84,4.0,No moat,legacy_proxy
332,A001070,2026-06-01,10830.0,6480.0,67.1,0.367,0.576,8.21,1.07,8.21,4.0,No moat,legacy_proxy
333,A002030,2026-06-01,338482.0,203000.0,66.7,0.337,0.556,8.07,0.94,8.07,4.0,No moat,legacy_proxy
334,A046440,2026-06-01,7070.0,4260.0,66.0,0.772,0.847,10.11,3.4,10.11,4.0,No moat,legacy_proxy
335,A054210,2026-06-01,18715.0,11320.0,65.3,1.203,1.136,12.13,0.99,12.13,4.0,No moat,legacy_proxy
336,A002450,2026-06-01,1990.0,1206.0,65.0,0.604,0.735,9.32,0.96,9.32,4.0,No moat,legacy_proxy
337,A000020,2026-06-01,9547.0,5800.0,64.6,0.596,0.729,9.28,1.3,9.28,4.0,No moat,legacy_proxy
338,A005180,2026-06-01,118209.0,72000.0,64.2,0.336,0.555,8.06,1.13,8.06,4.0,Some moat,legacy_proxy
339,A005610,2026-06-01,70085.0,42700.0,64.1,0.461,0.639,8.65,0.96,8.65,4.0,No moat,legacy_proxy
340,A088260,2026-06-01,6844.0,4180.0,63.7,0.178,0.449,7.32,1.08,7.32,1.19,No moat,legacy_proxy
341,A054950,2026-06-01,36079.0,22150.0,62.9,0.721,0.813,9.86,0.61,9.86,4.0,Narrow moat,legacy_proxy
342,A286940,2026-06-01,32510.0,20000.0,62.5,0.741,0.826,9.96,1.18,9.96,4.0,No moat,legacy_proxy
343,A263720,2026-06-01,15544.0,9610.0,61.7,0.807,0.871,10.27,1.7,10.27,4.0,Narrow moat,legacy_proxy
344,A278470,2026-06-01,646784.0,400500.0,61.5,,1.0,11.17,1.97,11.17,4.0,Wide moat,legacy_proxy
345,A005300,2026-06-01,173705.0,108300.0,60.4,0.432,0.619,8.51,0.77,8.51,4.0,No moat,legacy_proxy
346,A123410,2026-06-01,11071.0,6950.0,59.3,1.058,1.039,11.45,1.02,11.45,4.0,No moat,legacy_proxy
347,A122990,2026-06-01,12313.0,7750.0,58.9,0.837,0.891,10.41,1.49,10.41,4.0,No moat,legacy_proxy
348,A013030,2026-06-01,59148.0,37250.0,58.8,0.881,0.92,10.62,4.5,10.62,4.0,Some moat,legacy_proxy
349,A033790,2026-06-01,17212.0,10890.0,58.1,0.542,0.693,9.03,4.72,9.03,4.0,No moat,legacy_proxy
350,A234690,2026-06-01,15782.0,10000.0,57.8,0.775,0.849,10.12,1.32,10.12,4.0,No moat,legacy_proxy
351,A088790,2026-06-01,4402.0,2825.0,55.8,0.551,0.699,9.07,0.88,9.07,4.0,No moat,legacy_proxy
352,A073010,2026-06-01,6529.0,4195.0,55.6,0.844,0.895,10.44,0.97,10.44,4.0,No moat,legacy_proxy
353,A012030,2026-06-01,3452.0,2220.0,55.5,0.825,0.882,10.35,2.01,10.35,4.0,No moat,legacy_proxy
354,A272110,2026-06-01,50485.0,32600.0,54.9,1.236,1.158,12.28,1.07,12.28,4.0,No moat,legacy_proxy
355,A039560,2026-06-01,5960.0,3880.0,53.6,0.987,0.991,11.11,1.67,11.11,4.0,No moat,legacy_proxy
356,A083420,2026-06-01,7763.0,5060.0,53.4,0.717,0.81,9.85,0.65,9.85,4.0,No moat,legacy_proxy
357,A004490,2026-06-01,85596.0,56100.0,52.6,0.897,0.931,10.69,0.58,10.69,4.0,No moat,legacy_proxy
358,A037030,2026-06-01,10938.0,7200.0,51.9,1.07,1.047,11.5,2.49,11.5,4.0,No moat,legacy_proxy
359,A143240,2026-06-01,23207.0,15280.0,51.9,0.445,0.628,8.57,11.32,8.57,4.0,Wide moat,legacy_proxy
360,A144960,2026-06-01,14308.0,9460.0,51.2,1.074,1.05,11.52,0.86,11.52,4.0,No moat,legacy_proxy
361,A111110,2026-06-01,10681.0,7080.0,50.9,0.528,0.684,8.96,1.16,8.96,4.0,No moat,legacy_proxy
362,A005090,2026-06-01,74300.0,49600.0,49.8,0.539,0.691,9.01,0.92,9.01,4.0,No moat,legacy_proxy
363,A001380,2026-06-01,2580.0,1729.0,49.2,0.807,0.871,10.27,1.12,10.27,4.0,No moat,legacy_proxy
364,A214450,2026-06-01,440634.0,297000.0,48.4,0.862,0.908,10.53,7.37,10.53,4.0,Wide moat,legacy_proxy
365,A018470,2026-06-01,1989.0,1353.0,47.0,0.607,0.737,9.33,1.01,9.33,4.0,No moat,legacy_proxy
366,A002620,2026-06-01,12045.0,8210.0,46.7,0.63,0.752,9.44,1.07,9.44,4.0,No moat,legacy_proxy
367,A028100,2026-06-01,22110.0,15100.0,46.4,0.838,0.891,10.41,0.85,10.41,4.0,No moat,legacy_proxy
368,A093320,2026-06-01,162682.0,112000.0,45.3,0.574,0.714,9.17,0.46,9.17,4.0,No moat,legacy_proxy
369,A041020,2026-06-01,6024.0,4165.0,44.6,0.947,0.964,10.93,5.66,10.93,4.0,No moat,legacy_proxy
370,A115310,2026-06-01,13482.0,9380.0,43.7,0.453,0.634,8.61,8.86,8.61,4.0,Some moat,legacy_proxy
371,A079940,2026-06-01,44479.0,31000.0,43.5,0.765,0.842,10.07,0.3,10.07,4.0,No moat,legacy_proxy
372,A067390,2026-06-01,973.0,680.0,43.1,0.882,0.921,10.62,2.01,10.62,4.0,No moat,legacy_proxy
373,A005950,2026-06-01,22236.0,15550.0,43.0,1.055,1.037,11.43,1.38,11.43,4.0,No moat,legacy_proxy
374,A009680,2026-06-01,14374.0,10080.0,42.6,0.567,0.71,9.14,2.46,9.14,4.0,Narrow moat,legacy_proxy
375,A006490,2026-06-01,498.0,349.0,42.6,0.752,0.834,10.01,5.55,10.01,4.0,No moat,legacy_proxy
376,A237880,2026-06-01,15847.0,11160.0,42.0,0.829,0.886,10.37,5.12,10.37,4.0,Some moat,legacy_proxy
377,A251270,2026-06-01,58783.0,41550.0,41.5,0.686,0.789,9.7,1.18,9.7,4.0,No moat,legacy_proxy
378,A071090,2026-06-01,5082.0,3600.0,41.2,0.912,0.941,10.76,0.96,10.76,4.0,No moat,legacy_proxy
379,A012750,2026-06-01,95863.0,68200.0,40.6,0.355,0.568,8.15,4.89,8.15,4.0,No moat,legacy_proxy
380,A064960,2026-06-01,43254.0,30800.0,40.4,0.69,0.792,9.72,1.54,9.72,4.0,No moat,legacy_proxy
381,A078890,2026-06-01,10117.0,7230.0,39.9,1.051,1.034,11.41,1.22,11.41,4.0,No moat,legacy_proxy
382,A033780,2026-06-01,256888.0,183700.0,39.8,0.284,0.521,7.82,1.17,7.82,4.0,No moat,legacy_proxy
383,A018880,2026-06-01,7131.0,5100.0,39.8,0.926,0.951,10.83,0.93,10.83,4.0,No moat,legacy_proxy
384,A271560,2026-06-01,187332.0,134200.0,39.6,0.45,0.632,8.6,0.7,8.6,4.0,Some moat,legacy_proxy
385,A267850,2026-06-01,14215.0,10230.0,39.0,0.831,0.887,10.38,3.06,10.38,4.0,No moat,legacy_proxy
386,A014830,2026-06-01,99224.0,71500.0,38.8,0.515,0.675,8.9,0.74,8.9,4.0,No moat,legacy_proxy
387,A023410,2026-06-01,4876.0,3520.0,38.5,0.847,0.897,10.45,1.2,10.45,4.0,No moat,legacy_proxy
388,A121440,2026-06-01,6357.0,4615.0,37.7,0.569,0.711,9.15,1.04,9.15,4.0,No moat,legacy_proxy
389,A033530,2026-06-01,10766.0,7820.0,37.7,1.059,1.039,11.45,0.84,11.45,4.0,No moat,legacy_proxy
390,A014940,2026-06-01,8576.0,6230.0,37.7,0.914,0.942,10.77,1.15,10.77,4.0,Some moat,legacy_proxy
391,A065710,2026-06-01,57722.0,42000.0,37.4,0.56,0.705,9.11,0.77,9.11,4.0,Wide moat,legacy_proxy
392,A226320,2026-06-01,14818.0,10790.0,37.3,0.878,0.918,10.6,0.98,10.6,4.0,No moat,legacy_proxy
393,A002810,2026-06-01,29448.0,21800.0,35.1,0.385,0.588,8.29,1.15,8.29,4.0,No moat,legacy_proxy
394,A002990,2026-06-01,5434.0,4045.0,34.3,0.849,0.899,10.47,1.48,10.47,2.88,Some moat,legacy_proxy
395,A092780,2026-06-01,6910.0,5170.0,33.6,0.794,0.862,10.21,1.03,10.21,4.0,No moat,legacy_proxy
396,A122870,2026-06-01,60976.0,45750.0,33.3,0.749,0.832,9.99,0.91,9.99,4.0,No moat,legacy_proxy
397,A000890,2026-06-01,1946.0,1463.0,33.0,0.594,0.728,9.27,1.08,9.27,4.0,No moat,legacy_proxy
398,A032350,2026-06-01,25875.0,19470.0,32.9,0.737,0.824,9.94,1.95,9.94,4.0,No moat,legacy_proxy
399,A036890,2026-06-01,19462.0,14700.0,32.4,1.014,1.01,11.24,1.04,11.24,4.0,No moat,legacy_proxy
400,A004080,2026-06-01,17934.0,13600.0,31.9,0.117,0.408,7.03,1.91,7.03,4.0,No moat,legacy_proxy
401,A215000,2026-06-01,56286.0,42800.0,31.5,0.604,0.735,9.32,2.44,9.32,4.0,No moat,legacy_proxy
402,A027970,2026-06-01,902.0,687.0,31.3,0.485,0.655,8.76,1.19,8.76,4.0,No moat,legacy_proxy
403,A119850,2026-06-01,31594.0,24100.0,31.1,1.048,1.032,11.4,0.91,11.4,4.0,No moat,legacy_proxy
404,A035080,2026-06-01,12741.0,9720.0,31.1,0.803,0.868,10.25,1.07,10.25,0.0,No moat,legacy_proxy
405,A012320,2026-06-01,69843.0,53300.0,31.0,0.663,0.774,9.59,0.9,9.59,4.0,No moat,legacy_proxy
406,A017670,2026-06-01,126790.0,96900.0,30.8,0.436,0.622,8.53,0.99,8.53,4.0,No moat,legacy_proxy
407,A108380,2026-06-01,28525.0,21850.0,30.5,0.812,0.874,10.29,2.55,10.29,4.0,No moat,legacy_proxy
408,A064850,2026-06-01,32830.0,25200.0,30.3,0.592,0.726,9.26,0.97,9.26,4.0,Some moat,legacy_proxy
409,A072130,2026-06-01,6350.0,4885.0,30.0,0.772,0.847,10.1,0.87,10.1,4.0,No moat,legacy_proxy
410,A000120,2026-06-01,110985.0,85500.0,29.8,0.56,0.705,9.11,2.73,9.11,4.0,No moat,legacy_proxy
411,A103140,2026-06-01,106938.0,82500.0,29.6,0.927,0.951,10.83,0.84,10.83,4.0,No moat,legacy_proxy
412,A060150,2026-06-01,4869.0,3760.0,29.5,0.743,0.828,9.97,0.82,9.97,4.0,No moat,legacy_proxy
413,A004090,2026-06-01,17013.0,13180.0,29.1,0.2,0.464,7.42,0.92,7.42,4.0,No moat,legacy_proxy
414,A052260,2026-06-01,5127.0,3980.0,28.8,0.769,0.845,10.09,0.98,10.09,4.0,No moat,legacy_proxy
415,A039130,2026-06-01,48085.0,37350.0,28.7,0.757,0.837,10.04,1.16,10.04,4.0,No moat,legacy_proxy
416,A067290,2026-06-01,1940.0,1515.0,28.1,0.857,0.904,10.5,1.71,10.5,4.0,Some moat,legacy_proxy
417,A084870,2026-06-01,2493.0,1953.0,27.7,0.568,0.711,9.15,1.63,9.15,4.0,No moat,legacy_proxy
418,A182360,2026-06-01,8923.0,7050.0,26.6,0.851,0.9,10.48,8.38,10.48,0.0,No moat,legacy_proxy
419,A104480,2026-06-01,2464.0,1956.0,26.0,0.887,0.924,10.64,1.01,10.64,4.0,No moat,legacy_proxy
420,A009450,2026-06-01,90561.0,72000.0,25.8,0.698,0.798,9.76,0.82,9.76,4.0,No moat,legacy_proxy
421,A014280,2026-06-01,5989.0,4765.0,25.7,0.725,0.816,9.89,1.51,9.89,4.0,No moat,legacy_proxy
422,A069260,2026-06-01,20973.0,16750.0,25.2,0.555,0.702,9.09,0.92,9.09,4.0,No moat,legacy_proxy
423,A265520,2026-06-01,31237.0,25050.0,24.7,1.102,1.068,11.65,3.61,11.65,4.0,No moat,legacy_proxy
424,A034950,2026-06-01,126969.0,102200.0,24.2,0.192,0.458,7.38,7.58,7.38,4.0,Wide moat,legacy_proxy
425,A214420,2026-06-01,7420.0,6010.0,23.5,0.995,0.997,11.15,1.16,11.15,4.0,No moat,legacy_proxy
426,A035600,2026-06-01,12350.0,10050.0,22.9,0.754,0.835,10.02,3.77,10.02,4.0,No moat,legacy_proxy
427,A118000,2026-06-01,1857.0,1513.0,22.7,0.694,0.795,9.74,3.74,9.74,4.0,No moat,legacy_proxy
428,A002460,2026-06-01,13781.0,11230.0,22.7,0.583,0.72,9.22,0.73,9.22,4.0,No moat,legacy_proxy
429,A033270,2026-06-01,22869.0,18650.0,22.6,0.616,0.743,9.37,0.62,9.37,4.0,Some moat,legacy_proxy
430,A950140,2026-06-01,11863.0,9690.0,22.4,0.698,0.798,9.76,1.01,9.76,4.0,Narrow moat,legacy_proxy
431,A047050,2026-06-01,78380.0,64100.0,22.3,0.966,0.977,11.01,0.71,11.01,4.0,No moat,legacy_proxy
432,A002960,2026-06-01,610369.0,501000.0,21.8,0.21,0.47,7.47,2.31,7.47,4.0,Wide moat,legacy_proxy
433,A042000,2026-06-01,24162.0,19930.0,21.2,1.071,1.047,11.51,1.85,11.51,4.0,No moat,legacy_proxy
434,A326030,2026-06-01,113344.0,93500.0,21.2,0.815,0.876,10.31,1.63,10.31,4.0,Some moat,legacy_proxy
435,A013360,2026-06-01,1717.0,1425.0,20.5,0.837,0.891,10.41,1.38,10.41,4.0,No moat,legacy_proxy
436,A023530,2026-06-01,182299.0,151300.0,20.5,0.716,0.81,9.84,1.0,9.84,4.0,No moat,legacy_proxy
437,A079430,2026-06-01,7897.0,6560.0,20.4,0.751,0.833,10.01,1.39,10.01,4.0,No moat,legacy_proxy
438,A092460,2026-06-01,25648.0,21400.0,19.9,0.764,0.842,10.07,2.45,10.07,4.0,No moat,legacy_proxy
439,A214150,2026-06-01,55041.0,46050.0,19.5,0.802,0.867,10.25,0.74,10.25,4.0,Wide moat,legacy_proxy
440,A234340,2026-06-01,31747.0,26600.0,19.3,0.967,0.978,11.02,1.59,11.02,4.0,No moat,legacy_proxy
441,A005030,2026-06-01,576.0,486.0,18.6,0.43,0.618,8.5,1.26,8.5,4.0,No moat,legacy_proxy
442,A009320,2026-06-01,1137.0,962.0,18.2,0.799,0.866,10.23,1.85,10.23,4.0,No moat,legacy_proxy
443,A161890,2026-06-01,102163.0,86600.0,18.0,0.677,0.783,9.66,0.98,9.66,4.0,No moat,legacy_proxy
444,A010640,2026-06-01,2254.0,1934.0,16.6,0.689,0.792,9.72,0.65,9.72,4.0,No moat,legacy_proxy
445,A108320,2026-06-01,62782.0,54000.0,16.3,0.987,0.991,11.11,1.72,11.11,4.0,No moat,legacy_proxy
446,A079810,2026-06-01,5349.0,4605.0,16.2,1.109,1.073,11.69,2.27,11.69,4.0,No moat,legacy_proxy
447,A104460,2026-06-01,11796.0,10160.0,16.1,0.699,0.798,9.76,0.74,9.76,0.0,No moat,legacy_proxy
448,A183190,2026-06-01,11328.0,9900.0,14.4,0.718,0.811,9.85,1.05,9.85,4.0,No moat,legacy_proxy
449,A004370,2026-06-01,443391.0,388000.0,14.3,0.291,0.525,7.85,1.06,7.85,4.0,No moat,legacy_proxy
450,A294570,2026-06-01,27059.0,23850.0,13.5,0.82,0.879,10.33,1.11,10.33,4.0,Wide moat,legacy_proxy
451,A071280,2026-06-01,9548.0,8430.0,13.3,1.166,1.111,11.95,0.42,11.95,4.0,No moat,legacy_proxy
452,A002840,2026-06-01,135343.0,119900.0,12.9,0.25,0.497,7.65,0.65,7.65,4.0,No moat,legacy_proxy
453,A027410,2026-06-01,5123.0,4565.0,12.2,0.652,0.767,9.54,6.57,9.54,4.0,No moat,legacy_proxy
454,A049430,2026-06-01,20944.0,18740.0,11.8,0.545,0.695,9.04,1.69,9.04,4.0,No moat,legacy_proxy
455,A009540,2026-06-01,463321.0,415000.0,11.6,1.036,1.024,11.34,0.8,11.34,4.0,No moat,legacy_proxy
456,A025560,2026-06-01,42953.0,38700.0,11.0,0.452,0.633,8.61,2.24,8.61,4.0,No moat,legacy_proxy
457,A060250,2026-06-01,19287.0,17400.0,10.8,0.92,0.947,10.8,0.58,10.8,4.0,Some moat,legacy_proxy
458,A201490,2026-06-01,2774.0,2530.0,9.7,0.94,0.96,10.89,14.56,10.89,4.0,No moat,legacy_proxy
459,A001470,2026-06-01,378.0,347.0,9.1,0.672,0.78,9.64,1.44,9.64,4.0,No moat,legacy_proxy
460,A080160,2026-06-01,10634.0,9750.0,9.1,0.782,0.854,10.15,1.43,10.15,4.0,No moat,legacy_proxy
461,A047400,2026-06-01,1483.0,1369.0,8.3,0.607,0.737,9.33,0.89,9.33,4.0,No moat,legacy_proxy
462,A047310,2026-06-01,5211.0,4825.0,8.0,1.134,1.09,11.8,1.03,11.8,4.0,No moat,legacy_proxy
463,A091700,2026-06-01,7490.0,7000.0,7.0,0.772,0.847,10.1,1.18,10.1,4.0,No moat,legacy_proxy
464,A071200,2026-06-01,8180.0,7720.0,6.0,0.806,0.87,10.26,1.44,10.26,4.0,No moat,legacy_proxy
465,A003850,2026-06-01,9659.0,9130.0,5.8,0.747,0.831,9.99,0.94,9.99,4.0,No moat,legacy_proxy
466,A035900,2026-06-01,61056.0,57800.0,5.6,0.782,0.854,10.15,1.09,10.15,4.0,Wide moat,legacy_proxy
467,A003230,2026-06-01,1261652.0,1211000.0,4.2,0.568,0.71,9.15,1.93,9.15,4.0,Wide moat,legacy_proxy
468,A025000,2026-06-01,52760.0,50700.0,4.1,0.325,0.548,8.01,0.88,8.01,4.0,No moat,legacy_proxy
469,A014970,2026-06-01,5983.0,5780.0,3.5,0.744,0.829,9.97,0.95,9.97,4.0,No moat,legacy_proxy
470,A034230,2026-06-01,14145.0,13920.0,1.6,0.826,0.883,10.36,1.21,10.36,4.0,No moat,legacy_proxy
471,A028050,2026-06-01,50993.0,50800.0,0.4,0.905,0.937,10.73,1.03,10.73,4.0,Wide moat,legacy_proxy
472,A051370,2026-06-01,11005.0,10970.0,0.3,1.141,1.094,11.83,0.84,11.83,4.0,No moat,legacy_proxy
473,A009140,2026-06-01,25872.0,26200.0,-1.3,0.347,0.562,8.11,5.93,8.11,4.0,No moat,legacy_proxy
474,A012860,2026-06-01,3817.0,3895.0,-2.0,1.077,1.051,11.53,1.32,11.53,4.0,No moat,legacy_proxy
475,A035000,2026-06-01,7063.0,7230.0,-2.3,0.399,0.597,8.35,1.9,8.35,4.0,Some moat,legacy_proxy
476,A008970,2026-06-01,1451.0,1495.0,-2.9,0.882,0.921,10.62,1.08,10.62,4.0,No moat,legacy_proxy
477,A213420,2026-06-01,38784.0,40050.0,-3.2,1.016,1.01,11.25,0.91,11.25,4.0,No moat,legacy_proxy
478,A097230,2026-06-01,20079.0,20750.0,-3.2,0.822,0.881,10.34,1.32,10.34,4.0,No moat,legacy_proxy
479,A014710,2026-06-01,6917.0,7170.0,-3.5,0.692,0.794,9.73,0.96,9.73,4.0,No moat,legacy_proxy
480,A001460,2026-06-01,38489.0,39900.0,-3.5,0.383,0.586,8.28,0.96,8.28,4.0,No moat,legacy_proxy
481,A067900,2026-06-01,6348.0,6590.0,-3.7,0.697,0.797,9.75,0.55,9.75,4.0,No moat,legacy_proxy
482,A206640,2026-06-01,10367.0,10830.0,-4.3,0.706,0.803,9.79,0.99,9.79,4.0,No moat,legacy_proxy
483,A120030,2026-06-01,87159.0,91500.0,-4.7,0.562,0.706,9.12,0.9,9.12,4.0,Some moat,legacy_proxy
484,A011210,2026-06-01,84050.0,88300.0,-4.8,1.16,1.107,11.92,0.77,11.92,4.0,No moat,legacy_proxy
485,A035250,2026-06-01,14306.0,15070.0,-5.1,0.517,0.676,8.91,7.9,8.91,4.0,No moat,legacy_proxy
486,A094820,2026-06-01,13847.0,14620.0,-5.3,0.868,0.911,10.55,1.51,10.55,4.0,No moat,legacy_proxy
487,A010040,2026-06-01,1564.0,1654.0,-5.5,0.699,0.798,9.76,0.87,9.76,4.0,No moat,legacy_proxy
488,A045970,2026-06-01,4145.0,4385.0,-5.5,1.081,1.054,11.55,1.62,11.55,0.0,No moat,legacy_proxy
489,A053610,2026-06-01,83071.0,88200.0,-5.8,1.041,1.027,11.36,0.5,11.36,4.0,Some moat,legacy_proxy
490,A000270,2026-06-01,154110.0,164300.0,-6.2,0.919,0.945,10.79,0.69,10.79,4.0,Some moat,legacy_proxy
491,A053690,2026-06-01,19758.0,21150.0,-6.6,0.926,0.95,10.83,1.3,10.83,4.0,No moat,legacy_proxy
492,A011150,2026-06-01,2097.0,2245.0,-6.6,0.567,0.71,9.14,1.0,9.14,4.0,No moat,legacy_proxy
493,A002170,2026-06-01,49386.0,53000.0,-6.8,0.403,0.6,8.38,0.48,8.38,4.0,No moat,legacy_proxy
494,A014990,2026-06-01,499.0,536.0,-7.0,0.817,0.878,10.32,1.49,10.32,4.0,No moat,legacy_proxy
495,A016800,2026-06-01,27755.0,29850.0,-7.0,0.167,0.442,7.27,3.32,7.27,4.0,No moat,legacy_proxy
496,A001230,2026-06-01,10507.0,11400.0,-7.8,1.067,1.045,11.49,0.94,11.49,4.0,No moat,legacy_proxy
497,A039200,2026-06-01,38241.0,41900.0,-8.7,0.856,0.903,10.5,1.34,10.5,4.0,No moat,legacy_proxy
498,A025540,2026-06-01,72884.0,79900.0,-8.8,0.718,0.811,9.85,0.89,9.85,4.0,No moat,legacy_proxy
499,A145020,2026-06-01,230352.0,254000.0,-9.3,0.762,0.841,10.06,1.01,10.06,4.0,Wide moat,legacy_proxy
500,A018310,2026-06-01,19012.0,21150.0,-10.1,0.75,0.833,10.0,1.55,10.0,0.53,No moat,legacy_proxy
501,A011420,2026-06-01,1429.0,1594.0,-10.3,0.983,0.988,11.09,2.58,11.09,4.0,No moat,legacy_proxy
502,A145720,2026-06-01,42322.0,47400.0,-10.7,0.816,0.877,10.31,0.75,10.31,4.0,No moat,legacy_proxy
503,A190510,2026-06-01,15816.0,17740.0,-10.8,1.189,1.127,12.06,1.32,12.06,4.0,Wide moat,legacy_proxy
504,A041830,2026-06-01,41651.0,46800.0,-11.0,0.688,0.791,9.71,2.71,9.71,4.0,Narrow moat,legacy_proxy
505,A035890,2026-06-01,2373.0,2675.0,-11.3,0.69,0.792,9.72,0.83,9.72,4.0,No moat,legacy_proxy
506,A095660,2026-06-01,17570.0,19810.0,-11.3,0.723,0.814,9.87,4.19,9.87,4.0,Some moat,legacy_proxy
507,A158430,2026-06-01,5826.0,6610.0,-11.9,1.041,1.027,11.37,2.3,11.37,4.0,No moat,legacy_proxy
508,A128940,2026-06-01,426286.0,485500.0,-12.2,0.759,0.838,10.04,0.89,10.04,4.0,Some moat,legacy_proxy
509,A126560,2026-06-01,2606.0,2975.0,-12.4,0.447,0.63,8.58,1.2,8.58,4.0,No moat,legacy_proxy
510,A051600,2026-06-01,44918.0,51300.0,-12.4,0.581,0.719,9.21,4.15,9.21,4.0,Some moat,legacy_proxy
511,A000910,2026-06-01,3160.0,3610.0,-12.5,0.538,0.69,9.01,0.87,9.01,4.0,No moat,legacy_proxy
512,A102710,2026-06-01,40141.0,46150.0,-13.0,1.29,1.195,12.54,0.79,12.54,4.0,No moat,legacy_proxy
513,A019010,2026-06-01,4640.0,5340.0,-13.1,0.706,0.803,9.8,1.01,9.8,4.0,No moat,legacy_proxy
514,A114810,2026-06-01,12328.0,14290.0,-13.7,1.141,1.095,11.84,0.59,11.84,4.0,No moat,legacy_proxy
515,A206650,2026-06-01,8769.0,10170.0,-13.8,0.763,0.841,10.06,1.14,10.06,4.0,No moat,legacy_proxy
516,A032940,2026-06-01,6727.0,7900.0,-14.8,1.161,1.108,11.93,0.87,11.93,4.0,No moat,legacy_proxy
517,A013000,2026-06-01,1183.0,1393.0,-15.1,0.625,0.749,9.42,6.19,9.42,4.0,No moat,legacy_proxy
518,A004000,2026-06-01,44559.0,52600.0,-15.3,0.817,0.877,10.31,1.03,10.31,4.0,No moat,legacy_proxy
519,A075580,2026-06-01,13085.0,15490.0,-15.5,0.983,0.989,11.1,0.85,11.1,4.0,No moat,legacy_proxy
520,A003200,2026-06-01,8765.0,10380.0,-15.6,0.494,0.661,8.8,0.57,8.8,4.0,No moat,legacy_proxy
521,A241560,2026-06-01,56356.0,66800.0,-15.6,0.922,0.948,10.81,1.19,10.81,4.0,No moat,legacy_proxy
522,A000390,2026-06-01,6036.0,7200.0,-16.2,0.713,0.808,9.83,1.01,9.83,4.0,No moat,legacy_proxy
523,A094480,2026-06-01,5404.0,6450.0,-16.2,1.085,1.057,11.57,1.26,11.57,4.0,No moat,legacy_proxy
524,A114840,2026-06-01,8370.0,10050.0,-16.7,0.662,0.774,9.59,1.03,9.59,4.0,Narrow moat,legacy_proxy
525,A101930,2026-06-01,8763.0,10550.0,-16.9,0.771,0.846,10.1,0.84,10.1,4.0,No moat,legacy_proxy
526,A033160,2026-06-01,24554.0,29650.0,-17.2,1.159,1.106,11.92,1.15,11.92,4.0,No moat,legacy_proxy
527,A014820,2026-06-01,18494.0,22450.0,-17.6,0.834,0.889,10.4,0.99,10.4,4.0,No moat,legacy_proxy
528,A051900,2026-06-01,203156.0,248000.0,-18.1,0.635,0.756,9.46,0.8,9.46,4.0,No moat,legacy_proxy
529,A001770,2026-06-01,12297.0,15030.0,-18.2,0.412,0.606,8.42,0.8,8.42,4.0,No moat,legacy_proxy
530,A003620,2026-06-01,2799.0,3425.0,-18.3,0.626,0.749,9.42,0.96,9.42,4.0,No moat,legacy_proxy
531,A000040,2026-06-01,286.0,350.0,-18.4,0.544,0.695,9.04,3.64,9.04,0.0,No moat,legacy_proxy
532,A004720,2026-06-01,2803.0,3450.0,-18.7,0.581,0.719,9.21,9.34,9.21,4.0,No moat,legacy_proxy
533,A110990,2026-06-01,18342.0,22700.0,-19.2,1.114,1.076,11.71,18.61,11.71,4.0,Some moat,legacy_proxy
534,A031430,2026-06-01,11161.0,13850.0,-19.4,0.691,0.793,9.73,0.67,9.73,4.0,No moat,legacy_proxy
535,A069460,2026-06-01,2135.0,2660.0,-19.7,0.66,0.772,9.58,1.34,9.58,4.0,No moat,legacy_proxy
536,A082920,2026-06-01,42134.0,52800.0,-20.2,0.722,0.814,9.87,3.68,9.87,4.0,Wide moat,legacy_proxy
537,A083650,2026-06-01,58238.0,73900.0,-21.2,1.001,1.001,11.18,1.21,11.18,4.0,No moat,legacy_proxy
538,A009190,2026-06-01,1579.0,2010.0,-21.4,0.647,0.763,9.52,2.3,9.52,4.0,No moat,legacy_proxy
539,A010950,2026-06-01,83573.0,107000.0,-21.9,0.605,0.735,9.32,1.14,9.32,4.0,No moat,legacy_proxy
540,A017370,2026-06-01,3758.0,4830.0,-22.2,0.768,0.844,10.09,1.09,10.09,4.0,No moat,legacy_proxy
541,A003720,2026-06-01,7927.0,10190.0,-22.2,0.896,0.931,10.69,0.64,10.69,4.0,No moat,legacy_proxy
542,A106190,2026-06-01,11005.0,14360.0,-23.4,0.599,0.731,9.29,0.84,9.29,4.0,No moat,legacy_proxy
543,A017800,2026-06-01,61609.0,80400.0,-23.4,0.808,0.871,10.27,1.49,10.27,4.0,No moat,legacy_proxy
544,A214430,2026-06-01,64726.0,84500.0,-23.4,0.832,0.888,10.39,0.24,10.39,4.0,No moat,legacy_proxy
545,A099750,2026-06-01,5720.0,7470.0,-23.4,0.63,0.752,9.44,1.17,9.44,4.0,No moat,legacy_proxy
546,A024090,2026-06-01,8653.0,11330.0,-23.6,0.311,0.538,7.94,3.16,7.94,4.0,No moat,legacy_proxy
547,A017960,2026-06-01,26350.0,34550.0,-23.7,0.809,0.872,10.28,0.74,10.28,4.0,No moat,legacy_proxy
548,A001430,2026-06-01,41765.0,55500.0,-24.7,0.917,0.944,10.78,0.83,10.78,4.0,No moat,legacy_proxy
549,A000850,2026-06-01,26174.0,35050.0,-25.3,0.506,0.669,8.85,0.66,8.85,4.0,No moat,legacy_proxy
550,A065530,2026-06-01,1246.0,1670.0,-25.4,0.892,0.927,10.67,1.06,10.67,4.0,No moat,legacy_proxy
551,A264660,2026-06-01,12628.0,16980.0,-25.6,1.001,1.001,11.18,0.92,11.18,4.0,No moat,legacy_proxy
552,A195940,2026-06-01,33542.0,45200.0,-25.8,0.636,0.756,9.47,3.22,9.47,4.0,No moat,legacy_proxy
553,A230360,2026-06-01,11828.0,16000.0,-26.1,0.72,0.812,9.86,2.87,9.86,4.0,Narrow moat,legacy_proxy
554,A030520,2026-06-01,14108.0,19300.0,-26.9,0.906,0.937,10.74,2.4,10.74,4.0,No moat,legacy_proxy
555,A025860,2026-06-01,5246.0,7210.0,-27.2,0.547,0.697,9.05,0.49,9.05,4.0,No moat,legacy_proxy
556,A134790,2026-06-01,13922.0,19160.0,-27.3,0.46,0.638,8.64,6.7,8.64,4.0,No moat,legacy_proxy
557,A210980,2026-06-01,8781.0,12120.0,-27.6,0.543,0.694,9.03,0.7,9.03,4.0,No moat,legacy_proxy
558,A002700,2026-06-01,901.0,1246.0,-27.7,0.517,0.677,8.91,1.21,8.91,4.0,No moat,legacy_proxy
559,A259630,2026-06-01,11023.0,15290.0,-27.9,1.071,1.048,11.51,1.62,11.51,4.0,Some moat,legacy_proxy
560,A037270,2026-06-01,2822.0,3935.0,-28.3,0.818,0.878,10.32,2.48,10.32,4.0,No moat,legacy_proxy
561,A001550,2026-06-01,8336.0,11700.0,-28.8,0.616,0.743,9.37,0.98,9.37,4.0,No moat,legacy_proxy
562,A003800,2026-06-01,22587.0,31950.0,-29.3,0.351,0.565,8.13,10.92,8.13,4.0,No moat,legacy_proxy
563,A002380,2026-06-01,387897.0,550000.0,-29.5,1.082,1.055,11.56,0.74,11.56,4.0,No moat,legacy_proxy
564,A003240,2026-06-01,699556.0,993000.0,-29.6,0.794,0.862,10.21,1.74,10.21,0.0,No moat,legacy_proxy
565,A002230,2026-06-01,5106.0,7290.0,-30.0,0.667,0.777,9.61,0.66,9.61,4.0,No moat,legacy_proxy
566,A036560,2026-06-01,9009.0,12870.0,-30.0,0.573,0.714,9.17,1.07,9.17,4.0,No moat,legacy_proxy
567,A058430,2026-06-01,4223.0,6040.0,-30.1,0.896,0.931,10.69,0.82,10.69,4.0,No moat,legacy_proxy
568,A067830,2026-06-01,1800.0,2585.0,-30.4,0.553,0.701,9.08,0.85,9.08,4.0,No moat,legacy_proxy
569,A263860,2026-06-01,11106.0,15980.0,-30.5,0.847,0.897,10.45,1.26,10.45,4.0,Wide moat,legacy_proxy
570,A092130,2026-06-01,9865.0,14200.0,-30.5,0.239,0.49,7.61,2.17,7.61,4.0,Narrow moat,legacy_proxy
571,A178920,2026-06-01,17376.0,25350.0,-31.5,1.043,1.028,11.37,0.56,11.37,4.0,No moat,legacy_proxy
572,A238090,2026-06-01,2033.0,3000.0,-32.2,0.417,0.61,8.44,2.47,8.44,4.0,No moat,legacy_proxy
573,A130660,2026-06-01,9689.0,14320.0,-32.3,0.876,0.917,10.59,1.04,10.59,4.0,No moat,legacy_proxy
574,A114090,2026-06-01,7174.0,10620.0,-32.5,0.605,0.736,9.32,1.05,9.32,4.0,Narrow moat,legacy_proxy
575,A185750,2026-06-01,52019.0,79300.0,-34.4,0.685,0.789,9.69,0.76,9.69,4.0,No moat,legacy_proxy
576,A004440,2026-06-01,3578.0,5460.0,-34.5,0.664,0.775,9.6,1.09,9.6,4.0,No moat,legacy_proxy
577,A017890,2026-06-01,8018.0,12270.0,-34.7,0.651,0.766,9.54,0.9,9.54,4.0,No moat,legacy_proxy
578,A001740,2026-06-01,7803.0,11980.0,-34.9,0.767,0.844,10.08,0.85,10.08,4.0,No moat,legacy_proxy
579,A019490,2026-06-01,349.0,541.0,-35.6,0.223,0.48,7.53,1.0,7.53,0.0,No moat,legacy_proxy
580,A009410,2026-06-01,1098.0,1706.0,-35.6,0.734,0.822,9.93,1.38,9.93,4.0,No moat,legacy_proxy
581,A011200,2026-06-01,12504.0,19610.0,-36.2,0.814,0.876,10.3,2.13,10.3,4.0,No moat,legacy_proxy
582,A016590,2026-06-01,6409.0,10100.0,-36.5,0.492,0.66,8.79,0.95,8.79,4.0,No moat,legacy_proxy
583,A149950,2026-06-01,9860.0,15680.0,-37.1,0.733,0.821,9.92,4.5,9.92,4.0,No moat,legacy_proxy
584,A024890,2026-06-01,2245.0,3570.0,-37.1,0.747,0.831,9.99,1.34,9.99,4.0,No moat,legacy_proxy
585,A104830,2026-06-01,27654.0,44050.0,-37.2,1.068,1.046,11.49,0.55,11.49,4.0,No moat,legacy_proxy
586,A009470,2026-06-01,25362.0,40450.0,-37.3,1.436,1.292,13.22,1.04,13.22,4.0,No moat,legacy_proxy
587,A012510,2026-06-01,73613.0,120000.0,-38.7,0.657,0.77,9.57,1.19,9.57,4.0,Some moat,legacy_proxy
588,A119610,2026-06-01,12677.0,20700.0,-38.8,0.47,0.645,8.69,1.56,8.69,4.0,Some moat,legacy_proxy
589,A033640,2026-06-01,21519.0,35300.0,-39.0,1.245,1.164,12.32,1.04,12.32,4.0,No moat,legacy_proxy
590,A080220,2026-06-01,66299.0,109700.0,-39.6,1.447,1.299,13.27,3.37,13.27,4.0,Some moat,legacy_proxy
591,A098120,2026-06-01,19918.0,33350.0,-40.3,1.389,1.261,13.0,0.65,13.0,4.0,Narrow moat,legacy_proxy
592,A014620,2026-06-01,19300.0,32550.0,-40.7,0.868,0.911,10.55,0.72,10.55,4.0,No moat,legacy_proxy
593,A056090,2026-06-01,870.0,1479.0,-41.2,0.688,0.791,9.71,2.17,9.71,4.0,No moat,legacy_proxy
594,A017180,2026-06-01,871.0,1495.0,-41.7,0.687,0.791,9.71,1.29,9.71,4.0,No moat,legacy_proxy
595,A100090,2026-06-01,10043.0,17250.0,-41.8,0.858,0.905,10.51,2.21,10.51,4.0,No moat,legacy_proxy
596,A004800,2026-06-01,117381.0,202000.0,-41.9,0.974,0.983,11.05,0.67,11.05,4.0,No moat,legacy_proxy
597,A004560,2026-06-01,8609.0,15080.0,-42.9,0.966,0.977,11.01,2.67,11.01,4.0,No moat,legacy_proxy
598,A002220,2026-06-01,2898.0,5090.0,-43.1,0.621,0.746,9.4,1.0,9.4,4.0,No moat,legacy_proxy
599,A010130,2026-06-01,762875.0,1365000.0,-44.1,0.794,0.862,10.21,0.59,10.21,4.0,No moat,legacy_proxy
600,A067000,2026-06-01,831.0,1500.0,-44.6,0.955,0.97,10.96,1.02,10.96,4.0,No moat,legacy_proxy
