연령대,ageCd,natCd,국가,관광객수,입국항,portCd,rnum,성별,sexCd,여행목적,traPurpCd,년월
승무원,99,112,중  국,1377,제  주,CJ,1,승무원,C,기타,99,202401
승무원,99,112,중  국,1390,제주항,CS,2,승무원,C,기타,99,202401
승무원,99,112,중  국,10,당진항,DJ,3,승무원,C,기타,99,202401
승무원,99,112,중  국,215,감천항,GC,4,승무원,C,기타,99,202401
승무원,99,112,중  국,4,김포공항,GP,5,승무원,C,기타,99,202401
승무원,99,112,중  국,1730,인천공항,IA,6,승무원,C,기타,99,202401
승무원,99,112,중  국,483,인천항,IC,7,승무원,C,기타,99,202401
승무원,99,112,중  국,3111,서귀포항,JS,8,승무원,C,기타,99,202401
승무원,99,112,중  국,3,김해공항,KH,9,승무원,C,기타,99,202401
승무원,99,112,중  국,114,군산항,KS,10,승무원,C,기타,99,202401
승무원,99,112,중  국,197,광양항,KY,11,승무원,C,기타,99,202401
승무원,99,112,중  국,12,목포항,MP,12,승무원,C,기타,99,202401
승무원,99,112,중  국,98,마산항,MS,13,승무원,C,기타,99,202401
승무원,99,112,중  국,153,포항항,PH,14,승무원,C,기타,99,202401
승무원,99,112,중  국,517,부산항,PS,15,승무원,C,기타,99,202401
승무원,99,112,중  국,58,평택항,PT,16,승무원,C,기타,99,202401
승무원,99,112,중  국,163,사천항,SC,17,승무원,C,기타,99,202401
승무원,99,112,중  국,220,동해항,TH,18,승무원,C,기타,99,202401
승무원,99,112,중  국,12,대산항,TS,19,승무원,C,기타,99,202401
승무원,99,112,중  국,103,울산항,US,20,승무원,C,기타,99,202401
승무원,99,112,중  국,24,여수항,YS,21,승무원,C,기타,99,202401
0 - 10,10,112,중  국,1,제  주,CJ,22,여성,F,공용,01,202401
0 - 10,10,112,중  국,1063,제  주,CJ,23,여성,F,관광,02,202401
11 - 20,20,112,중  국,2635,제  주,CJ,24,여성,F,관광,02,202401
21 - 30,30,112,중  국,18382,제  주,CJ,25,여성,F,관광,02,202401
31 - 40,40,112,중  국,9835,제  주,CJ,26,여성,F,관광,02,202401
41 - 50,50,112,중  국,3069,제  주,CJ,27,여성,F,관광,02,202401
51 - 60,60,112,중  국,1523,제  주,CJ,28,여성,F,관광,02,202401
61 - 70,70,112,중  국,786,제  주,CJ,29,여성,F,관광,02,202401
71 -,80,112,중  국,171,제  주,CJ,30,여성,F,관광,02,202401
21 - 30,30,112,중  국,2,제  주,CJ,31,여성,F,상용,03,202401
31 - 40,40,112,중  국,5,제  주,CJ,32,여성,F,상용,03,202401
41 - 50,50,112,중  국,3,제  주,CJ,33,여성,F,상용,03,202401
0 - 10,10,112,중  국,1,제  주,CJ,34,여성,F,유학연수,05,202401
11 - 20,20,112,중  국,5,제  주,CJ,35,여성,F,유학연수,05,202401
21 - 30,30,112,중  국,61,제  주,CJ,36,여성,F,유학연수,05,202401
31 - 40,40,112,중  국,10,제  주,CJ,37,여성,F,유학연수,05,202401
41 - 50,50,112,중  국,1,제  주,CJ,38,여성,F,유학연수,05,202401
0 - 10,10,112,중  국,0,제  주,CJ,39,여성,F,기타,99,202401
11 - 20,20,112,중  국,2,제  주,CJ,40,여성,F,기타,99,202401
21 - 30,30,112,중  국,31,제  주,CJ,41,여성,F,기타,99,202401
31 - 40,40,112,중  국,71,제  주,CJ,42,여성,F,기타,99,202401
41 - 50,50,112,중  국,78,제  주,CJ,43,여성,F,기타,99,202401
51 - 60,60,112,중  국,15,제  주,CJ,44,여성,F,기타,99,202401
61 - 70,70,112,중  국,7,제  주,CJ,45,여성,F,기타,99,202401
71 -,80,112,중  국,6,제  주,CJ,46,여성,F,기타,99,202401
0 - 10,10,112,중  국,274,제주항,CS,47,여성,F,관광,02,202401
11 - 20,20,112,중  국,245,제주항,CS,48,여성,F,관광,02,202401
21 - 30,30,112,중  국,156,제주항,CS,49,여성,F,관광,02,202401
31 - 40,40,112,중  국,496,제주항,CS,50,여성,F,관광,02,202401
41 - 50,50,112,중  국,532,제주항,CS,51,여성,F,관광,02,202401
51 - 60,60,112,중  국,559,제주항,CS,52,여성,F,관광,02,202401
61 - 70,70,112,중  국,1098,제주항,CS,53,여성,F,관광,02,202401
71 -,80,112,중  국,357,제주항,CS,54,여성,F,관광,02,202401
0 - 10,10,112,중  국,11,청주공항,CU,55,여성,F,관광,02,202401
11 - 20,20,112,중  국,35,청주공항,CU,56,여성,F,관광,02,202401
21 - 30,30,112,중  국,8,청주공항,CU,57,여성,F,관광,02,202401
31 - 40,40,112,중  국,9,청주공항,CU,58,여성,F,관광,02,202401
41 - 50,50,112,중  국,8,청주공항,CU,59,여성,F,관광,02,202401
51 - 60,60,112,중  국,8,청주공항,CU,60,여성,F,관광,02,202401
61 - 70,70,112,중  국,5,청주공항,CU,61,여성,F,관광,02,202401
71 -,80,112,중  국,4,청주공항,CU,62,여성,F,관광,02,202401
21 - 30,30,112,중  국,6,청주공항,CU,63,여성,F,유학연수,05,202401
31 - 40,40,112,중  국,1,청주공항,CU,64,여성,F,유학연수,05,202401
21 - 30,30,112,중  국,3,청주공항,CU,65,여성,F,기타,99,202401
31 - 40,40,112,중  국,15,청주공항,CU,66,여성,F,기타,99,202401
41 - 50,50,112,중  국,10,청주공항,CU,67,여성,F,기타,99,202401
51 - 60,60,112,중  국,28,청주공항,CU,68,여성,F,기타,99,202401
61 - 70,70,112,중  국,37,청주공항,CU,69,여성,F,기타,99,202401
71 -,80,112,중  국,18,청주공항,CU,70,여성,F,기타,99,202401
11 - 20,20,112,중  국,1,김포공항,GP,71,여성,F,공용,01,202401
31 - 40,40,112,중  국,2,김포공항,GP,72,여성,F,공용,01,202401
41 - 50,50,112,중  국,3,김포공항,GP,73,여성,F,공용,01,202401
0 - 10,10,112,중  국,193,김포공항,GP,74,여성,F,관광,02,202401
11 - 20,20,112,중  국,571,김포공항,GP,75,여성,F,관광,02,202401
21 - 30,30,112,중  국,2844,김포공항,GP,76,여성,F,관광,02,202401
31 - 40,40,112,중  국,3026,김포공항,GP,77,여성,F,관광,02,202401
41 - 50,50,112,중  국,1141,김포공항,GP,78,여성,F,관광,02,202401
51 - 60,60,112,중  국,372,김포공항,GP,79,여성,F,관광,02,202401
61 - 70,70,112,중  국,135,김포공항,GP,80,여성,F,관광,02,202401
71 -,80,112,중  국,28,김포공항,GP,81,여성,F,관광,02,202401
21 - 30,30,112,중  국,17,김포공항,GP,82,여성,F,상용,03,202401
31 - 40,40,112,중  국,34,김포공항,GP,83,여성,F,상용,03,202401
41 - 50,50,112,중  국,19,김포공항,GP,84,여성,F,상용,03,202401
51 - 60,60,112,중  국,6,김포공항,GP,85,여성,F,상용,03,202401
11 - 20,20,112,중  국,28,김포공항,GP,86,여성,F,유학연수,05,202401
21 - 30,30,112,중  국,307,김포공항,GP,87,여성,F,유학연수,05,202401
31 - 40,40,112,중  국,44,김포공항,GP,88,여성,F,유학연수,05,202401
41 - 50,50,112,중  국,9,김포공항,GP,89,여성,F,유학연수,05,202401
0 - 10,10,112,중  국,3,김포공항,GP,90,여성,F,기타,99,202401
11 - 20,20,112,중  국,13,김포공항,GP,91,여성,F,기타,99,202401
21 - 30,30,112,중  국,104,김포공항,GP,92,여성,F,기타,99,202401
31 - 40,40,112,중  국,162,김포공항,GP,93,여성,F,기타,99,202401
41 - 50,50,112,중  국,109,김포공항,GP,94,여성,F,기타,99,202401
51 - 60,60,112,중  국,61,김포공항,GP,95,여성,F,기타,99,202401
61 - 70,70,112,중  국,73,김포공항,GP,96,여성,F,기타,99,202401
71 -,80,112,중  국,22,김포공항,GP,97,여성,F,기타,99,202401
0 - 10,10,112,중  국,1,인천공항,IA,98,여성,F,공용,01,202401
21 - 30,30,112,중  국,3,인천공항,IA,99,여성,F,공용,01,202401
31 - 40,40,112,중  국,17,인천공항,IA,100,여성,F,공용,01,202401
41 - 50,50,112,중  국,8,인천공항,IA,101,여성,F,공용,01,202401
51 - 60,60,112,중  국,9,인천공항,IA,102,여성,F,공용,01,202401
61 - 70,70,112,중  국,1,인천공항,IA,103,여성,F,공용,01,202401
0 - 10,10,112,중  국,2410,인천공항,IA,104,여성,F,관광,02,202401
11 - 20,20,112,중  국,6779,인천공항,IA,105,여성,F,관광,02,202401
21 - 30,30,112,중  국,24002,인천공항,IA,106,여성,F,관광,02,202401
31 - 40,40,112,중  국,25353,인천공항,IA,107,여성,F,관광,02,202401
41 - 50,50,112,중  국,10397,인천공항,IA,108,여성,F,관광,02,202401
51 - 60,60,112,중  국,4645,인천공항,IA,109,여성,F,관광,02,202401
61 - 70,70,112,중  국,1761,인천공항,IA,110,여성,F,관광,02,202401
71 -,80,112,중  국,530,인천공항,IA,111,여성,F,관광,02,202401
21 - 30,30,112,중  국,84,인천공항,IA,112,여성,F,상용,03,202401
31 - 40,40,112,중  국,216,인천공항,IA,113,여성,F,상용,03,202401
41 - 50,50,112,중  국,147,인천공항,IA,114,여성,F,상용,03,202401
51 - 60,60,112,중  국,42,인천공항,IA,115,여성,F,상용,03,202401
61 - 70,70,112,중  국,4,인천공항,IA,116,여성,F,상용,03,202401
11 - 20,20,112,중  국,247,인천공항,IA,117,여성,F,유학연수,05,202401
21 - 30,30,112,중  국,3218,인천공항,IA,118,여성,F,유학연수,05,202401
31 - 40,40,112,중  국,483,인천공항,IA,119,여성,F,유학연수,05,202401
41 - 50,50,112,중  국,94,인천공항,IA,120,여성,F,유학연수,05,202401
51 - 60,60,112,중  국,2,인천공항,IA,121,여성,F,유학연수,05,202401
0 - 10,10,112,중  국,57,인천공항,IA,122,여성,F,기타,99,202401
11 - 20,20,112,중  국,232,인천공항,IA,123,여성,F,기타,99,202401
21 - 30,30,112,중  국,1469,인천공항,IA,124,여성,F,기타,99,202401
31 - 40,40,112,중  국,2883,인천공항,IA,125,여성,F,기타,99,202401
41 - 50,50,112,중  국,1867,인천공항,IA,126,여성,F,기타,99,202401
51 - 60,60,112,중  국,2339,인천공항,IA,127,여성,F,기타,99,202401
61 - 70,70,112,중  국,2292,인천공항,IA,128,여성,F,기타,99,202401
71 -,80,112,중  국,871,인천공항,IA,129,여성,F,기타,99,202401
0 - 10,10,112,중  국,163,인천항,IC,130,여성,F,관광,02,202401
11 - 20,20,112,중  국,494,인천항,IC,131,여성,F,관광,02,202401
21 - 30,30,112,중  국,235,인천항,IC,132,여성,F,관광,02,202401
31 - 40,40,112,중  국,485,인천항,IC,133,여성,F,관광,02,202401
41 - 50,50,112,중  국,681,인천항,IC,134,여성,F,관광,02,202401
51 - 60,60,112,중  국,1345,인천항,IC,135,여성,F,관광,02,202401
61 - 70,70,112,중  국,1692,인천항,IC,136,여성,F,관광,02,202401
71 -,80,112,중  국,357,인천항,IC,137,여성,F,관광,02,202401
21 - 30,30,112,중  국,3,인천항,IC,138,여성,F,유학연수,05,202401
21 - 30,30,112,중  국,6,인천항,IC,139,여성,F,기타,99,202401
31 - 40,40,112,중  국,1,인천항,IC,140,여성,F,기타,99,202401
41 - 50,50,112,중  국,8,인천항,IC,141,여성,F,기타,99,202401
51 - 60,60,112,중  국,36,인천항,IC,142,여성,F,기타,99,202401
61 - 70,70,112,중  국,13,인천항,IC,143,여성,F,기타,99,202401
71 -,80,112,중  국,5,인천항,IC,144,여성,F,기타,99,202401
0 - 10,10,112,중  국,505,서귀포항,JS,145,여성,F,관광,02,202401
11 - 20,20,112,중  국,324,서귀포항,JS,146,여성,F,관광,02,202401
21 - 30,30,112,중  국,601,서귀포항,JS,147,여성,F,관광,02,202401
31 - 40,40,112,중  국,1188,서귀포항,JS,148,여성,F,관광,02,202401
41 - 50,50,112,중  국,971,서귀포항,JS,149,여성,F,관광,02,202401
51 - 60,60,112,중  국,2043,서귀포항,JS,150,여성,F,관광,02,202401
61 - 70,70,112,중  국,4034,서귀포항,JS,151,여성,F,관광,02,202401
71 -,80,112,중  국,1586,서귀포항,JS,152,여성,F,관광,02,202401
31 - 40,40,112,중  국,1,김해공항,KH,153,여성,F,공용,01,202401
0 - 10,10,112,중  국,109,김해공항,KH,154,여성,F,관광,02,202401
11 - 20,20,112,중  국,230,김해공항,KH,155,여성,F,관광,02,202401
21 - 30,30,112,중  국,550,김해공항,KH,156,여성,F,관광,02,202401
31 - 40,40,112,중  국,517,김해공항,KH,157,여성,F,관광,02,202401
41 - 50,50,112,중  국,362,김해공항,KH,158,여성,F,관광,02,202401
51 - 60,60,112,중  국,164,김해공항,KH,159,여성,F,관광,02,202401
61 - 70,70,112,중  국,68,김해공항,KH,160,여성,F,관광,02,202401
71 -,80,112,중  국,22,김해공항,KH,161,여성,F,관광,02,202401
21 - 30,30,112,중  국,3,김해공항,KH,162,여성,F,상용,03,202401
31 - 40,40,112,중  국,13,김해공항,KH,163,여성,F,상용,03,202401
41 - 50,50,112,중  국,14,김해공항,KH,164,여성,F,상용,03,202401
51 - 60,60,112,중  국,3,김해공항,KH,165,여성,F,상용,03,202401
61 - 70,70,112,중  국,1,김해공항,KH,166,여성,F,상용,03,202401
11 - 20,20,112,중  국,4,김해공항,KH,167,여성,F,유학연수,05,202401
21 - 30,30,112,중  국,114,김해공항,KH,168,여성,F,유학연수,05,202401
31 - 40,40,112,중  국,25,김해공항,KH,169,여성,F,유학연수,05,202401
41 - 50,50,112,중  국,6,김해공항,KH,170,여성,F,유학연수,05,202401
0 - 10,10,112,중  국,6,김해공항,KH,171,여성,F,기타,99,202401
11 - 20,20,112,중  국,14,김해공항,KH,172,여성,F,기타,99,202401
21 - 30,30,112,중  국,35,김해공항,KH,173,여성,F,기타,99,202401
31 - 40,40,112,중  국,74,김해공항,KH,174,여성,F,기타,99,202401
41 - 50,50,112,중  국,73,김해공항,KH,175,여성,F,기타,99,202401
51 - 60,60,112,중  국,94,김해공항,KH,176,여성,F,기타,99,202401
61 - 70,70,112,중  국,60,김해공항,KH,177,여성,F,기타,99,202401
71 -,80,112,중  국,29,김해공항,KH,178,여성,F,기타,99,202401
0 - 10,10,112,중  국,1,군산항,KS,179,여성,F,관광,02,202401
31 - 40,40,112,중  국,15,군산항,KS,180,여성,F,관광,02,202401
41 - 50,50,112,중  국,83,군산항,KS,181,여성,F,관광,02,202401
51 - 60,60,112,중  국,436,군산항,KS,182,여성,F,관광,02,202401
61 - 70,70,112,중  국,582,군산항,KS,183,여성,F,관광,02,202401
71 -,80,112,중  국,2,군산항,KS,184,여성,F,관광,02,202401
0 - 10,10,112,중  국,1,군산항,KS,185,여성,F,기타,99,202401
31 - 40,40,112,중  국,2,군산항,KS,186,여성,F,기타,99,202401
71 -,80,112,중  국,1,군산항,KS,187,여성,F,기타,99,202401
41 - 50,50,112,중  국,1,무안공항,MA,188,여성,F,기타,99,202401
21 - 30,30,112,중  국,1,부산항,PS,189,여성,F,관광,02,202401
31 - 40,40,112,중  국,1,부산항,PS,190,여성,F,관광,02,202401
61 - 70,70,112,중  국,2,부산항,PS,191,여성,F,관광,02,202401
31 - 40,40,112,중  국,1,부산항,PS,192,여성,F,기타,99,202401
51 - 60,60,112,중  국,1,부산항,PS,193,여성,F,기타,99,202401
0 - 10,10,112,중  국,4,평택항,PT,194,여성,F,관광,02,202401
11 - 20,20,112,중  국,7,평택항,PT,195,여성,F,관광,02,202401
21 - 30,30,112,중  국,32,평택항,PT,196,여성,F,관광,02,202401
31 - 40,40,112,중  국,76,평택항,PT,197,여성,F,관광,02,202401
41 - 50,50,112,중  국,194,평택항,PT,198,여성,F,관광,02,202401
51 - 60,60,112,중  국,787,평택항,PT,199,여성,F,관광,02,202401
61 - 70,70,112,중  국,1749,평택항,PT,200,여성,F,관광,02,202401
71 -,80,112,중  국,732,평택항,PT,201,여성,F,관광,02,202401
51 - 60,60,112,중  국,6,평택항,PT,202,여성,F,기타,99,202401
71 -,80,112,중  국,25,평택항,PT,203,여성,F,기타,99,202401
0 - 10,10,112,중  국,7,대구공항,TG,204,여성,F,관광,02,202401
11 - 20,20,112,중  국,9,대구공항,TG,205,여성,F,관광,02,202401
21 - 30,30,112,중  국,25,대구공항,TG,206,여성,F,관광,02,202401
31 - 40,40,112,중  국,39,대구공항,TG,207,여성,F,관광,02,202401
41 - 50,50,112,중  국,27,대구공항,TG,208,여성,F,관광,02,202401
51 - 60,60,112,중  국,14,대구공항,TG,209,여성,F,관광,02,202401
61 - 70,70,112,중  국,6,대구공항,TG,210,여성,F,관광,02,202401
71 -,80,112,중  국,2,대구공항,TG,211,여성,F,관광,02,202401
21 - 30,30,112,중  국,1,대구공항,TG,212,여성,F,상용,03,202401
31 - 40,40,112,중  국,4,대구공항,TG,213,여성,F,상용,03,202401
41 - 50,50,112,중  국,2,대구공항,TG,214,여성,F,상용,03,202401
11 - 20,20,112,중  국,2,대구공항,TG,215,여성,F,유학연수,05,202401
21 - 30,30,112,중  국,25,대구공항,TG,216,여성,F,유학연수,05,202401
31 - 40,40,112,중  국,10,대구공항,TG,217,여성,F,유학연수,05,202401
41 - 50,50,112,중  국,4,대구공항,TG,218,여성,F,유학연수,05,202401
0 - 10,10,112,중  국,1,대구공항,TG,219,여성,F,기타,99,202401
11 - 20,20,112,중  국,1,대구공항,TG,220,여성,F,기타,99,202401
21 - 30,30,112,중  국,4,대구공항,TG,221,여성,F,기타,99,202401
31 - 40,40,112,중  국,8,대구공항,TG,222,여성,F,기타,99,202401
41 - 50,50,112,중  국,4,대구공항,TG,223,여성,F,기타,99,202401
51 - 60,60,112,중  국,4,대구공항,TG,224,여성,F,기타,99,202401
61 - 70,70,112,중  국,4,대구공항,TG,225,여성,F,기타,99,202401
71 -,80,112,중  국,4,대구공항,TG,226,여성,F,기타,99,202401
0 - 10,10,112,중  국,994,제  주,CJ,227,남성,M,관광,02,202401
11 - 20,20,112,중  국,1471,제  주,CJ,228,남성,M,관광,02,202401
21 - 30,30,112,중  국,6515,제  주,CJ,229,남성,M,관광,02,202401
31 - 40,40,112,중  국,4387,제  주,CJ,230,남성,M,관광,02,202401
41 - 50,50,112,중  국,1887,제  주,CJ,231,남성,M,관광,02,202401
51 - 60,60,112,중  국,819,제  주,CJ,232,남성,M,관광,02,202401
61 - 70,70,112,중  국,545,제  주,CJ,233,남성,M,관광,02,202401
71 -,80,112,중  국,152,제  주,CJ,234,남성,M,관광,02,202401
21 - 30,30,112,중  국,7,제  주,CJ,235,남성,M,상용,03,202401
31 - 40,40,112,중  국,10,제  주,CJ,236,남성,M,상용,03,202401
41 - 50,50,112,중  국,10,제  주,CJ,237,남성,M,상용,03,202401
51 - 60,60,112,중  국,2,제  주,CJ,238,남성,M,상용,03,202401
61 - 70,70,112,중  국,3,제  주,CJ,239,남성,M,상용,03,202401
71 -,80,112,중  국,1,제  주,CJ,240,남성,M,상용,03,202401
0 - 10,10,112,중  국,1,제  주,CJ,241,남성,M,유학연수,05,202401
11 - 20,20,112,중  국,6,제  주,CJ,242,남성,M,유학연수,05,202401
21 - 30,30,112,중  국,25,제  주,CJ,243,남성,M,유학연수,05,202401
31 - 40,40,112,중  국,7,제  주,CJ,244,남성,M,유학연수,05,202401
41 - 50,50,112,중  국,1,제  주,CJ,245,남성,M,유학연수,05,202401
0 - 10,10,112,중  국,0,제  주,CJ,246,남성,M,기타,99,202401
11 - 20,20,112,중  국,2,제  주,CJ,247,남성,M,기타,99,202401
21 - 30,30,112,중  국,23,제  주,CJ,248,남성,M,기타,99,202401
31 - 40,40,112,중  국,57,제  주,CJ,249,남성,M,기타,99,202401
41 - 50,50,112,중  국,35,제  주,CJ,250,남성,M,기타,99,202401
51 - 60,60,112,중  국,20,제  주,CJ,251,남성,M,기타,99,202401
61 - 70,70,112,중  국,9,제  주,CJ,252,남성,M,기타,99,202401
0 - 10,10,112,중  국,318,제주항,CS,253,남성,M,관광,02,202401
11 - 20,20,112,중  국,235,제주항,CS,254,남성,M,관광,02,202401
21 - 30,30,112,중  국,105,제주항,CS,255,남성,M,관광,02,202401
31 - 40,40,112,중  국,302,제주항,CS,256,남성,M,관광,02,202401
41 - 50,50,112,중  국,335,제주항,CS,257,남성,M,관광,02,202401
51 - 60,60,112,중  국,268,제주항,CS,258,남성,M,관광,02,202401
61 - 70,70,112,중  국,777,제주항,CS,259,남성,M,관광,02,202401
71 -,80,112,중  국,336,제주항,CS,260,남성,M,관광,02,202401
0 - 10,10,112,중  국,6,청주공항,CU,261,남성,M,관광,02,202401
11 - 20,20,112,중  국,17,청주공항,CU,262,남성,M,관광,02,202401
21 - 30,30,112,중  국,9,청주공항,CU,263,남성,M,관광,02,202401
31 - 40,40,112,중  국,3,청주공항,CU,264,남성,M,관광,02,202401
41 - 50,50,112,중  국,4,청주공항,CU,265,남성,M,관광,02,202401
51 - 60,60,112,중  국,1,청주공항,CU,266,남성,M,관광,02,202401
61 - 70,70,112,중  국,3,청주공항,CU,267,남성,M,관광,02,202401
71 -,80,112,중  국,3,청주공항,CU,268,남성,M,관광,02,202401
31 - 40,40,112,중  국,1,청주공항,CU,269,남성,M,상용,03,202401
21 - 30,30,112,중  국,1,청주공항,CU,270,남성,M,유학연수,05,202401
0 - 10,10,112,중  국,1,청주공항,CU,271,남성,M,기타,99,202401
11 - 20,20,112,중  국,3,청주공항,CU,272,남성,M,기타,99,202401
21 - 30,30,112,중  국,5,청주공항,CU,273,남성,M,기타,99,202401
31 - 40,40,112,중  국,12,청주공항,CU,274,남성,M,기타,99,202401
41 - 50,50,112,중  국,6,청주공항,CU,275,남성,M,기타,99,202401
51 - 60,60,112,중  국,24,청주공항,CU,276,남성,M,기타,99,202401
61 - 70,70,112,중  국,28,청주공항,CU,277,남성,M,기타,99,202401
71 -,80,112,중  국,10,청주공항,CU,278,남성,M,기타,99,202401
21 - 30,30,112,중  국,2,김포공항,GP,279,남성,M,공용,01,202401
31 - 40,40,112,중  국,3,김포공항,GP,280,남성,M,공용,01,202401
51 - 60,60,112,중  국,2,김포공항,GP,281,남성,M,공용,01,202401
0 - 10,10,112,중  국,173,김포공항,GP,282,남성,M,관광,02,202401
11 - 20,20,112,중  국,246,김포공항,GP,283,남성,M,관광,02,202401
21 - 30,30,112,중  국,788,김포공항,GP,284,남성,M,관광,02,202401
31 - 40,40,112,중  국,1223,김포공항,GP,285,남성,M,관광,02,202401
41 - 50,50,112,중  국,928,김포공항,GP,286,남성,M,관광,02,202401
51 - 60,60,112,중  국,293,김포공항,GP,287,남성,M,관광,02,202401
61 - 70,70,112,중  국,104,김포공항,GP,288,남성,M,관광,02,202401
71 -,80,112,중  국,16,김포공항,GP,289,남성,M,관광,02,202401
11 - 20,20,112,중  국,1,김포공항,GP,290,남성,M,상용,03,202401
21 - 30,30,112,중  국,12,김포공항,GP,291,남성,M,상용,03,202401
31 - 40,40,112,중  국,85,김포공항,GP,292,남성,M,상용,03,202401
41 - 50,50,112,중  국,80,김포공항,GP,293,남성,M,상용,03,202401
51 - 60,60,112,중  국,27,김포공항,GP,294,남성,M,상용,03,202401
61 - 70,70,112,중  국,5,김포공항,GP,295,남성,M,상용,03,202401
71 -,80,112,중  국,1,김포공항,GP,296,남성,M,상용,03,202401
11 - 20,20,112,중  국,10,김포공항,GP,297,남성,M,유학연수,05,202401
21 - 30,30,112,중  국,108,김포공항,GP,298,남성,M,유학연수,05,202401
31 - 40,40,112,중  국,25,김포공항,GP,299,남성,M,유학연수,05,202401
41 - 50,50,112,중  국,12,김포공항,GP,300,남성,M,유학연수,05,202401
0 - 10,10,112,중  국,3,김포공항,GP,301,남성,M,기타,99,202401
11 - 20,20,112,중  국,9,김포공항,GP,302,남성,M,기타,99,202401
21 - 30,30,112,중  국,50,김포공항,GP,303,남성,M,기타,99,202401
31 - 40,40,112,중  국,192,김포공항,GP,304,남성,M,기타,99,202401
41 - 50,50,112,중  국,167,김포공항,GP,305,남성,M,기타,99,202401
51 - 60,60,112,중  국,75,김포공항,GP,306,남성,M,기타,99,202401
61 - 70,70,112,중  국,44,김포공항,GP,307,남성,M,기타,99,202401
71 -,80,112,중  국,16,김포공항,GP,308,남성,M,기타,99,202401
31 - 40,40,112,중  국,9,인천공항,IA,309,남성,M,공용,01,202401
41 - 50,50,112,중  국,19,인천공항,IA,310,남성,M,공용,01,202401
51 - 60,60,112,중  국,10,인천공항,IA,311,남성,M,공용,01,202401
0 - 10,10,112,중  국,2469,인천공항,IA,312,남성,M,관광,02,202401
11 - 20,20,112,중  국,4245,인천공항,IA,313,남성,M,관광,02,202401
21 - 30,30,112,중  국,7727,인천공항,IA,314,남성,M,관광,02,202401
31 - 40,40,112,중  국,11153,인천공항,IA,315,남성,M,관광,02,202401
41 - 50,50,112,중  국,7082,인천공항,IA,316,남성,M,관광,02,202401
51 - 60,60,112,중  국,3655,인천공항,IA,317,남성,M,관광,02,202401
61 - 70,70,112,중  국,1553,인천공항,IA,318,남성,M,관광,02,202401
71 -,80,112,중  국,332,인천공항,IA,319,남성,M,관광,02,202401
21 - 30,30,112,중  국,216,인천공항,IA,320,남성,M,상용,03,202401
31 - 40,40,112,중  국,643,인천공항,IA,321,남성,M,상용,03,202401
41 - 50,50,112,중  국,523,인천공항,IA,322,남성,M,상용,03,202401
51 - 60,60,112,중  국,183,인천공항,IA,323,남성,M,상용,03,202401
61 - 70,70,112,중  국,24,인천공항,IA,324,남성,M,상용,03,202401
71 -,80,112,중  국,3,인천공항,IA,325,남성,M,상용,03,202401
11 - 20,20,112,중  국,102,인천공항,IA,326,남성,M,유학연수,05,202401
21 - 30,30,112,중  국,1588,인천공항,IA,327,남성,M,유학연수,05,202401
31 - 40,40,112,중  국,327,인천공항,IA,328,남성,M,유학연수,05,202401
41 - 50,50,112,중  국,74,인천공항,IA,329,남성,M,유학연수,05,202401
51 - 60,60,112,중  국,5,인천공항,IA,330,남성,M,유학연수,05,202401
0 - 10,10,112,중  국,89,인천공항,IA,331,남성,M,기타,99,202401
11 - 20,20,112,중  국,206,인천공항,IA,332,남성,M,기타,99,202401
21 - 30,30,112,중  국,1240,인천공항,IA,333,남성,M,기타,99,202401
31 - 40,40,112,중  국,3022,인천공항,IA,334,남성,M,기타,99,202401
41 - 50,50,112,중  국,2366,인천공항,IA,335,남성,M,기타,99,202401
51 - 60,60,112,중  국,2458,인천공항,IA,336,남성,M,기타,99,202401
61 - 70,70,112,중  국,2244,인천공항,IA,337,남성,M,기타,99,202401
71 -,80,112,중  국,617,인천공항,IA,338,남성,M,기타,99,202401
0 - 10,10,112,중  국,136,인천항,IC,339,남성,M,관광,02,202401
11 - 20,20,112,중  국,640,인천항,IC,340,남성,M,관광,02,202401
21 - 30,30,112,중  국,160,인천항,IC,341,남성,M,관광,02,202401
31 - 40,40,112,중  국,421,인천항,IC,342,남성,M,관광,02,202401
41 - 50,50,112,중  국,834,인천항,IC,343,남성,M,관광,02,202401
51 - 60,60,112,중  국,1270,인천항,IC,344,남성,M,관광,02,202401
61 - 70,70,112,중  국,1753,인천항,IC,345,남성,M,관광,02,202401
71 -,80,112,중  국,760,인천항,IC,346,남성,M,관광,02,202401
31 - 40,40,112,중  국,1,인천항,IC,347,남성,M,상용,03,202401
41 - 50,50,112,중  국,3,인천항,IC,348,남성,M,상용,03,202401
51 - 60,60,112,중  국,1,인천항,IC,349,남성,M,상용,03,202401
21 - 30,30,112,중  국,6,인천항,IC,350,남성,M,유학연수,05,202401
31 - 40,40,112,중  국,3,인천항,IC,351,남성,M,유학연수,05,202401
21 - 30,30,112,중  국,2,인천항,IC,352,남성,M,기타,99,202401
31 - 40,40,112,중  국,4,인천항,IC,353,남성,M,기타,99,202401
41 - 50,50,112,중  국,11,인천항,IC,354,남성,M,기타,99,202401
51 - 60,60,112,중  국,25,인천항,IC,355,남성,M,기타,99,202401
61 - 70,70,112,중  국,19,인천항,IC,356,남성,M,기타,99,202401
71 -,80,112,중  국,39,인천항,IC,357,남성,M,기타,99,202401
0 - 10,10,112,중  국,537,서귀포항,JS,358,남성,M,관광,02,202401
11 - 20,20,112,중  국,282,서귀포항,JS,359,남성,M,관광,02,202401
21 - 30,30,112,중  국,479,서귀포항,JS,360,남성,M,관광,02,202401
31 - 40,40,112,중  국,913,서귀포항,JS,361,남성,M,관광,02,202401
41 - 50,50,112,중  국,762,서귀포항,JS,362,남성,M,관광,02,202401
51 - 60,60,112,중  국,891,서귀포항,JS,363,남성,M,관광,02,202401
61 - 70,70,112,중  국,3292,서귀포항,JS,364,남성,M,관광,02,202401
71 -,80,112,중  국,1771,서귀포항,JS,365,남성,M,관광,02,202401
41 - 50,50,112,중  국,1,서귀포항,JS,366,남성,M,기타,99,202401
41 - 50,50,112,중  국,1,김해공항,KH,367,남성,M,공용,01,202401
51 - 60,60,112,중  국,0,김해공항,KH,368,남성,M,공용,01,202401
0 - 10,10,112,중  국,115,김해공항,KH,369,남성,M,관광,02,202401
11 - 20,20,112,중  국,199,김해공항,KH,370,남성,M,관광,02,202401
21 - 30,30,112,중  국,231,김해공항,KH,371,남성,M,관광,02,202401
31 - 40,40,112,중  국,514,김해공항,KH,372,남성,M,관광,02,202401
41 - 50,50,112,중  국,460,김해공항,KH,373,남성,M,관광,02,202401
51 - 60,60,112,중  국,203,김해공항,KH,374,남성,M,관광,02,202401
61 - 70,70,112,중  국,69,김해공항,KH,375,남성,M,관광,02,202401
71 -,80,112,중  국,26,김해공항,KH,376,남성,M,관광,02,202401
21 - 30,30,112,중  국,10,김해공항,KH,377,남성,M,상용,03,202401
31 - 40,40,112,중  국,71,김해공항,KH,378,남성,M,상용,03,202401
41 - 50,50,112,중  국,51,김해공항,KH,379,남성,M,상용,03,202401
51 - 60,60,112,중  국,20,김해공항,KH,380,남성,M,상용,03,202401
61 - 70,70,112,중  국,1,김해공항,KH,381,남성,M,상용,03,202401
11 - 20,20,112,중  국,1,김해공항,KH,382,남성,M,유학연수,05,202401
21 - 30,30,112,중  국,85,김해공항,KH,383,남성,M,유학연수,05,202401
31 - 40,40,112,중  국,27,김해공항,KH,384,남성,M,유학연수,05,202401
41 - 50,50,112,중  국,7,김해공항,KH,385,남성,M,유학연수,05,202401
51 - 60,60,112,중  국,1,김해공항,KH,386,남성,M,유학연수,05,202401
0 - 10,10,112,중  국,4,김해공항,KH,387,남성,M,기타,99,202401
11 - 20,20,112,중  국,7,김해공항,KH,388,남성,M,기타,99,202401
21 - 30,30,112,중  국,39,김해공항,KH,389,남성,M,기타,99,202401
31 - 40,40,112,중  국,93,김해공항,KH,390,남성,M,기타,99,202401
41 - 50,50,112,중  국,93,김해공항,KH,391,남성,M,기타,99,202401
51 - 60,60,112,중  국,86,김해공항,KH,392,남성,M,기타,99,202401
61 - 70,70,112,중  국,70,김해공항,KH,393,남성,M,기타,99,202401
71 -,80,112,중  국,26,김해공항,KH,394,남성,M,기타,99,202401
11 - 20,20,112,중  국,2,군산항,KS,395,남성,M,관광,02,202401
21 - 30,30,112,중  국,1,군산항,KS,396,남성,M,관광,02,202401
31 - 40,40,112,중  국,56,군산항,KS,397,남성,M,관광,02,202401
41 - 50,50,112,중  국,99,군산항,KS,398,남성,M,관광,02,202401
51 - 60,60,112,중  국,367,군산항,KS,399,남성,M,관광,02,202401
61 - 70,70,112,중  국,865,군산항,KS,400,남성,M,관광,02,202401
71 -,80,112,중  국,2,군산항,KS,401,남성,M,관광,02,202401
41 - 50,50,112,중  국,1,군산항,KS,402,남성,M,상용,03,202401
51 - 60,60,112,중  국,1,군산항,KS,403,남성,M,상용,03,202401
61 - 70,70,112,중  국,1,군산항,KS,404,남성,M,상용,03,202401
41 - 50,50,112,중  국,9,군산항,KS,405,남성,M,기타,99,202401
51 - 60,60,112,중  국,15,군산항,KS,406,남성,M,기타,99,202401
61 - 70,70,112,중  국,12,군산항,KS,407,남성,M,기타,99,202401
41 - 50,50,112,중  국,2,무안공항,MA,408,남성,M,기타,99,202401
51 - 60,60,112,중  국,1,무안공항,MA,409,남성,M,기타,99,202401
61 - 70,70,112,중  국,1,무안공항,MA,410,남성,M,기타,99,202401
31 - 40,40,112,중  국,1,마산항,MS,411,남성,M,관광,02,202401
51 - 60,60,112,중  국,1,마산항,MS,412,남성,M,관광,02,202401
41 - 50,50,112,중  국,0,포항항,PH,413,남성,M,관광,02,202401
0 - 10,10,112,중  국,1,부산항,PS,414,남성,M,관광,02,202401
21 - 30,30,112,중  국,2,부산항,PS,415,남성,M,관광,02,202401
31 - 40,40,112,중  국,2,부산항,PS,416,남성,M,관광,02,202401
41 - 50,50,112,중  국,2,부산항,PS,417,남성,M,관광,02,202401
61 - 70,70,112,중  국,1,부산항,PS,418,남성,M,관광,02,202401
31 - 40,40,112,중  국,1,부산항,PS,419,남성,M,상용,03,202401
21 - 30,30,112,중  국,0,부산항,PS,420,남성,M,기타,99,202401
31 - 40,40,112,중  국,1,부산항,PS,421,남성,M,기타,99,202401
0 - 10,10,112,중  국,3,평택항,PT,422,남성,M,관광,02,202401
11 - 20,20,112,중  국,18,평택항,PT,423,남성,M,관광,02,202401
21 - 30,30,112,중  국,53,평택항,PT,424,남성,M,관광,02,202401
31 - 40,40,112,중  국,173,평택항,PT,425,남성,M,관광,02,202401
41 - 50,50,112,중  국,339,평택항,PT,426,남성,M,관광,02,202401
51 - 60,60,112,중  국,477,평택항,PT,427,남성,M,관광,02,202401
61 - 70,70,112,중  국,2208,평택항,PT,428,남성,M,관광,02,202401
71 -,80,112,중  국,1001,평택항,PT,429,남성,M,관광,02,202401
31 - 40,40,112,중  국,1,평택항,PT,430,남성,M,기타,99,202401
61 - 70,70,112,중  국,34,평택항,PT,431,남성,M,기타,99,202401
71 -,80,112,중  국,22,평택항,PT,432,남성,M,기타,99,202401
0 - 10,10,112,중  국,9,대구공항,TG,433,남성,M,관광,02,202401
11 - 20,20,112,중  국,9,대구공항,TG,434,남성,M,관광,02,202401
21 - 30,30,112,중  국,16,대구공항,TG,435,남성,M,관광,02,202401
31 - 40,40,112,중  국,49,대구공항,TG,436,남성,M,관광,02,202401
41 - 50,50,112,중  국,59,대구공항,TG,437,남성,M,관광,02,202401
51 - 60,60,112,중  국,19,대구공항,TG,438,남성,M,관광,02,202401
61 - 70,70,112,중  국,4,대구공항,TG,439,남성,M,관광,02,202401
71 -,80,112,중  국,1,대구공항,TG,440,남성,M,관광,02,202401
21 - 30,30,112,중  국,2,대구공항,TG,441,남성,M,상용,03,202401
31 - 40,40,112,중  국,18,대구공항,TG,442,남성,M,상용,03,202401
41 - 50,50,112,중  국,13,대구공항,TG,443,남성,M,상용,03,202401
51 - 60,60,112,중  국,2,대구공항,TG,444,남성,M,상용,03,202401
11 - 20,20,112,중  국,1,대구공항,TG,445,남성,M,유학연수,05,202401
21 - 30,30,112,중  국,27,대구공항,TG,446,남성,M,유학연수,05,202401
31 - 40,40,112,중  국,2,대구공항,TG,447,남성,M,유학연수,05,202401
41 - 50,50,112,중  국,2,대구공항,TG,448,남성,M,유학연수,05,202401
0 - 10,10,112,중  국,1,대구공항,TG,449,남성,M,기타,99,202401
21 - 30,30,112,중  국,3,대구공항,TG,450,남성,M,기타,99,202401
31 - 40,40,112,중  국,11,대구공항,TG,451,남성,M,기타,99,202401
41 - 50,50,112,중  국,6,대구공항,TG,452,남성,M,기타,99,202401
51 - 60,60,112,중  국,3,대구공항,TG,453,남성,M,기타,99,202401
61 - 70,70,112,중  국,4,대구공항,TG,454,남성,M,기타,99,202401
31 - 40,40,112,중  국,0,동해항,TH,455,남성,M,상용,03,202401
21 - 30,30,112,중  국,0,울산항,US,456,남성,M,관광,02,202401
31 - 40,40,112,중  국,0,울산항,US,457,남성,M,관광,02,202401
21 - 30,30,112,중  국,0,여수항,YS,458,남성,M,관광,02,202401
41 - 50,50,112,중  국,0,여수항,YS,459,남성,M,관광,02,202401
